"","psi[1].mean","psi[2].mean","psi[3].mean","X.mean","N.mean","mu_left.mean","mu_right.mean","mu_middle.mean","var_left.mean","var_right.mean","var_middle.mean","sigma_left.mean","sigma_right.mean","sigma_middle.mean","phi.mean","lp__.mean","psi[1].se_mean","psi[2].se_mean","psi[3].se_mean","X.se_mean","N.se_mean","mu_left.se_mean","mu_right.se_mean","mu_middle.se_mean","var_left.se_mean","var_right.se_mean","var_middle.se_mean","sigma_left.se_mean","sigma_right.se_mean","sigma_middle.se_mean","phi.se_mean","lp__.se_mean","psi[1].sd","psi[2].sd","psi[3].sd","X.sd","N.sd","mu_left.sd","mu_right.sd","mu_middle.sd","var_left.sd","var_right.sd","var_middle.sd","sigma_left.sd","sigma_right.sd","sigma_middle.sd","phi.sd","lp__.sd","psi[1].2.5%","psi[2].2.5%","psi[3].2.5%","X.2.5%","N.2.5%","mu_left.2.5%","mu_right.2.5%","mu_middle.2.5%","var_left.2.5%","var_right.2.5%","var_middle.2.5%","sigma_left.2.5%","sigma_right.2.5%","sigma_middle.2.5%","phi.2.5%","lp__.2.5%","psi[1].25%","psi[2].25%","psi[3].25%","X.25%","N.25%","mu_left.25%","mu_right.25%","mu_middle.25%","var_left.25%","var_right.25%","var_middle.25%","sigma_left.25%","sigma_right.25%","sigma_middle.25%","phi.25%","lp__.25%","psi[1].50%","psi[2].50%","psi[3].50%","X.50%","N.50%","mu_left.50%","mu_right.50%","mu_middle.50%","var_left.50%","var_right.50%","var_middle.50%","sigma_left.50%","sigma_right.50%","sigma_middle.50%","phi.50%","lp__.50%","psi[1].75%","psi[2].75%","psi[3].75%","X.75%","N.75%","mu_left.75%","mu_right.75%","mu_middle.75%","var_left.75%","var_right.75%","var_middle.75%","sigma_left.75%","sigma_right.75%","sigma_middle.75%","phi.75%","lp__.75%","psi[1].97.5%","psi[2].97.5%","psi[3].97.5%","X.97.5%","N.97.5%","mu_left.97.5%","mu_right.97.5%","mu_middle.97.5%","var_left.97.5%","var_right.97.5%","var_middle.97.5%","sigma_left.97.5%","sigma_right.97.5%","sigma_middle.97.5%","phi.97.5%","lp__.97.5%","psi[1].n_eff","psi[2].n_eff","psi[3].n_eff","X.n_eff","N.n_eff","mu_left.n_eff","mu_right.n_eff","mu_middle.n_eff","var_left.n_eff","var_right.n_eff","var_middle.n_eff","sigma_left.n_eff","sigma_right.n_eff","sigma_middle.n_eff","phi.n_eff","lp__.n_eff","psi[1].Rhat","psi[2].Rhat","psi[3].Rhat","X.Rhat","N.Rhat","mu_left.Rhat","mu_right.Rhat","mu_middle.Rhat","var_left.Rhat","var_right.Rhat","var_middle.Rhat","sigma_left.Rhat","sigma_right.Rhat","sigma_middle.Rhat","phi.Rhat","lp__.Rhat"
"GSM1896914",0.480200370405377,0.302679535904275,0.217120093690348,0.168998908154729,18.8704362711002,0.168998908154729,0.831001091845271,0.5,0.00747060720890649,0.00747060720890649,0.0133036131930042,0.0863870555854488,0.0863870555854488,0.115280984676561,0.206291529319721,35.8516264924987,0.000244892778439326,0.000264063578503122,0.000197891247460197,6.54924876014606e-05,0.0161896887957299,6.54924876014606e-05,6.54924876014587e-05,NA,6.36431923622378e-06,6.36431923622378e-06,1.16558025665515e-05,3.65369727228079e-05,3.65369727228079e-05,5.01659327477909e-05,9.90090723367004e-05,0.0237392794861486,0.0190983507798692,0.0194282274310685,0.0158369173571962,0.00460072354249213,1.21629204115193,0.00460072354249213,0.00460072354249213,0,0.000486846094073232,0.000486846094073232,0.000862727282731911,0.0028079924832133,0.0028079924832133,0.00372954470339725,0.00695254725635657,1.40885206241392,0.44297695615537,0.264785517652154,0.186844577284665,0.160053278105612,16.5851488109445,0.160053278105612,0.821887262582224,0.5,0.00659697208601172,0.00659697208601172,0.0117413700615954,0.0812217463860128,0.0812217463860128,0.108357602692514,0.192909596701264,32.280345886049,0.467459975929765,0.289541653823559,0.206248698605168,0.165919701256662,18.0233421247476,0.165919701256662,0.827983155860961,0.5,0.00712504251447853,0.00712504251447853,0.0126932280631846,0.0844099669114214,0.0844099669114214,0.112664227048394,0.201613359472642,35.1719026943121,0.480157832574418,0.302627827286099,0.216795368137844,0.168989620000255,18.8493414876399,0.168989620000255,0.831010379999745,0.5,0.00744438617823845,0.00744438617823845,0.0132630628092274,0.0862808563826053,0.0862808563826053,0.115165371567976,0.206229182010498,36.1662136917146,0.492920027921452,0.315715921449754,0.227784852496238,0.172016844139039,19.6955415351489,0.172016844139039,0.834080298743338,0.5,0.00778556776578859,0.00778556776578859,0.0138709013167128,0.0882358643844339,0.0882358643844339,0.11777479066667,0.210822922719985,36.8772637931961,0.517749309327369,0.340386005545897,0.249068415215581,0.178112737417776,21.2922341018405,0.178112737417776,0.839946721894388,0.5,0.0084908027136876,0.0084908027136876,0.0150737266726753,0.0921455517714407,0.0921455517714407,0.122775106078748,0.220203365235066,37.604272242105,6081.90699299871,5413.14111375291,6404.54274324259,4934.79710721718,5644.15235761942,4934.79710721718,4934.79710721748,NA,5851.66517481334,5851.66517481334,5478.51303976003,5906.45310045255,5906.45310045255,5527.05582338917,4931.03308024886,3522.05162306144,1.0000444224131,0.999796848687785,1.00017741325526,1.00052387816475,1.00026186640111,1.00052387816475,1.00052387816475,NA,0.999968657461686,0.999968657461686,1.00020760001566,0.999976590542145,0.999976590542145,1.00022049487884,1.000534664181,1.00236493737121
"GSM1896915",0.277716683163331,0.562630732659008,0.15965258417766,0.248871553023741,17.2591582197636,0.248871553023741,0.751128446976259,0.5,0.0109851228138608,0.0109851228138608,0.0146908716949875,0.104584977048217,0.104584977048217,0.120986416896005,0.344908442302472,148.576383344859,0.000404605398721353,0.000780610336648643,0.000440403502551257,0.000220457374367371,0.0355626820930426,0.000220457374367371,0.000220457374367371,NA,2.82332132246333e-05,2.82332132246333e-05,3.35204303221764e-05,0.000129599458511832,0.000129599458511832,0.000134019229863239,0.000451068715326868,0.0312548473429154,0.0235994611428836,0.0405769894613196,0.025310444457638,0.0120357363297694,2.0031510695213,0.0120357363297694,0.0120357363297694,0,0.00147663875083122,0.00147663875083122,0.00180171870767209,0.00686376562787838,0.00686376562787838,0.00729145166013196,0.0243672396852947,1.51335942202396,0.23171844190775,0.480741920070979,0.11196615028964,0.227339671688988,13.1988167554278,0.227339671688988,0.725322213764103,0.5,0.00871529341678092,0.00871529341678092,0.0118143740267025,0.093355735811216,0.093355735811216,0.108693946582089,0.303190648285085,144.649033775691,0.262287574541317,0.536690903105616,0.142647644834617,0.240898368492478,15.9314748261704,0.240898368492478,0.744168054068451,0.5,0.00997673547651489,0.00997673547651489,0.0134385660150226,0.0998836096409259,0.0998836096409259,0.115924829152106,0.328693857026856,147.853851058918,0.27741491810412,0.563253160849129,0.159079512145054,0.248320454392971,17.3102453153164,0.248320454392971,0.75167954560703,0.5,0.0107646372172415,0.0107646372172415,0.0144423141005674,0.103752769681447,0.103752769681447,0.12017617942231,0.343225732276882,148.919094348062,0.292744994958573,0.58888778281077,0.175334173022719,0.255831945931549,18.6031753537335,0.255831945931549,0.759101631507522,0.5,0.0117696894654828,0.0117696894654828,0.0156922069527978,0.108488199654549,0.108488199654549,0.125268539355418,0.358375682021302,149.695339833551,0.3258831791099,0.643368298613643,0.212039830593718,0.274677786235897,21.1606640943006,0.274677786235897,0.772660328311012,0.5,0.014551456599049,0.014551456599049,0.018941091829756,0.120629417964781,0.120629417964781,0.137626639230212,0.39853832973316,150.427093381251,3402.05105315631,2702.03548849877,3302.91969390636,2980.54764491557,3172.76854709172,2980.54764491557,2980.54764491558,NA,2735.44449166497,2735.44449166497,2889.04831820137,2804.90732839156,2804.90732839156,2960.01400531167,2918.28200160369,2344.49551286635,1.00092587695203,1.00123710450057,1.0011081778109,1.00035611619619,1.00030991234407,1.00035611619619,1.00035611619618,NA,1.00036709352953,1.00036709352953,1.00045763723572,1.00031621905825,1.00031621905825,1.00041249503139,1.00035990165671,1.00028512263865
"GSM1896916",0.309993884709754,0.572963030964453,0.117043084325793,0.244176969074525,18.8280359532065,0.244176969074525,0.755823030925475,0.5,0.00990497373495293,0.00990497373495293,0.0134314870995504,0.0993780109080417,0.0993780109080417,0.115724978992433,0.335499062322619,177.751353354737,0.000435803731101465,0.000816198738623592,0.000433517046402825,0.000198758536934975,0.032973301365828,0.000198758536934975,0.000198758536934976,NA,1.64209353613808e-05,1.64209353613808e-05,2.53264129842582e-05,8.05183967669223e-05,8.05183967669223e-05,0.00010686381401317,0.000388000999674269,0.030103914536155,0.0231018176619902,0.0383196138331739,0.0230805920365103,0.0106976322530059,1.98833773739126,0.0106976322530059,0.0106976322530059,0,0.00108519624318112,0.00108519624318112,0.00147056203474666,0.00538407897902538,0.00538407897902538,0.00626268627716423,0.0209456940562142,1.50063374192947,0.264549841486068,0.501908465138148,0.0698839488384394,0.222343918012728,14.9366581627635,0.222343918012728,0.734901141857332,0.5,0.00810494567614962,0.00810494567614962,0.0109892394328337,0.09002747178578,0.09002747178578,0.104829573268407,0.294112433051609,173.890207050364,0.294831504884344,0.546932889082863,0.101790376617667,0.23735358700749,17.4773752227758,0.23735358700749,0.748789080045867,0.5,0.00914479358145475,0.00914479358145475,0.0123933084195764,0.0956284140900159,0.0956284140900159,0.11132523711832,0.321899704071343,177.030257712309,0.31028209925389,0.571923642824008,0.117325750020019,0.244319267514496,18.8355889243593,0.244319267514496,0.755680732485504,0.5,0.00979672797643267,0.00979672797643267,0.0132727466676935,0.098978421767096,0.098978421767096,0.11520740716625,0.335339285505182,178.11704289539,0.325316006652597,0.597355573079951,0.132209716216294,0.251210919954133,20.1721761087848,0.251210919954133,0.76264641299251,0.5,0.0105386135852544,0.0105386135852544,0.0143042074172492,0.102657749735217,0.102657749735217,0.119600198214801,0.34900131450564,178.843474333594,0.355550047791694,0.650316221878037,0.162002305783377,0.265098858142668,22.7495270839238,0.265098858142668,0.777656081987272,0.5,0.0123450879069495,0.0123450879069495,0.0167373449677077,0.111108451104982,0.111108451104982,0.129372891140694,0.37772167287779,179.569113300774,2810.0264981061,2204.19701083365,2834.53308861597,2896.83491376179,3636.26433716081,2896.83491376179,2896.83491376177,NA,4367.37798025131,4367.37798025131,3371.47024023661,4471.28760836759,4471.28760836759,3434.47194303398,2914.22998450796,2484.86883961939,1.00087550805298,1.00104910715813,1.00096165422536,1.00070657605031,0.999780322703634,1.00070657605031,1.00070657605031,NA,0.999728931953066,0.999728931953066,0.999818974431348,0.999721994519229,0.999721994519229,0.999808180545071,1.00072111097091,1.00122854790222
"GSM1896917",0.489996959896463,0.493701124661055,0.0163019154424822,0.191990735131934,21.9323398030072,0.191990735131934,0.808009264868066,0.5,0.00709955034748924,0.00709955034748924,0.0114449604625731,0.0842140072047949,0.0842140072047949,0.106926807601732,0.242315969045195,248.63559005594,0.000263920259193734,0.000279783184893039,7.69578774219148e-05,7.4147055296718e-05,0.0173988708481642,7.4147055296718e-05,7.4147055296719e-05,NA,5.72461276057631e-06,5.72461276057631e-06,9.14209356467445e-06,3.38408775206677e-05,3.38408775206677e-05,4.25822224633135e-05,0.000120185295736472,0.0249727739645067,0.0200222608491854,0.0207117809004656,0.00579737166656585,0.00540165593345985,1.39334259201416,0.00540165593345985,0.00540165593345985,0,0.000464519560378368,0.000464519560378368,0.000731345640727994,0.00274814156026485,0.00274814156026485,0.0034087726738236,0.00876660532888816,1.4372358702514,0.450838017732758,0.453903631042481,0.00673757603861508,0.181208670204747,19.2747597231904,0.181208670204747,0.797579832667982,0.5,0.00625658884565971,0.00625658884565971,0.0101100811549251,0.0790986020455351,0.0790986020455351,0.100548899318859,0.225035674130057,245.10642812677,0.476424839432131,0.479762718272803,0.0121115974824315,0.188434863351222,20.9781867903298,0.188434863351222,0.804381513533663,0.5,0.00677366656171008,0.00677366656171008,0.0109330802149243,0.0823022877057123,0.0823022877057123,0.104561370567233,0.236499837818977,247.927547770256,0.49008504331417,0.493879526345999,0.0157502657687458,0.192055398441924,21.8936402726211,0.192055398441924,0.807944601558076,0.5,0.00707537755049342,0.00707537755049342,0.0114188411286133,0.0841152634757064,0.0841152634757064,0.106858977763277,0.242344098349103,248.954501101666,0.503558207587379,0.507542451026427,0.0198638178973272,0.195618486466337,22.8663830400812,0.195618486466337,0.811565136648778,0.5,0.0073956068020619,0.0073956068020619,0.0119171405279143,0.0859977139333529,0.0859977139333529,0.109165656357208,0.248163102559906,249.681634793751,0.529082278161048,0.534784880958908,0.0292885477493151,0.202420167332018,24.7277935990233,0.202420167332018,0.818791329795253,0.5,0.00808099118447277,0.00808099118447277,0.0129703302967387,0.0898943334236445,0.0898943334236445,0.113887357932029,0.259462782168883,250.42350427823,5755.46970121048,5480.1401744114,5674.87272268398,5307.2069076956,6413.18395196693,5307.2069076956,5307.20690769545,NA,6584.39359960085,6584.39359960085,6399.61769597594,6594.69884621081,6594.69884621081,6408.24976703263,5320.59543309965,3312.24553157173,1.00015796130118,1.00007383169653,1.00074842821311,1.00004437695898,1.00037041141504,1.00004437695898,1.00004437695898,NA,1.00057362368253,1.00057362368253,1.00041289616626,1.00055766876798,1.00055766876798,1.00040032091558,1.00005534680294,1.00079544350603
"GSM1896918",0.245118285244697,0.391917198543845,0.362964516211458,0.300413136832472,20.3278860422752,0.300413136832472,0.699586863167528,0.5,0.0105154578521219,0.0105154578521219,0.0124931000704985,0.102281886012294,0.102281886012294,0.111551475564086,0.460265116429297,204.40959334121,0.00054761595983587,0.00123844995712927,0.000748798433022742,0.000295880638246658,0.0525167843213104,0.000295880638246658,0.000295880638246655,NA,3.34885882706837e-05,3.34885882706837e-05,3.35694658373316e-05,0.000160645698776031,0.000160645698776031,0.000148271787986142,0.000765204614303832,0.0274611974483009,0.0263451059824906,0.0544603643891397,0.0372586743948814,0.0129881850748001,2.53453077937067,0.0129881850748001,0.0129881850748001,0,0.00152271417575388,0.00152271417575388,0.0015841151255074,0.0073403256697227,0.0073403256697227,0.00702670205654204,0.0331838337715196,1.42255607891937,0.198773568853568,0.269618308324526,0.297679207734879,0.277988861891141,15.6880965621373,0.277988861891141,0.671859882294286,0.5,0.00801805797586368,0.00801805797586368,0.00982401403551866,0.0895436093321427,0.0895436093321427,0.0991161643501119,0.405940273206812,200.725954885223,0.227050465461021,0.360091602891117,0.336955016479,0.29115424410946,18.5406185813241,0.29115424410946,0.691321220421683,0.5,0.00941858754193216,0.00941858754193216,0.0113493419075621,0.0970494077182656,0.0970494077182656,0.106533290137363,0.436506064511196,203.712666873436,0.24321408886379,0.396726202443987,0.36043533956591,0.299314677548109,20.2305236367893,0.299314677548109,0.700685322451891,0.5,0.0103583915904628,0.0103583915904628,0.0123575644659625,0.101776183807691,0.101776183807691,0.111164582784685,0.456434988537986,204.722016022601,0.260986938581156,0.429451375921432,0.385433607188736,0.308678779578317,22.0277089228962,0.308678779578317,0.70884575589054,0.5,0.011462995077636,0.011462995077636,0.0134839082582451,0.107065377577399,0.107065377577399,0.116120231907374,0.480327150408135,205.445449844284,0.303169456543415,0.484722310657077,0.443103478225143,0.328140117705714,25.4478463793135,0.328140117705714,0.722011138108859,0.5,0.0138613656920561,0.0138613656920561,0.015935649009317,0.117734301252023,0.117734301252023,0.126236480473469,0.533964295842162,206.206126438008,2314.44948528086,1933.76707172618,2475.85350905443,1926.92070465698,2329.15766556188,1926.92070465698,1926.92070465701,NA,2067.48849567921,2067.48849567921,2226.81747093279,2087.81711579895,2087.81711579895,2245.87731735229,1880.60660865835,2683.48918988225,1.00107162618447,1.00146200493889,1.00096258802291,1.00137270845162,1.00107827502438,1.00137270845162,1.00137270845162,NA,1.00122905937495,1.00122905937495,1.0010517182651,1.00123169100734,1.00123169100734,1.00106263985848,1.00147403417034,1.00191393754284
"GSM1896919",0.338370470783063,0.511027795112688,0.150601734104249,0.235726260222548,18.4138367917019,0.235726260222548,0.764273739777452,0.5,0.00987647721283443,0.00987647721283443,0.0137093637554729,0.0992453585886933,0.0992453585886933,0.116943060538674,0.319108962023728,127.0881858442,0.000360028490066995,0.000590046465247953,0.000313791167915341,0.000153388800521084,0.0279891368383834,0.000153388800521084,0.000153388800521086,NA,1.64455425523873e-05,1.64455425523873e-05,2.18959860739919e-05,8.10570034052232e-05,8.10570034052232e-05,9.20024866274073e-05,0.000291370519238425,0.0265164400175714,0.0219377468844377,0.0327556979293582,0.020598298649426,0.00910190817357851,1.79826913618724,0.00910190817357851,0.00910190817357851,0,0.00104197374223733,0.00104197374223733,0.00137208472165858,0.00518067238463365,0.00518067238463365,0.00580418455864675,0.0172727816699822,1.43323835061803,0.296324437549428,0.446951796757082,0.110670060254612,0.217879594626373,14.9450907131698,0.217879594626373,0.746057975787568,0.5,0.00813037895699717,0.00813037895699717,0.0113211313874466,0.0901686140337857,0.0901686140337857,0.1064008053497,0.286137074620112,123.498758931548,0.323538674192201,0.489203885515988,0.136294035745195,0.229631452498959,17.2306831282193,0.229631452498959,0.758402983780875,0.5,0.00914812567293604,0.00914812567293604,0.0127542311089915,0.095645834581625,0.095645834581625,0.112934632010951,0.307411039716102,126.373800980025,0.338030980688299,0.511206922888128,0.150459795499845,0.235648591624503,18.3993884740074,0.235648591624503,0.764351408375497,0.5,0.00976837299655361,0.00976837299655361,0.0135874081193596,0.0988350797815132,0.0988350797815132,0.116565038131935,0.318664394031275,127.410660566756,0.352929792396159,0.533423952050958,0.164533836614916,0.241597016219125,19.6013384095493,0.241597016219125,0.770368547501041,0.5,0.010488660770139,0.010488660770139,0.0145090010750111,0.102414162923085,0.102414162923085,0.120453314917309,0.330043889720404,128.167489220374,0.381223413146195,0.57477056501867,0.191781329205555,0.253942024212432,22.0825986542032,0.253942024212432,0.782120405373627,0.5,0.0122086615318032,0.0122086615318032,0.0167279011424314,0.110492812121389,0.110492812121389,0.129336387541123,0.354520458200908,128.908353508567,3712.87479718165,3081.77756227129,4309.04738553871,3521.09381772524,4127.91142920864,3521.09381772524,3521.09381772516,NA,4014.36759403595,4014.36759403595,3926.74627560948,4084.99161973717,4084.99161973717,3980.00205083914,3514.25564599532,2921.50347162647,0.999898979619189,0.999923470617724,0.99970403905925,1.00032853463522,1.00045646033686,1.00032853463522,1.00032853463522,NA,1.00079826406793,1.00079826406793,1.00049760620451,1.0007939769788,1.0007939769788,1.00048947576796,1.00032860240907,1.00061367834322
"GSM1896920",0.29493742222635,0.554113558795564,0.150949018978087,0.251206836483004,22.2647457216632,0.251206836483004,0.748793163516997,0.5,0.00853386335698006,0.00853386335698006,0.0113421304008709,0.0922451902732573,0.0922451902732573,0.106363314458699,0.349301250443901,189.096315314056,0.000321396351223683,0.000485101611202295,0.000259563884441914,0.000139778326662904,0.0314455664114405,0.000139778326662904,0.000139778326662903,NA,1.4003464440149e-05,1.4003464440149e-05,1.71284559134938e-05,7.37854946315841e-05,7.37854946315841e-05,7.8766276805027e-05,0.00028271373152702,0.0242027765763135,0.0211202509428978,0.0298837162512559,0.0185116252162335,0.00871389452997027,2.2051610558597,0.00871389452997027,0.00871389452997027,0,0.000932236658813333,0.000932236658813333,0.00116026023985339,0.00496903560512274,0.00496903560512274,0.00538324815060228,0.0175794850775599,1.41409768456109,0.255030540464303,0.495906357734941,0.11617009598499,0.234469676186337,17.9210059209657,0.234469676186337,0.73090064198599,0.5,0.007019025206013,0.007019025206013,0.00940814071176438,0.0837796228008089,0.0837796228008089,0.0969955705708865,0.316439525161046,185.540903386293,0.280666901820877,0.534082436361989,0.138046214030945,0.245258717994973,20.7954792026532,0.245258717994973,0.743024233468748,0.5,0.00789317306133154,0.00789317306133154,0.0105400332272871,0.0888435313405195,0.0888435313405195,0.102664663965499,0.337179824336675,188.371223651516,0.294715384236937,0.553933173925378,0.150397507545633,0.251013915851857,22.280811813741,0.251013915851857,0.748986084148143,0.5,0.00841863540011961,0.00841863540011961,0.0112204170183627,0.0917531220180233,0.0917531220180233,0.105926469863362,0.348605545240586,189.391373344606,0.308682401938276,0.574132649476281,0.163699120362507,0.256975766531252,23.7190903123432,0.256975766531252,0.754741282005027,0.5,0.00906298572655937,0.00906298572655937,0.0120218436945779,0.0951997149442055,0.0951997149442055,0.109644168509905,0.360723466924798,190.138280848675,0.337728066652179,0.612865445099939,0.187767825171625,0.26909935801401,26.5727318295118,0.26909935801401,0.765530323813663,0.5,0.0106741275480287,0.0106741275480287,0.013950109783164,0.103315669412402,0.103315669412402,0.118110582857144,0.386310300862069,190.920472664053,4318.33434270294,3794.93003984137,5086.28355911065,3886.37697087548,4917.69720247544,3886.37697087548,3886.37697087552,NA,4431.81239733083,4431.81239733083,4588.53862206888,4535.26043594703,4535.26043594703,4670.98169207826,3866.50427045158,3413.72426304958,1.0002465886795,1.00014441004003,0.999928861679066,0.999770756662593,1.00015957531235,0.999770756662593,0.999770756662593,NA,1.00001563179343,1.00001563179343,1.00019750301571,1.00000172072729,1.00000172072729,1.00018587897781,0.999749316967966,1.00098887704758
"GSM1896921",0.368484504978239,0.457117439009499,0.174398056012262,0.271748540173871,18.1184618463331,0.271748540173871,0.728251459826129,0.5,0.0110472427426984,0.0110472427426984,0.0139515056625299,0.104924244596784,0.104924244596784,0.117951154728156,0.392723170781526,167.525310712024,0.00055638893147518,0.000940372577393872,0.000448319046195448,0.000233871573088331,0.0320816749438638,0.000233871573088331,0.00023387157308834,NA,2.42526415733016e-05,2.42526415733016e-05,2.58340197085839e-05,0.000113105469608861,0.000113105469608861,0.000107704410660809,0.000522704693082599,0.0283762633960783,0.0283974476608073,0.0452165329002732,0.025630929780286,0.0114934383016698,1.8858398469606,0.0114934383016698,0.0114934383016698,0,0.00131562998179583,0.00131562998179583,0.0014914658627796,0.00617660159745094,0.00617660159745094,0.00624785085285887,0.0254627883819071,1.46787948396339,0.316305646479729,0.363060633782687,0.126970613332396,0.250755317454526,14.4891993785515,0.250755317454526,0.70360474249827,0.5,0.00889297062901344,0.00889297062901344,0.0114092006303328,0.0943025483694053,0.0943025483694053,0.106813859695842,0.348086511845488,163.907783266055,0.34868590466288,0.427318140670619,0.156645730385428,0.263804056188251,16.8410948501986,0.263804056188251,0.720913361753295,0.5,0.0101222105453715,0.0101222105453715,0.0129164877089459,0.100609197119353,0.100609197119353,0.113650726827349,0.374973183746116,166.782735244085,0.367340260589072,0.459504540173395,0.173344686948817,0.27104826993338,18.1088942980804,0.27104826993338,0.72895173006662,0.5,0.0109129814934447,0.0109129814934447,0.0138053707883042,0.104465216646952,0.104465216646952,0.117496258593436,0.390548451434109,167.869205786749,0.387035005295445,0.488199343209711,0.190792484113469,0.279086638246704,19.3551068740066,0.279086638246704,0.736195943811749,0.5,0.0118153483925777,0.0118153483925777,0.0148446405847318,0.10869842864373,0.10869842864373,0.121838584131544,0.408418751018263,168.604685494096,0.427413784729234,0.539250726233812,0.227243771151346,0.29639525750173,21.9121399239281,0.29639525750173,0.749244682545474,0.5,0.0140174688192378,0.0140174688192378,0.0172542314784193,0.11839539178925,0.11839539178925,0.131355363339946,0.449213760787672,169.341948550741,2604.9635572131,2312.03606984681,3268.54405030274,2415.15531008159,3455.37787057719,2415.15531008159,2415.15531008138,NA,2942.72329493968,2942.72329493968,3333.05639478052,2982.16702911131,2982.16702911131,3365.0717592501,2373.0075641151,2675.90313058182,1.002792739888,1.00305212297281,1.001893001003,1.00380876186633,1.00087009567219,1.00380876186633,1.00380876186633,NA,1.00163174323975,1.00163174323975,1.0008722033945,1.00159242254115,1.00159242254115,1.00086879210665,1.00387968526187,1.00132249957655
"GSM1896922",0.210644543450766,0.431082725929785,0.358272730619449,0.253679770598017,21.8912829825485,0.253679770598017,0.746320229401983,0.5,0.0087317810967099,0.0087317810967099,0.0115259947254006,0.0933126660393209,0.0933126660393209,0.10723337615266,0.354261681241816,139.999801027637,0.000278633496610717,0.000506084883542733,0.000347767326562425,0.000138948750163052,0.031718663724531,0.000138948750163052,0.000138948750163052,NA,1.56467212873369e-05,1.56467212873369e-05,1.7763424260987e-05,8.17158925627367e-05,8.17158925627367e-05,8.11684711333502e-05,0.000285507104797237,0.0261545367720652,0.0187414967061459,0.0305200688583248,0.023751959059751,0.00811837852680044,2.07593460640072,0.00811837852680044,0.00811837852680044,0,0.000939046450171104,0.000939046450171104,0.00112839089198584,0.00495282945991806,0.00495282945991806,0.00519626206471172,0.0165874463400354,1.46243641725624,0.175624606424642,0.368617202169521,0.313418490803553,0.238698841090852,17.7833431373768,0.238698841090852,0.729477951651758,0.5,0.00718626360645484,0.00718626360645484,0.00962845697802064,0.084771832619963,0.084771832619963,0.0981247010901365,0.324467245369289,136.344476260579,0.197628241733533,0.411532304131028,0.341940303079194,0.248102183730861,20.5051807143102,0.248102183730861,0.741179679463396,0.5,0.00807069990750816,0.00807069990750816,0.0107280077596983,0.0898370742233936,0.0898370742233936,0.103576096439544,0.342792292070559,139.256142638917,0.210308022915503,0.43172032364273,0.357882593231263,0.253339236734191,21.8970619564723,0.253339236734191,0.746660763265809,0.5,0.00863243283106535,0.00863243283106535,0.0114170567963805,0.0929108865027122,0.0929108865027122,0.106850628430663,0.353297066989651,140.347114689419,0.2228121472496,0.451732851741404,0.373958734984103,0.258820320536604,23.3034880439425,0.258820320536604,0.751897816269139,0.5,0.00926193634328343,0.00926193634328343,0.0121920408059674,0.0962389543962422,0.0962389543962422,0.110417574714968,0.364532942397682,141.075369226138,0.248811010019348,0.489539923634762,0.407168954351735,0.270522048348242,25.9647004732136,0.270522048348242,0.761301158909148,0.5,0.0108556547810614,0.0108556547810614,0.0140580991117418,0.104190473561267,0.104190473561267,0.118566855008612,0.389400572386479,141.819432138229,4524.20100468269,3636.84077429827,4664.67422473852,3413.73106550954,4283.48817432616,3413.73106550954,3413.73106550956,NA,3601.86521702751,3601.86521702751,4035.2065218936,3673.61543369513,3673.61543369513,4098.33410508656,3375.39981117499,3126.51071444719,1.0002900957972,0.999826906472004,1.00001621776151,0.999743110273346,1.00008386098266,0.999743110273346,0.999743110273346,NA,1.00004367592281,1.00004367592281,1.00002910254117,1.0000454886151,1.0000454886151,1.00004128807757,0.999763302233014,1.00088596967438
"GSM1896923",0.233774098113515,0.355926435321208,0.410299466565276,0.296875689194939,20.4129516949081,0.296875689194939,0.703124310805061,0.5,0.0103933442021507,0.0103933442021507,0.0124320548167887,0.101697742327838,0.101697742327838,0.111289458041754,0.451348612030796,193.7948529107,0.000480587378663436,0.00119902851935128,0.000785996378300347,0.000285373800965569,0.0508248581813409,0.000285373800965569,0.000285373800965569,NA,3.17587981430627e-05,3.17587981430627e-05,3.16964946210787e-05,0.0001538950273678,0.0001538950273678,0.000140893422272442,0.000717153863472297,0.0267059631964211,0.0240547569106164,0.0530346137880545,0.0381862353406523,0.0124277009777481,2.49409138456479,0.0124277009777481,0.0124277009777481,0,0.00146730412884545,0.00146730412884545,0.00153401120517314,0.00713580917225776,0.00713580917225776,0.00683499708920919,0.0310428964021225,1.40916206227149,0.191621648615682,0.236585161009992,0.34370107606295,0.275449997925612,15.8586239015274,0.275449997925612,0.676708393175,0.5,0.00790739511014796,0.00790739511014796,0.00977139074630615,0.0889235351687283,0.0889235351687283,0.0988503449649416,0.400254844846237,190.329288823435,0.217108352041659,0.322750011483436,0.383487624405414,0.287928247345591,18.6091421839407,0.287928247345591,0.694982791018395,0.5,0.00932259644409113,0.00932259644409113,0.011334766592739,0.0965535936146974,0.0965535936146974,0.106464860835493,0.428841712563256,193.075221424405,0.232022699931456,0.36190047446425,0.406902621976262,0.295842284836582,20.3097695572184,0.295842284836582,0.704157715163418,0.5,0.0102472262683705,0.0102472262683705,0.0123093469884814,0.101228584245489,0.101228584245489,0.110947496499123,0.447857644865381,194.099185750242,0.248889814288804,0.393137167895261,0.43459827175695,0.305017208981605,22.0560342338008,0.305017208981605,0.712071752654409,0.5,0.0113434729928523,0.0113434729928523,0.0134342570985367,0.106505741590928,0.106505741590928,0.115906242679406,0.470848397491998,194.835905964255,0.286546242498541,0.444649734710773,0.492871112479228,0.323291606825,25.584894849016,0.323291606825,0.724550002074388,0.5,0.013592625841286,0.013592625841286,0.0157642933941093,0.116587417150818,0.116587417150818,0.125555937310601,0.520053611071194,195.590804102149,2505.28548819067,1956.40964382091,2360.32931186277,1896.50237464678,2408.08811005582,1896.50237464678,1896.50237464678,NA,2134.57865007891,2134.57865007891,2342.25725648187,2149.99416174018,2149.99416174018,2353.39719532143,1873.6988329913,2784.23182082102,1.00120276500913,1.00181653053909,1.00136489181871,1.00148325711062,1.00079114774052,1.00148325711062,1.00148325711062,NA,1.00092301618259,1.00092301618259,1.00073728104414,1.00092867512629,1.00092867512629,1.00074844820717,1.00148901996441,1.00005663313783
"GSM1896924",0.286790993844921,0.516690668775807,0.196518337379272,0.270347038722278,22.5045717684328,0.270347038722278,0.729652961277722,0.5,0.00887593573934811,0.00887593573934811,0.0112474254997574,0.0940429697057682,0.0940429697057682,0.105886214617253,0.389451970913361,202.853444221763,0.000355709529857008,0.000663185859273508,0.000385654989232768,0.000165486326355152,0.0432202981715476,0.000165486326355152,0.00016548632635515,NA,1.9608331806827e-05,1.9608331806827e-05,2.3151099378944e-05,0.000101272363168777,0.000101272363168777,0.000106725877919831,0.000366060622708892,0.0268398949875087,0.021766470485701,0.0360455241813608,0.0239718349158337,0.0094952833267868,2.46249471749427,0.0094952833267868,0.0094952833267868,0,0.00108307307941034,0.00108307307941034,0.00128334323715008,0.00564442828942079,0.00564442828942079,0.00596150117198349,0.0208699722993032,1.46609698732873,0.245282468235641,0.443904637621616,0.150545169360642,0.252798991027478,17.6356415056413,0.252798991027478,0.70990379060337,0.5,0.0071609115016794,0.0071609115016794,0.00917610100397329,0.0846221690903912,0.0846221690903912,0.095791967312939,0.352203145723829,199.254654671118,0.272253046606338,0.493441764114532,0.180121039577402,0.263996862738966,20.8608636444394,0.263996862738966,0.72374726898043,0.5,0.00810731027630393,0.00810731027630393,0.0103362688531046,0.0900406034857252,0.0900406034857252,0.101667442442179,0.375381500003581,202.165318403771,0.286433523841305,0.517041620552647,0.196234577924077,0.269796816945545,22.5303250832664,0.269796816945545,0.730203183054455,0.5,0.00873686015399759,0.00873686015399759,0.0110961559197166,0.0934711728499672,0.0934711728499672,0.105338292748687,0.387822887446508,203.183457609718,0.301354141502025,0.540671661674288,0.212243334750916,0.27625273101957,24.1866773773769,0.27625273101957,0.736003137261034,0.5,0.00948409334134237,0.00948409334134237,0.0119841634704006,0.0973863098154626,0.0973863098154626,0.109472204096825,0.40204547369411,203.927460852796,0.330197066809703,0.586659599562134,0.244052365536023,0.29009620939663,27.2446870562287,0.29009620939663,0.747201008972522,0.5,0.0113615774601021,0.0113615774601021,0.0141758384086685,0.106590700626313,0.106590700626313,0.119062329680142,0.433979406448382,204.655029830859,3744.42402762804,2954.14750264978,3863.71112151672,3292.24105095269,3246.19868625218,3292.24105095269,3292.24105095277,NA,3050.94394113922,3050.94394113922,3072.8574529983,3106.40467517293,3106.40467517293,3120.12357832429,3250.40679291593,2983.75924766238,1.00080725569845,1.00140799083742,1.00107441499157,1.00094494563064,1.00003686028067,1.00094494563064,1.00094494563064,NA,0.99994502266445,0.99994502266445,1.00009858575169,0.999922762957027,0.999922762957027,1.00007985223686,1.00094272082646,1.00152269058395
"GSM1896925",0.419979233508738,0.481767163390423,0.0982536031008396,0.223448155616461,19.1740162239901,0.223448155616461,0.776551844383539,0.5,0.0091083584520201,0.0091083584520201,0.0131270464954791,0.0953489558746218,0.0953489558746218,0.114475899802458,0.296293288399537,149.737112779096,0.000314285694694159,0.00043915507213502,0.000217819416315734,0.000113090029041359,0.0208894774815874,0.000113090029041359,0.000113090029041358,NA,1.04949667237797e-05,1.04949667237797e-05,1.45185797869275e-05,5.4536554332124e-05,5.4536554332124e-05,6.29003369725761e-05,0.000204854986861174,0.0244045223649085,0.0220756439710562,0.027573758211174,0.0154174269979402,0.00758924275522413,1.57214703137201,0.00758924275522413,0.00758924275522413,0,0.000790077148125541,0.000790077148125541,0.00108772211632424,0.00411548086951874,0.00411548086951874,0.00472415596725698,0.0137304078928598,1.41876571661723,0.377448066701836,0.427132973204837,0.0699083550385695,0.208585184130264,16.1934783591796,0.208585184130264,0.761664614397308,0.5,0.00771438357858381,0.00771438357858381,0.01118398409259,0.0878315636782161,0.0878315636782161,0.105754357309,0.269930181100153,146.123296929639,0.404982544516115,0.463806282903546,0.0875967155945621,0.218291485948911,18.0937550685913,0.218291485948911,0.77147332018992,0.5,0.00855653021958088,0.00855653021958088,0.0123829504980776,0.0925015146845298,0.0925015146845298,0.111278706357887,0.286867600086547,149.02580609336,0.420016701342027,0.482056777004249,0.0977533442840195,0.223511573862273,19.1548884068715,0.223511573862273,0.776488426137727,0.5,0.00905106010453276,0.00905106010453276,0.0130514986415613,0.0951370595733389,0.0951370595733389,0.11424315577434,0.296219568395812,150.045661602383,0.434471541065253,0.500225289145226,0.108314149122922,0.22852667981008,20.1890495158943,0.22852667981008,0.781708514051089,0.5,0.00961616827236455,0.00961616827236455,0.0138169218654796,0.098062063365324,0.098062063365324,0.117545403419207,0.305372116028644,150.784163927992,0.463171886799622,0.535513098563197,0.129835174310751,0.238335385602692,22.353393761672,0.238335385602692,0.791414815869736,0.5,0.0108166447692945,0.0108166447692945,0.015438313790421,0.104003099804714,0.104003099804714,0.124251011208329,0.323772256203946,151.528919343208,4933.7544952955,3942.35854848504,5009.91804530238,4503.4802060218,5664.10331149704,4503.4802060218,4503.48020602184,NA,5667.30869975211,5667.30869975211,5612.90441970018,5694.63356743724,5694.63356743724,5640.8234943633,4492.35219448862,3379.72019336289,1.00031811641895,1.00053536706029,1.0003971668964,1.0006418441279,1.00048003144834,1.0006418441279,1.0006418441279,NA,1.00046974970375,1.00046974970375,1.00046541748318,1.00046057049914,1.00046057049914,1.00046892312721,1.00064810637003,1.00084743598923
"GSM1896926",0.29575391048145,0.527761232926749,0.1764848565918,0.24429087385006,21.1398031080471,0.24429087385006,0.75570912614994,0.5,0.00880998570484128,0.00880998570484128,0.0119318790383976,0.093742093863286,0.093742093863286,0.10911005146732,0.335577328728673,153.091018418079,0.000327470613778165,0.000540062619183676,0.000305512726608759,0.000142684135672519,0.0289456376004881,0.000142684135672519,0.000142684135672519,NA,1.35321970294562e-05,1.35321970294562e-05,1.71039978085473e-05,7.08101711386516e-05,7.08101711386516e-05,7.7130060693708e-05,0.000281248327511947,0.0274253886452968,0.0210571834648652,0.0311533693079873,0.0202213813206998,0.00873492143813451,1.97629804639621,0.00873492143813451,0.00873492143813451,0,0.00089826979387557,0.00089826979387557,0.00114311179846651,0.00473374524147272,0.00473374524147272,0.00518450258750519,0.0171652000962331,1.46545876794834,0.255516574099082,0.466033982906869,0.138269161975187,0.227975065168893,17.3238024054561,0.227975065168893,0.737561439206309,0.5,0.00730194352833794,0.00730194352833794,0.00996532194501522,0.0854514103049698,0.0854514103049698,0.0998264591398661,0.304357182093034,149.382920169901,0.28155183625761,0.50741634569104,0.162710778464385,0.238349838262808,19.8077584150871,0.238349838262808,0.750021314342964,0.5,0.00817322889804338,0.00817322889804338,0.0111173440599849,0.0904059118465526,0.0904059118465526,0.105438816662288,0.323799873735035,152.383321725116,0.29530402224313,0.527677076270031,0.176217770342797,0.243920819054186,21.1244449525273,0.243920819054186,0.756079180945814,0.5,0.00873377086243999,0.00873377086243999,0.0118346304752269,0.0934546460177468,0.0934546460177468,0.108787087814404,0.334560700598393,153.414793336307,0.30963744165023,0.548799473484356,0.189817149247542,0.249978685657036,22.4873853617177,0.249978685657036,0.761650161737192,0.5,0.00933993467168659,0.00933993467168659,0.0126213171039884,0.0966433374288433,0.0966433374288433,0.112344635399422,0.346530963413987,154.161081002393,0.33868463212049,0.588062772962534,0.216674240404528,0.262438560793691,25.0869968316935,0.262438560793691,0.772024934831107,0.5,0.0108387367638809,0.0108387367638809,0.0144310119813477,0.104109253876304,0.104109253876304,0.12012914708869,0.372090908517539,154.884360183402,4134.81320375084,3327.52870264254,4380.89682753519,3747.71562162709,4661.63903571505,3747.71562162709,3747.71562162707,NA,4406.32946690398,4406.32946690398,4466.65233449974,4469.08356198777,4469.08356198777,4518.21449914772,3724.9276668887,2855.23347032716,0.999932534772351,0.999929444665722,1.00010834154407,0.99999167445295,0.999755183973804,0.99999167445295,0.99999167445295,NA,0.999865757236462,0.999865757236462,0.999834767034908,0.999851743561968,0.999851743561968,0.999813620718882,0.99999296261742,1.000391529351
"GSM1896927",0.470783202747121,0.369528341243372,0.159688456009507,0.226058691628867,20.6590986365513,0.226058691628867,0.773941308371134,0.5,0.0085200812711322,0.0085200812711322,0.0121757859743086,0.0922261444465966,0.0922261444465966,0.110258904087383,0.300972751806539,121.240482331083,0.000276959666101573,0.00038176665384987,0.000223844181419965,9.47503227396565e-05,0.0226446560811699,9.47503227396565e-05,9.47503227396586e-05,NA,9.96771700036209e-06,9.96771700036209e-06,1.35533274091806e-05,5.35407720720127e-05,5.35407720720127e-05,6.10387270759405e-05,0.000173236212280923,0.0245448905081606,0.0202855065300416,0.0250713945294843,0.0167291630725649,0.00613731750259889,1.61554125138133,0.00613731750259889,0.00613731750259889,0,0.000704267710687888,0.000704267710687888,0.000959569592959863,0.00379754582816347,0.00379754582816347,0.00433155734770828,0.0112144866008389,1.42847838206478,0.430641165412138,0.319971472381047,0.127875633501178,0.214309951811817,17.6203186307399,0.214309951811817,0.761647826506188,0.5,0.00727816533837548,0.00727816533837548,0.0104676512544334,0.0853121640532539,0.0853121640532539,0.102311540176776,0.279850311460413,117.583851896704,0.457084409151547,0.352609607928923,0.148310662613008,0.222002884605633,19.5413731657712,0.222002884605633,0.769866625972692,0.5,0.00802106573984153,0.00802106573984153,0.0114927894263622,0.0895604027444816,0.0895604027444816,0.107204428194346,0.293498680532454,120.549395891615,0.471071054138546,0.369352865957833,0.15952285820615,0.225968508542828,20.6213257196284,0.225968508542828,0.774031491457172,0.5,0.00848260694660739,0.00848260694660739,0.0121233718669235,0.0921010691917208,0.0921010691917208,0.110106184503217,0.300682533193046,121.565661019749,0.484652379194117,0.386385578570151,0.170716420234637,0.230133374027308,21.7527695748611,0.230133374027308,0.777997115394367,0.5,0.00896572399803531,0.00896572399803531,0.0127933691196471,0.0946875070848036,0.0946875070848036,0.113107776564929,0.308340119680928,122.300332976163,0.510544499504827,0.418762237894058,0.193379765553719,0.238352173493812,23.8831036712451,0.238352173493812,0.785690048188183,0.5,0.0100104420198977,0.0100104420198977,0.014188165676257,0.100052196476881,0.100052196476881,0.119114086808561,0.323804336305387,123.008583039068,5364.6162297695,4312.81668885624,5585.43252238233,4195.61651916843,5089.84603416368,4195.61651916843,4195.61651916824,NA,4992.11011359801,4992.11011359801,5012.5774439263,5030.79693960376,5030.79693960376,5035.90119991112,4190.65041756945,3387.07759839538,1.00001184815759,0.999889914215207,0.999925906445009,1.00028299924245,1.00087619237125,1.00028299924245,1.00028299924245,NA,1.00063047820758,1.00063047820758,1.00097009748708,1.00062142017601,1.00062142017601,1.00094804265279,1.00027624058971,1.00092919221684
"GSM1896928",0.430138911303364,0.507335658325504,0.0625254303711322,0.191544031871065,19.6761719469191,0.191544031871065,0.808455968128935,0.5,0.00791014968454067,0.00791014968454067,0.0127767987784756,0.0888748771734872,0.0888748771734872,0.112955359874262,0.24162293660062,152.964918931075,0.000285383876965045,0.000346542636096347,0.000148540279108939,9.44427144595645e-05,0.0202794733190982,9.44427144595645e-05,9.44427144595657e-05,NA,8.18899225532433e-06,8.18899225532433e-06,1.3455536637624e-05,4.56609377069504e-05,4.56609377069504e-05,5.90833179495641e-05,0.000153179082426516,0.0245138882513964,0.0203382618749939,0.0234096252372991,0.011367373569654,0.00642312149625726,1.46513012507103,0.00642312149625726,0.00642312149625726,0,0.000603588007348408,0.000603588007348408,0.000959939111688057,0.00337747210987234,0.00337747210987234,0.00422938412926753,0.0104158218984358,1.41436941690582,0.391278991340157,0.461281865080295,0.0412365728310209,0.178901269724303,16.8863124486887,0.178901269724303,0.795703661929431,0.5,0.00682844172330479,0.00682844172330479,0.0110579514050217,0.0826343858407397,0.0826343858407397,0.105156794382347,0.221429725815574,149.370680726414,0.416323408863472,0.490985936511542,0.054465120236085,0.187189794441186,18.6759860753169,0.187189794441186,0.804111056894046,0.5,0.00748907438502856,0.00748907438502856,0.0121043135930102,0.0865394383200511,0.0865394383200511,0.11001960549304,0.234505731911779,152.227901345591,0.430098317892506,0.507352909797403,0.0620903196828483,0.191559915995685,19.6474094055828,0.191559915995685,0.808440084004315,0.5,0.00787258632392036,0.00787258632392036,0.0127243238632502,0.0887275961800068,0.0887275961800068,0.112802144743752,0.241540245553837,153.300850326182,0.443831236231436,0.523472253583086,0.0698091046120665,0.195888943105954,20.6537940456267,0.195888943105954,0.812810205558814,0.5,0.00829289531944417,0.00829289531944417,0.013386174041473,0.0910653354327491,0.0910653354327491,0.11569863457046,0.248607572499148,154.016552857866,0.470722003724332,0.552972093130425,0.0862207943515875,0.204296338070569,22.6081659130034,0.204296338070569,0.821098730275697,0.5,0.00920819231945955,0.00920819231945955,0.0148048901249839,0.0959593263346583,0.0959593263346583,0.121675347210436,0.262625143858415,154.72571706685,5078.88995275072,4563.26376980423,5856.41432048492,4625.46449749299,5219.62199919513,4625.46449749299,4625.46449749287,NA,5432.75704528931,5432.75704528931,5089.61963941097,5471.34235881984,5471.34235881984,5124.1815736333,4623.68419142892,3328.90429830736,0.999913072239404,1.00044231689585,1.00057960994486,1.00127150048707,1.00082294450925,1.00127150048707,1.00127150048707,NA,1.00043295623334,1.00043295623334,1.00099821450836,1.00040740739205,1.00040740739205,1.00095351108909,1.00126048766131,1.00246586892419
"GSM1896929",0.291100941225087,0.337828434781972,0.371070623992941,0.295362917946374,19.8369384491028,0.295362917946374,0.704637082053626,0.5,0.0106206366058264,0.0106206366058264,0.0127480445877231,0.102867074901215,0.102867074901215,0.112744510328102,0.44743379858559,171.900059398705,0.000523332671960693,0.00115638299300472,0.000694428705564999,0.00024766952172037,0.0402274223619062,0.00024766952172037,0.000247669521720371,NA,2.61668853481328e-05,2.61668853481328e-05,2.62660209787554e-05,0.000125785083129746,0.000125785083129746,0.000115547771512685,0.000615291769533015,0.0274843166658997,0.0254699460148081,0.0515701211915788,0.0355073337949618,0.011133630542223,2.11464499453345,0.011133630542223,0.011133630542223,0,0.00129751856879107,0.00129751856879107,0.00137740443564495,0.00624550901784474,0.00624550901784474,0.00606007996405652,0.0274573292968172,1.39817677556131,0.244488241687425,0.22734582418704,0.306744301170868,0.274722739362606,15.917527265282,0.274722739362606,0.681708646941451,0.5,0.00842686883675224,0.00842686883675224,0.0103668567964956,0.0917979783839126,0.0917979783839126,0.101817762498729,0.398638092731762,168.468506111497,0.273608461580889,0.305258136505722,0.346277271471803,0.287657522831976,18.3335415675093,0.287657522831976,0.69744321677116,0.5,0.00967090386069454,0.00967090386069454,0.0117569366473369,0.098340753813932,0.098340753813932,0.108429408583755,0.428203834465319,171.219458799683,0.289594893763883,0.341281357169334,0.369366845717689,0.294913542471519,19.7856498553486,0.294913542471519,0.705086457528481,0.5,0.0105164634416342,0.0105164634416342,0.0126354202078677,0.102549809551107,0.102549809551107,0.112407385023253,0.445588232075793,172.225392423462,0.307418673178542,0.373437780998131,0.394286205316953,0.30255678322884,21.2640424651275,0.30255678322884,0.712342477168024,0.5,0.0114512910633413,0.0114512910633413,0.0136362087532003,0.10701070536665,0.10701070536665,0.116774178452258,0.464578532724499,172.921384935217,0.345028989629244,0.42889624398478,0.446222249716108,0.318291353058549,24.1153136775559,0.318291353058549,0.725277260637394,0.5,0.0133805532959431,0.0133805532959431,0.0157059570982815,0.11567434154647,0.11567434154647,0.12532340999571,0.506101767571447,173.667303399611,2368.64704732261,1988.80824763055,2614.45274039095,2020.82394969602,2763.3158415055,2020.82394969602,2020.82394969601,NA,2458.79941131116,2458.79941131116,2750.01068218293,2465.34326479946,2465.34326479946,2750.63878045486,1991.38106331284,2587.94046094491,1.00347238907188,1.00362779858539,1.00207827681107,1.00373257754788,1.00226499113125,1.00373257754788,1.00373257754788,NA,1.00293144202718,1.00293144202718,1.00254927651993,1.00283910683209,1.00283910683209,1.0024901214601,1.00387694471712,1.00293715276375
"GSM1896930",0.271752311446458,0.390798691298335,0.337448997255207,0.218464939924371,17.9012412110648,0.218464939924371,0.781535060075629,0.5,0.00960188156263587,0.00960188156263587,0.014058035501391,0.0978898274188781,0.0978898274188781,0.1184680624623,0.287353417230183,36.6934581607619,0.000277480304314701,0.000471415026423589,0.000280533482012113,0.000115643268374242,0.0195998051948506,0.000115643268374242,0.000115643268374243,NA,1.29407714927576e-05,1.29407714927576e-05,1.58647362156428e-05,6.53619259864457e-05,6.53619259864457e-05,6.61485006776106e-05,0.00020734232519624,0.023614188784431,0.0187446291666968,0.0281438616897853,0.0219278251628599,0.00749125335833085,1.44692681387433,0.00749125335833085,0.00749125335833085,0,0.000871190701578091,0.000871190701578091,0.00115261363707818,0.00441199317186834,0.00441199317186834,0.00483286637455545,0.0133552118087675,1.38314251050457,0.236546732617963,0.335066101496291,0.295778689705508,0.204369024215528,15.1056148419526,0.204369024215528,0.765954228663226,0.5,0.00809301415001835,0.00809301415001835,0.012004614286136,0.0899611813336754,0.0899611813336754,0.109565570703509,0.262748062658391,33.2026755492889,0.258911550125975,0.372688168776057,0.322640687368401,0.213305558321786,16.9333710626297,0.213305558321786,0.776733621280757,0.5,0.0089842424853935,0.0089842424853935,0.0132518630583391,0.0947852440276888,0.0947852440276888,0.115116736655772,0.278095556480996,35.9928218456178,0.271220627920304,0.390936649264057,0.33686631175798,0.218238533928513,17.8809001302084,0.218238533928513,0.781761466071487,0.5,0.00953787792989234,0.00953787792989234,0.0139813990469902,0.0976620598282211,0.0976620598282211,0.118242966160501,0.286773625216424,37.0098885160003,0.283821512449718,0.410244195209178,0.351748729817972,0.223266378719244,18.865271917187,0.223266378719244,0.786694441678214,0.5,0.0101365151160797,0.0101365151160797,0.0147637466348424,0.100680261791648,0.100680261791648,0.121506158832447,0.295776355530565,37.727485846385,0.310194805070492,0.445022207353428,0.382095709185974,0.234045771336774,20.8253255168043,0.234045771336774,0.795630975784472,0.5,0.0115139716498992,0.0115139716498992,0.0165501373257311,0.107303176325544,0.107303176325544,0.128647337031651,0.315641938616706,38.4189435451141,4563.40886525137,3564.18741526994,6109.725732285,4196.31668584955,5449.91363498097,4196.31668584955,4196.31668584947,NA,4532.1693123658,4532.1693123658,5278.39390016542,4556.38046910198,4556.38046910198,5337.88932433052,4148.82991849027,3430.73992872102,0.999710651605105,0.999969740683595,0.999924015472406,0.999658535276658,1.00005116122182,0.999658535276658,0.999658535276658,NA,0.999929432994898,0.999929432994898,0.999979216608112,0.999947143624363,0.999947143624363,0.999996391472342,0.999661756647879,1.00023620817285
"GSM1896931",0.248794904386934,0.392609050791671,0.358596044821395,0.298072016119621,24.5744539701337,0.298072016119621,0.701927983880379,0.5,0.00865763808069853,0.00865763808069853,0.0103319777431976,0.0928123580010341,0.0928123580010341,0.101445438673682,0.454190003592025,227.10094492784,0.000497538027251556,0.00119746149265717,0.000758386398982001,0.000281494924316505,0.0625819649182504,0.000281494924316505,0.000281494924316506,NA,2.86143950401424e-05,2.86143950401424e-05,2.86541015493878e-05,0.000149186976434584,0.000149186976434584,0.000137573174315607,0.000722077759410226,0.0338872131817148,0.0233326668718218,0.0489585539872097,0.034639905078192,0.0115382721916976,3.00256189846189,0.0115382721916976,0.0115382721916976,0,0.00125253953421586,0.00125253953421586,0.00131878954382606,0.00659618993826156,0.00659618993826156,0.0063879430358197,0.0292482387736205,1.52498889005099,0.207328529731607,0.274278174690883,0.300228427940164,0.279259533525504,18.7454295777666,0.279259533525504,0.675384174531249,0.5,0.00673919233563916,0.00673919233563916,0.00823692751706204,0.0820925838927489,0.0820925838927489,0.0907575204423588,0.408810223441511,223.361102964222,0.233073262547919,0.365206625399086,0.334872490298262,0.289881476848709,22.5029407929068,0.289881476848709,0.695211479055464,0.5,0.0077384027215656,0.0077384027215656,0.00937931790096074,0.0879681915324026,0.0879681915324026,0.0968468786305263,0.433468165498419,226.331436333024,0.247301587918892,0.398498336879628,0.355193640001002,0.29671506253151,24.6161243718018,0.29671506253151,0.70328493746849,0.5,0.00846556869007983,0.00846556869007983,0.0101559447878559,0.0920085250945296,0.0920085250945296,0.100776707565509,0.449999735353054,227.456237708678,0.262629685684079,0.426197514152748,0.37857529044329,0.304788520944536,26.6543902969837,0.304788520944536,0.710118523151291,0.5,0.00937282936588686,0.00937282936588686,0.0111096591617338,0.0968133738994167,0.0968133738994167,0.105402367789678,0.470262309867805,228.214354768596,0.300138989439875,0.472675007839816,0.438168362639139,0.324615825468751,30.351122977406,0.324615825468751,0.720740466474496,0.5,0.0115668818560278,0.0115668818560278,0.0133365842193211,0.107549439100056,0.107549439100056,0.115484129712427,0.523814624117136,228.990869099087,2199.25810596137,1671.60650108275,2086.27865692429,1680.12046925913,2301.89520840201,1680.12046925913,1680.12046925913,NA,1916.08048578631,1916.08048578631,2118.25089654458,1954.89970475599,1954.89970475599,2156.02877639271,1640.70877895399,2025.17076767596,1.0010534072147,1.00260301634383,1.00236592805342,1.00276891341702,1.00174189317984,1.00276891341702,1.00276891341702,NA,1.00240332316972,1.00240332316972,1.00209397699653,1.00228809813816,1.00228809813816,1.00201232285391,1.0029056068672,1.0007842485535
"GSM1896932",0.496925050331597,0.464314804200806,0.0387601454675969,0.231698743444766,24.8212658024507,0.231698743444766,0.768301256555234,0.5,0.00721196571846253,0.00721196571846253,0.0101296399115945,0.08485809481654,0.08485809481654,0.100573960347067,0.31136133527602,277.544426945857,0.000272965432115779,0.000310641274188677,0.000113262915380724,7.65004749268533e-05,0.0231762967225401,7.65004749268533e-05,7.65004749268539e-05,NA,7.20495082884208e-06,7.20495082884208e-06,9.72221236337907e-06,4.19697961773017e-05,4.19697961773017e-05,4.78556626150438e-05,0.000142707243156924,0.0237444624462272,0.0208382471106422,0.0226889900420787,0.00918149785023289,0.00569153436075038,1.86720786502667,0.00569153436075038,0.00569153436075038,0,0.000568193308976494,0.000568193308976494,0.000770504118290795,0.00332728814884469,0.00332728814884469,0.00381054152705762,0.010608652712172,1.43228786821887,0.455966507238126,0.419165869840968,0.0225079702115325,0.220462495495135,21.1769543303671,0.220462495495135,0.757111348317702,0.5,0.00620618898824115,0.00620618898824115,0.00874431779839667,0.0787793690448217,0.0787793690448217,0.0935110570900827,0.290735815315594,273.993300539657,0.483110089739829,0.449333109456106,0.0322333976154143,0.227811984528264,23.5437346677208,0.227811984528264,0.764451962293916,0.5,0.00681307099898919,0.00681307099898919,0.00959312586189175,0.0825413290355451,0.0825413290355451,0.0979445039901867,0.30405751878844,276.851791559414,0.496854918960674,0.464411409887744,0.0381450527652981,0.231694360290255,24.8071638604511,0.231694360290255,0.768305639709745,0.5,0.00717413476107771,0.00717413476107771,0.0100777340534544,0.0847002642326211,0.0847002642326211,0.100387917865613,0.311240660534834,277.870733017675,0.51081167634288,0.479402527745775,0.0445504241250684,0.235548037706084,26.0603273218746,0.235548037706084,0.772188015471736,0.5,0.00756850199561348,0.00756850199561348,0.0106185362487916,0.0869971378481528,0.0869971378481528,0.103046282071599,0.318474240332173,278.606228253167,0.538215581784042,0.507839805851638,0.0582374519701005,0.242888651682298,28.5899947597089,0.242888651682298,0.779537504504865,0.5,0.00844717954725881,0.00844717954725881,0.0118052858880016,0.0919085390299708,0.0919085390299708,0.108652132453702,0.332549422725532,279.317396988309,5827.83252920332,5334.72468414013,6571.30464402948,5535.16359900647,6490.78540869987,5535.16359900647,5535.16359900639,NA,6219.13791574309,6219.13791574309,6280.86881016266,6285.02639734931,6285.02639734931,6340.25507007246,5526.2233305786,3638.61363635677,1.00011880389085,1.00059118067827,1.00067012505658,1.00035515412069,1.00014947287521,1.00035515412069,1.00035515412069,NA,0.99993296106506,0.99993296106506,1.00018787245849,0.999922808248202,0.999922808248202,1.00017784419974,1.00034601790475,1.00162097594951
"GSM1896933",0.327207974455773,0.444369159605247,0.22842286593898,0.215766534055675,20.0211778980519,0.215766534055675,0.784233465944325,0.5,0.00850471311727246,0.00850471311727246,0.0125664511935147,0.0921358986444639,0.0921358986444639,0.112010329455241,0.282561463654436,66.3038744501567,0.000267032821915625,0.000398026326409157,0.00023405600476387,0.000102128830776912,0.0203754367540624,0.000102128830776912,0.000102128830776912,NA,9.851519035803e-06,9.851519035803e-06,1.32859006081208e-05,5.25767118266782e-05,5.25767118266782e-05,5.85350824457615e-05,0.000180230329381827,0.025666675187417,0.0194296443799513,0.0258567082962604,0.0186591059201757,0.00707779640680783,1.58563255621698,0.00707779640680783,0.00707779640680783,0,0.000736559846576158,0.000736559846576158,0.0010125177741207,0.00396121946589683,0.00396121946589683,0.0044877395556048,0.0124756298772501,1.43318774771698,0.289322733461031,0.393521848266727,0.192858293576766,0.202216004065385,16.9770765784495,0.202216004065385,0.770217986011002,0.5,0.00723441165988414,0.00723441165988414,0.0108202266650639,0.0850553446845704,0.0850553446845704,0.104020318471686,0.259119860302958,62.6524737240007,0.314071193832758,0.427148277619783,0.215729848313209,0.211001736183677,18.9263289662699,0.211001736183677,0.779577894054854,0.5,0.00798871298821333,0.00798871298821333,0.0118477286378609,0.0893796005149153,0.0893796005149153,0.108847272072612,0.274093708941984,65.6051970632734,0.327211720868149,0.444331567642067,0.228134317386834,0.215650936056301,20.0230819782723,0.215650936056301,0.784349063943699,0.5,0.00844083085519209,0.00844083085519209,0.012485590393691,0.0918739944438303,0.0918739944438303,0.111738938574209,0.282202758296437,66.6333491138416,0.340122881783041,0.461544681125231,0.240818984463017,0.220422105945146,21.1010909904681,0.220422105945146,0.788998263816323,0.5,0.00895864632986577,0.00895864632986577,0.0132091120517226,0.094650125884001,0.094650125884001,0.114930901202208,0.290663576972978,67.3701846342898,0.365846054013149,0.494265131340196,0.266003736889732,0.229782013988998,23.1048765126148,0.229782013988998,0.797783995934615,0.5,0.0100963499079428,0.0100963499079428,0.0147257391184981,0.100480594681288,0.100480594681288,0.121349656399803,0.307689554784229,68.0705899691822,5294.2008456236,4220.10129354572,6355.38822453385,4802.85430117924,6056.0751379166,4802.85430117924,4802.85430117923,NA,5589.97258090013,5589.97258090013,5807.95594061692,5676.37352566114,5676.37352566114,5877.90849588363,4791.47482599127,3117.93418921142,1.00017416831084,1.00106721609125,1.0008599111731,1.00045247924146,0.999930122579402,1.00045247924146,1.00045247924146,NA,0.999924485978229,0.999924485978229,0.999805810525897,0.999947855445903,0.999947855445903,0.999836260128138,1.00046546556901,1.00071132170776
"GSM1896934",0.337772840468751,0.452872999795755,0.209354159735493,0.223948847592771,18.567629403294,0.223948847592771,0.776051152407229,0.5,0.00942792623428926,0.00942792623428926,0.0135651151842658,0.0969960912782499,0.0969960912782499,0.116359692818556,0.297209137484657,74.9773677702537,0.000293420791170409,0.000462861525568156,0.000280477915291314,0.000124376779971167,0.021723195692858,0.000124376779971167,0.000124376779971165,NA,1.24939977007258e-05,1.24939977007258e-05,1.65201067571894e-05,6.3186088188727e-05,6.3186088188727e-05,6.99873422040066e-05,0.000225690159860616,0.0243869399969475,0.0203588112628215,0.028918268812255,0.0201850068356226,0.0077653798909523,1.59066257388011,0.0077653798909523,0.0077653798909523,0,0.000869600556371257,0.000869600556371257,0.00118627335363981,0.00443700032704165,0.00443700032704165,0.00505373762379319,0.0140866713084778,1.41551169417132,0.298730425307873,0.396549715070331,0.170896880318498,0.208762576359742,15.4333038272043,0.208762576359742,0.76051887752712,0.5,0.00794395347915276,0.00794395347915276,0.0115252834080696,0.0891288588345757,0.0891288588345757,0.107355872696399,0.270234637557861,71.3687808803857,0.323782263015908,0.433228958249194,0.195625626635844,0.218687605391598,17.4921559969414,0.218687605391598,0.770972430539389,0.5,0.00881589973498285,0.00881589973498285,0.0127279274058687,0.0938930227981663,0.0938930227981663,0.112818116477154,0.287571161008918,74.2979552894862,0.337735918323196,0.452901599751926,0.209020025059917,0.2238891861086,18.5674088335695,0.2238891861086,0.7761108138914,0.5,0.0093486647964534,0.0093486647964534,0.0134644528089554,0.0966884935940278,0.0966884935940278,0.116036428799881,0.296902906839392,75.3027879209845,0.351233475351333,0.472629753671744,0.222785576797945,0.229027569460611,19.6418467878289,0.229027569460611,0.781312394608402,0.5,0.00995222217435661,0.00995222217435661,0.0142921204256192,0.0997608248469201,0.0997608248469201,0.119549656734964,0.306295507626082,76.0206420745861,0.378086809647116,0.509392753825153,0.249730810103114,0.23948112247288,21.691440604096,0.23948112247288,0.791237423640258,0.5,0.0113514857555947,0.0113514857555947,0.0161987351142089,0.106543351513851,0.106543351513851,0.127274251535562,0.325966386669743,76.7361242675779,4814.18820982884,3903.39423165665,5179.17350173516,3898.04452435439,5361.77637234748,3898.04452435439,3898.04452435455,NA,4844.36407157876,4844.36407157876,5156.36737061464,4931.01113074614,4931.01113074614,5214.18431553358,3895.75389807108,3369.08760423657,1.00103131064893,1.00181585181849,1.00047373204482,1.00172727076411,0.999702106743187,1.00172727076411,1.00172727076411,NA,0.999980353599344,0.999980353599344,0.99967513399866,0.999976963483917,0.999976963483917,0.999679914494154,1.00175327416651,0.99996429423427
"GSM1896935",0.168842857478611,0.321967183531077,0.509189958990312,0.246147163567034,19.2625250235655,0.246147163567034,0.753852836432966,0.5,0.00970579896421865,0.00970579896421865,0.0130728604797402,0.0984102790443196,0.0984102790443196,0.114232572949534,0.339121170715494,135.6988830584,0.000263430088112543,0.000494798394617456,0.000361306317664929,0.000116485212723368,0.0243702008086404,0.000116485212723368,0.000116485212723369,NA,1.44206626129074e-05,1.44206626129074e-05,1.6893456533276e-05,7.23554538780587e-05,7.23554538780587e-05,7.32598820384471e-05,0.000232150086606791,0.0253055651072102,0.0167711101504607,0.0294550747907281,0.0246910803344979,0.00706424263656171,1.63285104067536,0.00706424263656171,0.00706424263656171,0,0.000914665201790134,0.000914665201790134,0.00112153242924546,0.00460636461454954,0.00460636461454954,0.00487675403426452,0.0139641926768258,1.4163107177394,0.136702152694212,0.262886844934913,0.461135266894244,0.232903264278478,16.1393113867979,0.232903264278478,0.739165624731911,0.5,0.00812309966807389,0.00812309966807389,0.0110784030298672,0.090128240118296,0.090128240118296,0.105253992940254,0.313498599785218,132.188105502676,0.157566360764659,0.302530860170796,0.492888536361059,0.241416889172611,18.154019722203,0.241416889172611,0.749362826079849,0.5,0.00906436765033018,0.00906436765033018,0.0122902548447745,0.0952069726979674,0.0952069726979674,0.110861421801898,0.329695472124083,134.986273849323,0.168618329474179,0.322445200224454,0.508956691500444,0.245959548238924,19.2100918104474,0.245959548238924,0.754040451761076,0.5,0.00965174360495491,0.00965174360495491,0.0130139929956622,0.0982432878310626,0.0982432878310626,0.114078889336218,0.33855729259495,136.008493923593,0.180103690621455,0.342380337818361,0.525501438259097,0.250637173920151,20.3413194620884,0.250637173920151,0.758583110827389,0.5,0.0102619859167863,0.0102619859167863,0.0137710547780446,0.101301460511494,0.101301460511494,0.117350137526748,0.347849564874815,136.742875696194,0.202706896124658,0.377321894622633,0.558842187762412,0.260834375268089,22.5664294146032,0.260834375268089,0.767096735721522,0.5,0.0116932419785774,0.0116932419785774,0.015490128070471,0.108135294768122,0.108135294768122,0.124459343020273,0.368725898015054,137.479632374389,4053.15179082647,3543.75505595419,4670.1311174881,3677.81280853662,4489.26165904395,3677.81280853662,3677.81280853655,NA,4023.0356511355,4023.0356511355,4407.44228672511,4052.97643276179,4052.97643276179,4431.28082659767,3618.21162831746,3132.45617018926,0.999927963700669,1.00009551901628,0.999923376532754,1.00040558885413,1.00095328541103,1.00040558885413,1.00040558885413,NA,1.00111066014004,1.00111066014004,1.0009548111104,1.00110632466783,1.00110632466783,1.00095798711499,1.00043048056206,1.00044741965283
"GSM1896936",0.156925626833696,0.304609144159308,0.538465229006996,0.286726014750209,14.3401682575913,0.286726014750209,0.713273985249791,0.5,0.0144421196380728,0.0144421196380728,0.0176362485474315,0.119934870798249,0.119934870798249,0.132610901872191,0.426998668627626,152.494755192254,0.000418371807924985,0.00124141352511554,0.000901337826161262,0.000285400292786141,0.0301804431926956,0.000285400292786141,0.000285400292786141,NA,3.74165440713349e-05,3.74165440713349e-05,3.66982666136284e-05,0.000155712336316863,0.000155712336316863,0.000138181961787637,0.00067259604095401,0.025105112163405,0.0215297192928688,0.0580286475425181,0.044958046432662,0.0133555558900902,1.55459718315111,0.0133555558900902,0.0133555558900902,0,0.00182625701437411,0.00182625701437411,0.0018900381115291,0.00759958050705306,0.00759958050705306,0.00711361915783024,0.0314006421491071,1.36887666269788,0.11761834759049,0.186322476552342,0.454465506089983,0.260391615943769,11.630215573467,0.260391615943769,0.687692135817554,0.5,0.0110720343446016,0.0110720343446016,0.0141034819377357,0.10522373462484,0.10522373462484,0.118758081548977,0.367801120478783,149.083454462724,0.141913968370707,0.265603075570431,0.506735423569173,0.277552199895423,13.2332022948283,0.277552199895423,0.704054383422616,0.5,0.0131535808944574,0.0131535808944574,0.0163057706574548,0.114689061681325,0.114689061681325,0.127694050985995,0.404957815351818,151.795744487744,0.155924195593719,0.306563907938949,0.537365432704599,0.286821742160125,14.2037739713729,0.286821742160125,0.713178257839875,0.5,0.0143915414872423,0.0143915414872423,0.0176009559507912,0.119964751019796,0.119964751019796,0.132668594440059,0.426239695773652,152.820953207959,0.17064452374991,0.347016546219938,0.569429452501538,0.295945616577384,15.3319953571456,0.295945616577384,0.722447800104577,0.5,0.015659336119743,0.015659336119743,0.018891874732178,0.125137269107671,0.125137269107671,0.137447716354454,0.448110777375266,153.509024464686,0.202173144212803,0.411048861454816,0.627172842319512,0.312307864182446,17.7261190836276,0.312307864182446,0.739608384056231,0.5,0.018173076904372,0.018173076904372,0.0214957323519711,0.13480755507156,0.13480755507156,0.146614229619662,0.489902526661875,154.203943232264,2648.20689096079,2185.00256956197,2487.9386582926,2189.8537412137,2653.28881901458,2189.8537412137,2189.8537412137,NA,2382.2999960734,2382.2999960734,2652.46718733346,2381.95305757647,2381.95305757647,2650.19916616356,2179.55807725486,2973.06433340382,1.0000387383076,1.00047767009093,1.00071899623208,1.00110513590177,1.00116625361698,1.00110513590177,1.00110513590177,NA,1.00153053598047,1.00153053598047,1.00146021870176,1.00144762630756,1.00144762630756,1.00139258820674,1.0011760280191,1.0012656668935
"GSM1896937",0.289936180088083,0.475854629444001,0.234209190467915,0.255765458300291,16.9497842104582,0.255765458300291,0.744234541699709,0.5,0.0113772762065016,0.0113772762065016,0.014933644014025,0.106443120710546,0.106443120710546,0.122010963411695,0.358930791844981,114.159149532902,0.000425313358384112,0.000883840252387534,0.000528095998993895,0.000254601972416892,0.0327151776943438,0.000254601972416892,0.000254601972416894,NA,2.85400102661965e-05,2.85400102661965e-05,3.04356926775958e-05,0.000130121762939018,0.000130121762939018,0.000122413557600302,0.00053527263135263,0.0305248574207947,0.0240243303766325,0.0448430932077246,0.0297736739194338,0.0127127848662591,1.86553383919851,0.0127127848662591,0.0127127848662591,0,0.00149054292025422,0.00149054292025422,0.00169474737200806,0.00686615998363097,0.00686615998363097,0.0068538086646574,0.0264386745017465,1.46545834756964,0.244534384250416,0.379229077816991,0.179512853875523,0.233861963773994,13.3295501866361,0.233861963773994,0.716464303405059,0.5,0.00901478512885272,0.00901478512885272,0.0121203590495468,0.0949462222983307,0.0949462222983307,0.110092502199316,0.315296495688704,110.443615971478,0.273571569398631,0.448305980181367,0.213707404118407,0.246952370765648,15.6530766159151,0.246952370765648,0.736554909296294,0.5,0.0103111890482433,0.0103111890482433,0.0137417977725581,0.101544025170813,0.101544025170813,0.117225414356223,0.340515184788882,113.441076459903,0.289198785525169,0.478114586276529,0.232819643131545,0.254673527551431,16.9448636718984,0.254673527551431,0.745326472448569,0.5,0.0111754753309,0.0111754753309,0.0147537333342406,0.105714120773063,0.105714120773063,0.121464946936295,0.356009117158099,114.488926209293,0.305457133786098,0.506017501689416,0.252506801398149,0.263445090703706,18.1926705844483,0.263445090703706,0.753047629234352,0.5,0.0122282672589383,0.0122282672589383,0.01597130111555,0.110581495960599,0.110581495960599,0.126377613188688,0.374213871413005,115.240223548862,0.339917628678128,0.55824467229024,0.296555552564283,0.283535696594941,20.626451718471,0.283535696594941,0.766138036226006,0.5,0.0148545515776435,0.0148545515776435,0.0187553219247617,0.121879249950807,0.121879249950807,0.136950070586046,0.418591222615009,115.991865807399,3190.68944965576,2574.20761492509,3178.62358169798,2493.20430218579,3251.67921739707,2493.20430218579,2493.20430218577,NA,2727.60025364387,2727.60025364387,3100.5844018276,2784.37649904927,2784.37649904927,3134.76445117683,2439.65985279203,2304.83409646178,1.00046152344298,1.00101181482234,1.00077455206294,1.00073813781888,1.00025223664195,1.00073813781888,1.00073813781888,NA,1.00048176901927,1.00048176901927,1.00032555247465,1.00045901333086,1.00045901333086,1.00031000987321,1.00077018429552,1.00025893031876
"GSM1896938",0.317103732237629,0.462442889301611,0.22045337846076,0.267715909856577,21.4150583467283,0.267715909856577,0.732284090143423,0.5,0.00926166694299045,0.00926166694299045,0.0118056830968506,0.0960739878273242,0.0960739878273242,0.108499496715634,0.383722996651285,167.990785092266,0.0003710399232745,0.000632073904760047,0.0003303052523569,0.000165714337259441,0.0352317462439602,0.000165714337259441,0.000165714337259442,NA,1.87539725382033e-05,1.87539725382033e-05,2.0757627906004e-05,9.45589695930525e-05,9.45589695930525e-05,9.36264219971635e-05,0.00036477277244495,0.0265213565498269,0.0226342351335286,0.0351811460904057,0.0230203740609752,0.00923218324022923,2.24038548203961,0.00923218324022923,0.00923218324022923,0,0.00109543062769736,0.00109543062769736,0.00127236420710131,0.00560889814606383,0.00560889814606383,0.00579193427256074,0.0200530564699737,1.41909745296261,0.274179210822738,0.391676162541307,0.176919975842791,0.250901606328167,17.0590743405744,0.250901606328167,0.71275973821175,0.5,0.00751152361305703,0.00751152361305703,0.00970922597846967,0.0866690464528187,0.0866690464528187,0.0985354046602865,0.348380062355891,164.415150732648,0.302219957365876,0.439285878989973,0.204671649344717,0.26148275930271,19.896047742509,0.26148275930271,0.726581890765595,0.5,0.00848722813876508,0.00848722813876508,0.0109177336611772,0.0921261533692176,0.0921261533692176,0.104487959377371,0.370083251336354,167.280188505969,0.316545927087427,0.46323533855392,0.220089643754856,0.267272500378932,21.4364611054079,0.267272500378932,0.732727499621068,0.5,0.00912028422602266,0.00912028422602266,0.0116623727570759,0.0955001791919939,0.0955001791919939,0.107992466204969,0.382369929408732,168.310153312877,0.331717410866356,0.485974980846951,0.235558339390146,0.273418109234405,22.8985253110537,0.273418109234405,0.73851724069729,0.5,0.00989616766288317,0.00989616766288317,0.012565309630564,0.0994794836269164,0.0994794836269164,0.112095091893802,0.395750835116958,169.039081207547,0.362893036603244,0.531071976875773,0.266890197942193,0.28724026178825,25.7487055369288,0.28724026178825,0.749098393671833,0.5,0.0117906987068,0.0117906987068,0.0146549569460717,0.108584983799784,0.108584983799784,0.121057659592682,0.427222279505544,169.776120606563,3721.26298788787,3098.02019870098,4857.28731281715,3103.76379573199,4043.68354581185,3103.76379573199,3103.76379573196,NA,3411.79719169405,3411.79719169405,3757.22706051285,3518.43591379127,3518.43591379127,3826.92892084059,3022.15215316772,2863.07663494809,1.00013522026423,1.00048537116296,1.00016544659802,1.00056744553699,1.00111932451731,1.00056744553699,1.00056744553699,NA,1.00116109131631,1.00116109131631,1.00112790888726,1.00113965114236,1.00113965114236,1.00112792364662,1.00059849662297,1.00140943376118
"GSM1896939",0.267614915028748,0.357323220447918,0.375061864523334,0.255226439407833,19.1575793746512,0.255226439407833,0.744773560592167,0.5,0.010026463823652,0.010026463823652,0.0131779670660406,0.0999737956858159,0.0999737956858159,0.114653293576715,0.357484387062761,97.7823612148238,0.000317428467537204,0.000697668266860564,0.000471082248649514,0.000177279181863877,0.030742537755495,0.000177279181863877,0.000177279181863877,NA,2.06711065821623e-05,2.06711065821623e-05,2.2292554459155e-05,0.000100852120404707,0.000100852120404707,9.55298602997208e-05,0.000369222359717582,0.0286955525641448,0.0198810587833345,0.035755626859854,0.0275699945526125,0.00905741918323467,1.87564569893142,0.00905741918323467,0.00905741918323467,0,0.00114217420362502,0.00114217420362502,0.00132264267864923,0.00563098244697611,0.00563098244697611,0.00570906404138456,0.0187017679723387,1.45551574020195,0.229865695805185,0.281248980468238,0.323994590086362,0.238978611897,15.506571348027,0.238978611897,0.725131752062998,0.5,0.0081835431824655,0.0081835431824655,0.0109885308135743,0.0904629381697817,0.0904629381697817,0.104826192939886,0.325002873931934,94.1095540166757,0.253899010871144,0.335826591648531,0.356722512051556,0.249003691231696,17.8547525797322,0.249003691231696,0.739248945666727,0.5,0.00920032886115102,0.00920032886115102,0.0122258018126684,0.0959183447307134,0.0959183447307134,0.11057034779812,0.34458493275961,97.0704133219875,0.267159572189568,0.358845346959986,0.373962094747923,0.254553484337022,19.146209033731,0.254553484337022,0.745446515662978,0.5,0.00990210482940311,0.00990210482940311,0.0130574151551375,0.0995093203119156,0.0995093203119156,0.114269047231222,0.355764516865486,98.108828695257,0.280635063582786,0.381160018525979,0.392374028825455,0.260751054333273,20.4485565747923,0.260751054333273,0.750996308768304,0.5,0.0107050067797088,0.0107050067797088,0.0140018742333132,0.103465002675412,0.103465002675412,0.118329515473006,0.368551737478806,98.8639846176386,0.308185011491585,0.423060542378585,0.433073040702837,0.274868247937002,22.7509948500585,0.274868247937002,0.761021388103,0.5,0.0125775023258732,0.0125775023258732,0.0161221971526581,0.1121494640932,0.1121494640932,0.126973214284154,0.39896115143473,99.604085318914,3922.71967677445,2626.58133245563,3425.152256497,2610.31823751855,3722.39264034452,2610.31823751855,2610.31823751854,NA,3053.07337588888,3053.07337588888,3520.18422200797,3117.44126528934,3117.44126528934,3571.50731667055,2565.60233341089,2572.79171606579,1.0007444693562,1.0015523881188,1.00117658990756,1.00167166168573,1.00089731989379,1.00167166168573,1.00167166168573,NA,1.00156845212102,1.00156845212102,1.00119714829338,1.00143664237451,1.00143664237451,1.00111719627825,1.00180323083186,1.0031189569954
"GSM1896940",0.353009171163157,0.598427032965553,0.0485637958712898,0.237208663180564,22.316327290167,0.237208663180564,0.762791336819436,0.5,0.00816520978179583,0.00816520978179583,0.0112843464274238,0.0902704701980338,0.0902704701980338,0.106130289661075,0.321846358870697,255.494915602407,0.000318457051802984,0.000392687361827578,0.00015931126577415,0.000113709160138384,0.0265099879012846,0.000113709160138384,0.000113709160138387,NA,1.03180477082882e-05,1.03180477082882e-05,1.38482619376056e-05,5.62961207642366e-05,5.62961207642366e-05,6.4442666578193e-05,0.000216463449330942,0.0254098320594065,0.0221084914806882,0.0254582725813388,0.0111438146649623,0.00783415370333025,1.88861978234826,0.00783415370333025,0.00783415370333025,0,0.000739687264658518,0.000739687264658518,0.000974273708029305,0.00405635905435001,0.00405635905435001,0.00455089361655607,0.0149234001880143,1.44277730743359,0.309913210211156,0.547588242535585,0.0287256791776526,0.222073168724162,18.7296183197313,0.222073168724162,0.747425788609015,0.5,0.00691094732244182,0.00691094732244182,0.00961602038216038,0.0831321076439303,0.0831321076439303,0.0980613093022109,0.293625108116009,251.745317570063,0.337926844140944,0.581483584440244,0.0407908082350213,0.231923206492845,21.001370947994,0.231923206492845,0.757523692844909,0.5,0.00764391886931826,0.00764391886931826,0.0105981212464488,0.087429508001091,0.087429508001091,0.102947176971683,0.311667308019708,254.799196821172,0.352686676113594,0.598628782559304,0.0480355851021366,0.237185406379179,22.2870929454343,0.237185406379179,0.762814593620821,0.5,0.00811277253124385,0.00811277253124385,0.0112172547859058,0.0900709305541503,0.0900709305541503,0.105911542269185,0.321579641042466,255.833137798586,0.367549926093288,0.615599300942765,0.0556700968162725,0.242476307155091,23.5890866114301,0.242476307155091,0.768076793507155,0.5,0.00861863001329796,0.00861863001329796,0.0119039847744659,0.092836576911118,0.092836576911118,0.109105383801042,0.331748185780273,256.537673411571,0.397448224588454,0.648244563716155,0.0727156850325918,0.252574211390985,25.9982810013418,0.252574211390985,0.777926831275838,0.5,0.00975145151255316,0.00975145151255316,0.0133478427487587,0.0987494380348339,0.0987494380348339,0.11553286436224,0.351748702699567,257.261096242709,4819.66087060266,4203.04476782418,4892.99514462878,4746.71626297614,5075.39689585839,4746.71626297614,4746.71626297591,NA,5139.26745536869,5139.26745536869,4949.61508216535,5191.77474043009,5191.77474043009,4987.08030019625,4752.9847542733,3223.99987665208,1.00011017647937,0.999914357446569,1.00028852839966,0.999985825723551,1.00110819028753,0.999985825723551,0.999985825723551,NA,1.00111347404608,1.00111347404608,1.00098570057157,1.00115804845971,1.00115804845971,1.00101737904401,0.99998110444728,1.00075629957916
"GSM1896941",0.47810581073636,0.457717838904955,0.064176350358685,0.26859263268183,20.142057723486,0.26859263268183,0.73140736731817,0.5,0.00991422629615305,0.00991422629615305,0.0125987246953353,0.0993170990491398,0.0993170990491398,0.112028532811995,0.385837971443764,260.05916528979,0.000620316100390554,0.000700200784768795,0.000200571913285485,0.000232925341209998,0.0449780315323832,0.000232925341209998,0.000232925341209998,NA,2.98836004009925e-05,2.98836004009925e-05,3.12474482249102e-05,0.000143844262025446,0.000143844262025446,0.000134824964536167,0.000521728244706969,0.0292666742058512,0.0324357079421625,0.035863417070793,0.0130430672205542,0.0113942968110155,2.40335240191214,0.0113942968110155,0.0113942968110155,0,0.00145248684569587,0.00145248684569587,0.00159193222251708,0.00709552153965091,0.00709552153965091,0.00695259474215463,0.0251709146775598,1.48374336865132,0.420328817748243,0.380528621528704,0.0399262409457018,0.249166893236638,15.379348022207,0.249166893236638,0.705713609145447,0.5,0.00771392104340765,0.00771392104340765,0.0100761394615209,0.0878289305504831,0.0878289305504831,0.100379975393513,0.344910146895289,256.261524032864,0.455547028943054,0.435579362447476,0.0551557665418953,0.260892232085621,18.5536353932048,0.260892232085621,0.724868805122672,0.5,0.00889902686842969,0.00889902686842969,0.0114879364072237,0.0943346535925674,0.0943346535925674,0.107181791395912,0.368846868173874,259.326641397295,0.476102149592157,0.45991664734219,0.0637273483087108,0.267481627767034,20.1763005924385,0.267481627767034,0.732518372232966,0.5,0.00969341148218647,0.00969341148218647,0.0123907749548336,0.0984551242044411,0.0984551242044411,0.111313857870732,0.382819428086864,260.399534006308,0.497889239765214,0.482051927783336,0.0727176587546072,0.275131194877328,21.761958908171,0.275131194877328,0.739107767914379,0.5,0.0106860390434316,0.0106860390434316,0.0134744482573482,0.103373299457496,0.103373299457496,0.116079491108964,0.399545477312341,261.159408930025,0.546746384494983,0.522701970921365,0.0912809672934847,0.294286390854553,24.8110897140154,0.294286390854553,0.750833106763361,0.5,0.0132900555205345,0.0132900555205345,0.0162555655641126,0.115282503073576,0.115282503073576,0.12749731590254,0.444061571930557,261.928514867621,2734.13941459399,2623.36154036243,4228.82029832031,2392.99381306789,2855.18348165614,2392.99381306789,2392.99381306788,NA,2362.4279652986,2362.4279652986,2595.49402009507,2433.23223095749,2433.23223095749,2659.2134692031,2327.60508700607,2570.22317860303,1.00009597048905,1.00008580224417,1.00026983137617,1.00050585107471,1.00184384748354,1.00050585107471,1.00050585107471,NA,1.00195767821129,1.00195767821129,1.00204106078535,1.00186289003711,1.00186289003711,1.00198259248575,1.00060879243054,1.00134196064204
"GSM1896942",0.342249275449355,0.469285587751584,0.188465136799061,0.265859076985907,23.0498438341478,0.265859076985907,0.734140923014093,0.5,0.00854200580338187,0.00854200580338187,0.0109410612967504,0.0923078349481228,0.0923078349481228,0.104484406275327,0.379658706046593,187.846135439993,0.000337905185065248,0.000576242884778682,0.000326650245524081,0.000136708508444241,0.0323317832797388,0.000136708508444241,0.000136708508444239,NA,1.33522221130905e-05,1.33522221130905e-05,1.58455917054466e-05,7.11619883807264e-05,7.11619883807264e-05,7.49236186635603e-05,0.00029397076949477,0.0255246892173451,0.0221842213132953,0.0332173091659494,0.0219767076237442,0.00830321081987966,2.13559361768823,0.00830321081987966,0.00830321081987966,0,0.000861495258046703,0.000861495258046703,0.00103457899637105,0.0046121653895637,0.0046121653895637,0.00490643976694384,0.0178142678683416,1.42339186662801,0.298643302818826,0.403098152723197,0.146579125585323,0.250095611445847,18.9132608077217,0.250095611445847,0.717410955397194,0.5,0.00709884002518985,0.00709884002518985,0.00915856088046628,0.0842546142486212,0.0842546142486212,0.0957003703126658,0.346764849753465,184.238303572821,0.327208349891457,0.447311841516875,0.173407837927699,0.260317420918919,21.5964708180087,0.260317420918919,0.728725229664744,0.5,0.00793856344521632,0.00793856344521632,0.0102179042798886,0.0890986164042963,0.0890986164042963,0.10108364991342,0.367646318820041,187.127170022856,0.341988808924236,0.469837595236231,0.187970103390978,0.265616630814103,22.986119524429,0.265616630814103,0.734383369185897,0.5,0.00846942136717404,0.00846942136717404,0.0108761289497821,0.0920294592289544,0.0920294592289544,0.10428868083235,0.378824996907883,188.159267844341,0.357430380502716,0.491708343164288,0.202643958408246,0.271274770335257,24.4668567211867,0.271274770335257,0.739682579081081,0.5,0.00906284557856319,0.00906284557856319,0.0115759654524956,0.0951989788709611,0.0951989788709611,0.10759166069687,0.391043342875536,188.89852678352,0.386280664108904,0.534132232711502,0.231986736656366,0.282589044602806,27.2968650352652,0.282589044602806,0.749904388554153,0.5,0.0104610646195367,0.0104610646195367,0.0132182389227478,0.102279345994964,0.102279345994964,0.114970600244456,0.416409366115651,189.650330962578,4310.21234498557,3322.9036244774,4526.46621172782,3688.93531342327,4362.92663801268,3688.93531342327,3688.93531342333,NA,4162.92595456814,4162.92595456814,4262.95150416411,4200.62193595057,4200.62193595057,4288.40164354771,3672.21126399483,3109.76831275083,1.00034666130764,1.00101235809202,1.00083427649864,1.00057991530077,1.00002189080633,1.00057991530077,1.00057991530077,NA,1.0000629837617,1.0000629837617,1.00013043623744,1.00003675746615,1.00003675746615,1.00010327302661,1.00058901126057,1.00033816804474
"GSM1896943",0.259273178225174,0.357179625578383,0.383547196196444,0.244315867502094,17.8277268089908,0.244315867502094,0.755684132497906,0.5,0.0104566074395244,0.0104566074395244,0.0141501821528332,0.102104366661342,0.102104366661342,0.118818892685145,0.335660460002851,72.5675057225272,0.000351166426010196,0.000712092001036654,0.000450289441749867,0.000181335331544379,0.0272868406593665,0.000181335331544379,0.00018133533154438,NA,2.1486009325948e-05,2.1486009325948e-05,2.29453237660135e-05,0.000102336906582862,0.000102336906582862,9.45900081128253e-05,0.000360754415151317,0.0265241538076373,0.0202193648245931,0.0352140657892898,0.026746741914987,0.00920468642814649,1.67785969991688,0.00920468642814649,0.00920468642814649,0,0.00115910479781954,0.00115910479781954,0.00136334005095319,0.00559550372338968,0.00559550372338968,0.00567951811556318,0.0181641096769573,1.44901419462137,0.221112877061941,0.281006322916827,0.335270627584921,0.228158865590872,14.4990002339393,0.228158865590872,0.735612362996863,0.5,0.00854188260147615,0.00854188260147615,0.0118143755062724,0.0924223057218995,0.0924223057218995,0.108693953400752,0.3046951337293,68.8733687453612,0.245217390446674,0.335227336882889,0.364783257962322,0.237969268077117,16.7258561585183,0.237969268077117,0.750047345765475,0.5,0.00964176059115524,0.00964176059115524,0.0132015625975332,0.0981924670721046,0.0981924670721046,0.114898053058703,0.323073152062772,71.8905648326658,0.258799104330273,0.358721769125933,0.382197063815326,0.24363898477101,17.8046326731838,0.24363898477101,0.75636101522899,0.5,0.0103317181577627,0.0103317181577627,0.0140412894159673,0.101645059680888,0.101645059680888,0.118495946815181,0.334010715815688,72.8750887121065,0.272543286457465,0.381588281361114,0.401365910106521,0.249952654234525,18.9371521907032,0.249952654234525,0.762030731922883,0.5,0.0111252417466648,0.0111252417466648,0.0149469179714109,0.105476261531495,0.105476261531495,0.122257588604414,0.346478907722515,73.6263528094627,0.300791387710402,0.420894077259913,0.439112773155771,0.264387637003137,21.1606614247255,0.264387637003137,0.771841134409128,0.5,0.0131987347231628,0.0131987347231628,0.0172425682090496,0.11488574637402,0.11488574637402,0.131310959940455,0.376210086982112,74.3867442328515,3315.19471738748,2445.45754679284,3528.24103333514,2576.63638366061,3780.98344867289,2576.63638366061,2576.63638366059,NA,2910.27405211,2910.27405211,3530.36822975884,2989.60497793112,2989.60497793112,3605.22565449519,2535.15735713108,2984.43554933517,0.999872221141383,1.00068311492613,1.00098315454187,1.00064711135334,0.999749937041476,1.00064711135334,1.00064711135334,NA,1.00007854372327,1.00007854372327,0.999863315445384,1.00002672100458,1.00002672100458,0.999827979249348,1.00069166200795,1.00073246670254
"GSM1896944",0.307244183130584,0.584957572451159,0.107798244418258,0.228553517029427,17.2211149885503,0.228553517029427,0.771446482970573,0.5,0.01034046001135,0.01034046001135,0.0146736937151757,0.101539293716592,0.101539293716592,0.12097016461708,0.305816700870231,147.218816733521,0.000410222621544554,0.000694464506902074,0.000353047525786977,0.000193126856266062,0.0319620948015823,0.000193126856266062,0.000193126856266065,NA,2.00967860526497e-05,2.00967860526497e-05,2.89828271093734e-05,9.63975890065747e-05,9.63975890065747e-05,0.000117335536223815,0.000356574316397496,0.0275561503819337,0.023435305549533,0.0350787130452678,0.0199342617287504,0.0107707701404444,1.76282470636971,0.0107707701404444,0.0107707701404444,0,0.00113447147999623,0.00113447147999623,0.00154822034094126,0.00549869278451808,0.00549869278451808,0.00631806753995564,0.0199043813548036,1.45517917343518,0.26143009907754,0.517913581492639,0.0695866260254551,0.2075293093244,13.7931786036042,0.2075293093244,0.749866703518526,0.5,0.00848607891060552,0.00848607891060552,0.0120934634133769,0.0921199159190924,0.0921199159190924,0.10997028422886,0.268121820111205,143.533221287029,0.291611120107157,0.561438487897466,0.0942402178501814,0.221431192664597,16.0512868609989,0.221431192664597,0.764391963524107,0.5,0.00955317064422071,0.00955317064422071,0.0135850382366141,0.0977403224932652,0.0977403224932652,0.116554872212001,0.292471502778945,146.490341696209,0.306997609653471,0.584387292178114,0.107726804283577,0.228527681521496,17.1986001146002,0.228527681521496,0.771472318478504,0.5,0.0102206976434997,0.0102206976434997,0.0145360667923254,0.101097466058606,0.101097466058606,0.120565611980866,0.305373960992306,147.546131494036,0.323066365627755,0.608067594139577,0.12092763323357,0.235608036475894,18.4025981866734,0.235608036475894,0.778568807335403,0.5,0.0109832132253864,0.0109832132253864,0.0155750752340204,0.104800826452967,0.104800826452967,0.124800141132975,0.318587693079593,148.28547514918,0.353117518037684,0.655010725039853,0.147811594446882,0.250133296481474,20.6723244991604,0.250133296481474,0.7924706906756,0.5,0.012986059116774,0.012986059116774,0.0181249012424311,0.113956391244263,0.113956391244263,0.134628753400818,0.346840254340144,149.040969175534,3263.63836025314,2551.45077879625,3188.11491941945,3110.3422034256,3041.91998819407,3110.3422034256,3110.34220342551,NA,3186.64692202876,3186.64692202876,2853.54053253359,3253.76788445655,3253.76788445655,2899.40847201708,3115.99858093918,2788.66180644075,1.00033782320425,1.00052061915436,1.00093417481171,1.00003431235656,1.00084901329821,1.00003431235656,1.00003431235656,NA,1.00053326925564,1.00053326925564,1.00075468516405,1.00053698794526,1.00053698794526,1.00078346336522,1.00003767510839,1.00085589063833
"GSM1896945",0.43637385153484,0.486900843018959,0.076725305446201,0.223528852601146,21.444141096219,0.223528852601146,0.776471147398854,0.5,0.00814018492254483,0.00814018492254483,0.0117295961720543,0.0901523720549314,0.0901523720549314,0.108220183571182,0.296386153931946,188.440609065241,0.000286326873670719,0.000372104129202288,0.000175695173132617,9.05597331859641e-05,0.0214290162998497,9.05597331859641e-05,9.05597331859645e-05,NA,8.06567312717315e-06,8.06567312717315e-06,1.2005995431032e-05,4.4412023637221e-05,4.4412023637221e-05,5.49630740435833e-05,0.000164028674988892,0.0231733839611796,0.0207165917520988,0.0251692201562826,0.0134635593383429,0.00642881297217891,1.6693454908155,0.00642881297217891,0.00642881297217891,0,0.000646942082501178,0.000646942082501178,0.000923057705600917,0.00356879916148168,0.00356879916148168,0.00424149604030531,0.0116388379433214,1.38386007745715,0.395272772470816,0.43744983545296,0.0518739726400914,0.211067758840209,18.2901057948864,0.211067758840209,0.763707729805239,0.5,0.00700746558302018,0.00700746558302018,0.0100770897938237,0.0837106061436317,0.0837106061436317,0.100384708963592,0.274207948759141,184.970412702496,0.422328789844614,0.470001727614646,0.067432035091217,0.219204793086211,20.2869998309826,0.219204793086211,0.772209898146073,0.5,0.00768950638167624,0.00768950638167624,0.0110815152860465,0.0876898305479295,0.0876898305479295,0.10526877640614,0.288491248015454,187.754257144323,0.43627112604956,0.486930541540044,0.0763355164480102,0.223482778656279,21.4187676072931,0.223482778656279,0.776517221343721,0.5,0.00809733426376791,0.00809733426376791,0.0116720067462931,0.0899851891350838,0.0899851891350838,0.108037061910166,0.296167498029284,188.751233464655,0.450415496249502,0.504399428715909,0.085345883956275,0.227790101853927,22.5600916072239,0.227790101853927,0.780795206913789,0.5,0.00854866981090828,0.00854866981090828,0.0123231627191282,0.0924590169247091,0.0924590169247091,0.11100974155058,0.30401732268047,189.458267935853,0.476399207353252,0.536658878326884,0.104382133176182,0.236292270194761,24.8087498600031,0.236292270194761,0.788932241159791,0.5,0.00950037516516719,0.00950037516516719,0.0136685923418724,0.0974698679792529,0.0974698679792529,0.11691275525738,0.319883346407665,190.171366799548,5234.94825060357,4575.20481284644,5872.19024063119,5039.54484531306,6068.59264441569,5039.54484531306,5039.54484531301,NA,6433.53353568036,6433.53353568036,5911.00540826993,6457.18295684239,6457.18295684239,5955.19659045666,5034.77061711086,3566.19795215208,1.00000661127839,1.00027971063176,1.00011206537365,1.00030780110866,1.0002540403382,1.00030780110866,1.00030780110866,NA,1.00000124379487,1.00000124379487,1.00026934387391,0.999993877977219,0.999993877977219,1.00026453195448,1.00029433874915,1.00027683099131
"GSM1896946",0.273709947417331,0.475578731632457,0.250711320950211,0.263711904778018,18.3202011274963,0.263711904778018,0.736288095221982,0.5,0.0107521128783682,0.0107521128783682,0.013830021327588,0.103453841278803,0.103453841278803,0.117400208518985,0.375542924021774,137.945866464703,0.000510021724921243,0.00101253661884139,0.000562559876045129,0.000292403726596903,0.0382074905721607,0.000292403726596903,0.000292403726596896,NA,3.06128401397701e-05,3.06128401397701e-05,3.11555176337577e-05,0.000142673580724206,0.000142673580724206,0.000129382468974772,0.000644566763791974,0.0300382058111329,0.0256478137735512,0.0447424966146221,0.0281534611651511,0.0128791868279212,2.08140242530748,0.0128791868279212,0.0128791868279212,0,0.00149096168055598,0.00149096168055598,0.00164133202887516,0.0070300626420454,0.0070300626420454,0.00687155510568643,0.0278756832622009,1.50463842277764,0.227715255521414,0.374634762694801,0.200739466719204,0.241990909336061,14.1620060711308,0.241990909336061,0.706941153871352,0.5,0.00843319513286206,0.00843319513286206,0.0111764054412557,0.0918324296287863,0.0918324296287863,0.10571851985379,0.33080663966141,134.197088301831,0.255873030008722,0.450476903747024,0.231927995281293,0.254979712488801,16.9482951004423,0.254979712488801,0.72880842312872,0.5,0.00971410603206885,0.00971410603206885,0.0126785592061513,0.0985601645294115,0.0985601645294115,0.112599108369874,0.356633542573738,137.197513070616,0.272175072380086,0.478231242074949,0.248767273966476,0.262458491353889,18.3526789073003,0.262458491353889,0.737541508646111,0.5,0.0105359612296964,0.0105359612296964,0.0136219895405236,0.102644830506381,0.102644830506381,0.116713279188556,0.372132858487974,138.295344293541,0.28967313299624,0.505311389047273,0.267469623664951,0.27119157687128,19.7183288709206,0.27119157687128,0.745020287511199,0.5,0.0115439117398384,0.0115439117398384,0.0147507464346579,0.107442597416781,0.107442597416781,0.12145265078473,0.390861512614625,139.060793689493,0.328859230926357,0.554296318897467,0.312477833856193,0.293058846128648,22.3685514470258,0.293058846128648,0.758009090663939,0.5,0.0142966911510896,0.0142966911510896,0.0176528664081624,0.119568771638286,0.119568771638286,0.132864089904592,0.441086813354415,139.816150855607,2528.85164276965,1952.62547280388,2504.52909871114,1940.04176672732,2967.66642517594,1940.04176672732,1940.04176672742,NA,2372.06025203308,2372.06025203308,2775.38314374208,2427.90264202096,2427.90264202096,2820.71493744615,1870.31702221816,2509.09045628256,1.00347537869245,1.00499417848681,1.003469350499,1.00629588593877,1.00424303819552,1.00629588593877,1.00629588593877,NA,1.0061419270329,1.0061419270329,1.00490001302576,1.00592739376534,1.00592739376534,1.00474337148076,1.00662809457273,1.00212663553592
"GSM1896947",0.377704301676768,0.405477320731755,0.216818377591477,0.274398917015833,21.765207763503,0.274398917015833,0.725601082984167,0.5,0.00924564010419749,0.00924564010419749,0.0116046945628135,0.0960054076852306,0.0960054076852306,0.107584884948022,0.39831196860649,173.762319640553,0.000441548637926767,0.000713934353694383,0.000349399052007914,0.000180770305387324,0.0378124570579019,0.000180770305387324,0.000180770305387323,NA,2.02898163103607e-05,2.02898163103607e-05,2.1649628917493e-05,0.000102502476456478,0.000102502476456478,9.83585597188651e-05,0.000409802452333379,0.0294830544007515,0.0249238857416779,0.0365978635971158,0.0225917331225583,0.0088854499844937,2.17758806474586,0.0088854499844937,0.0088854499844937,0,0.00104349146392435,0.00104349146392435,0.00119704591576025,0.00534839929904623,0.00534839929904623,0.00549462167877415,0.0198621524959549,1.49102173550352,0.330522341825068,0.332855657023613,0.174327849748847,0.257876572068924,17.418446332942,0.257876572068924,0.706702425984324,0.5,0.00754861545843837,0.00754861545843837,0.00960090073285008,0.0868827684730051,0.0868827684730051,0.0979841860547996,0.362580234757484,169.964693712094,0.360841761566663,0.381730658465033,0.201461612207477,0.268379776035746,20.3063132010761,0.268379776035746,0.720071541590267,0.5,0.00851179548871126,0.00851179548871126,0.0107644234833425,0.0922593923392558,0.0922593923392558,0.103751739664168,0.384754516872547,173.028330748801,0.377332052542933,0.406441239630382,0.216296638605448,0.274030739549186,21.7547384867952,0.274030739549186,0.725969260450814,0.5,0.00913428857804436,0.00913428857804436,0.0114917492648967,0.0955734721460045,0.0955734721460045,0.10719957679366,0.397104562078446,174.098812400044,0.3941465374484,0.429748714114177,0.231288954280437,0.279928458409733,23.2246529864773,0.279928458409733,0.731620223964254,0.5,0.00985596089015119,0.00985596089015119,0.0123114421582513,0.0992771921950976,0.0992771921950976,0.110956938282611,0.410327707944447,174.841057142702,0.427882747802933,0.474989788086538,0.262218811580696,0.293297574015676,26.0392236755978,0.293297574015676,0.742123427931077,0.5,0.011653164965288,0.011653164965288,0.0143526004526055,0.107949826142623,0.107949826142623,0.119802339051636,0.441663947532982,175.635659329989,3186.21005986459,2627.81572958599,4180.76400702763,2416.04305754825,3316.5126448204,2416.04305754825,2416.04305754829,NA,2644.97499701704,2644.97499701704,3057.17785333847,2722.56922011982,2722.56922011982,3120.69459875494,2349.11088890903,2557.54333639614,0.99976150889167,1.00004443052157,1.00039111738238,1.00066271929469,1.00055369954408,1.00066271929469,1.00066271929469,NA,1.00088380631101,1.00088380631101,1.00078852298208,1.0008228742009,1.0008228742009,1.00073160855857,1.00074369788205,1.00205433447862
"GSM1896948",0.220685594344933,0.341102117294846,0.438212288360221,0.282040465457344,19.3432422411626,0.282040465457344,0.717959534542656,0.5,0.0106235375487512,0.0106235375487512,0.0130995335552527,0.102839916567625,0.102839916567625,0.114259824868918,0.415843318664097,160.15445190237,0.000434964051543495,0.0010680111932864,0.000712913127819795,0.000253065296803899,0.0445343502616294,0.000253065296803899,0.000253065296803895,NA,3.05990111949352e-05,3.05990111949352e-05,3.11117367434818e-05,0.000146336451329599,0.000146336451329599,0.000134506080415111,0.000591380489166499,0.0270034420224654,0.0215737712538879,0.0470589870098234,0.0354066824774177,0.0113916872683273,2.23900190298606,0.0113916872683273,0.0113916872683273,0,0.00143371834626113,0.00143371834626113,0.00153224015658872,0.00689166496543375,0.00689166496543375,0.00665067704184473,0.026460961924149,1.42378726502924,0.180942034315494,0.238270684353444,0.373672339281383,0.262000655109202,15.2565865108699,0.262000655109202,0.693632888837834,0.5,0.00818203230692078,0.00818203230692078,0.0104508981819019,0.090454586985744,0.090454586985744,0.102229634557955,0.371170088675946,156.503640755126,0.205957516411978,0.312465934203202,0.413773692666153,0.274043213363484,17.7507817743275,0.274043213363484,0.710490657862365,0.5,0.00958132038283915,0.00958132038283915,0.0119884345810608,0.0978842192733298,0.0978842192733298,0.109491710101986,0.397132163506129,159.471518073334,0.219737794505212,0.344332934929632,0.436051305193265,0.28115812279989,19.2219237148415,0.28115812279989,0.71884187720011,0.5,0.0105079764500975,0.0105079764500975,0.0130059823221327,0.102508421358834,0.102508421358834,0.114043773708645,0.413129325654694,160.47185283778,0.234471477803833,0.373755401043118,0.460512981150974,0.289509342137635,20.8534315560467,0.289509342137635,0.725956786636516,0.5,0.0115343729181146,0.0115343729181146,0.0140838867384055,0.107398197901401,0.107398197901401,0.118675552402398,0.432583413678937,161.19152895765,0.266301532721843,0.42292877278041,0.513768838035009,0.306367111162166,23.9213889230702,0.306367111162166,0.737999344890798,0.5,0.0137744464783273,0.0137744464783273,0.0163863655074746,0.117364587837071,0.117364587837071,0.12800923974033,0.474322028874453,161.926435161729,2460.05835194898,1941.48276689628,2466.59160204696,2026.33348046672,2527.66016611702,2026.33348046672,2026.33348046679,NA,2195.39615999442,2195.39615999442,2425.5217282355,2217.90670730753,2217.90670730753,2444.82559336529,2002.06084178649,2780.04584113831,1.00061806557111,1.00084930608369,1.00055168085289,1.00117912269195,1.00042292338512,1.00117912269195,1.00117912269195,NA,1.0010338156238,1.0010338156238,1.00083701837263,1.00090469077327,1.00090469077327,1.00073071921819,1.00124319750943,1.00251878163243
"GSM1896949",0.340073704683985,0.525961905663187,0.133964389652828,0.237534409909005,21.3569207624574,0.237534409909005,0.762465590090995,0.5,0.00854881442003984,0.00854881442003984,0.0118022371731238,0.0923532213991741,0.0923532213991741,0.108525467791483,0.322471674072465,162.107448517873,0.000288169115215307,0.000424436444528552,0.000219908384376098,0.000116457805069543,0.0258816496262834,0.000116457805069543,0.000116457805069544,NA,1.16719698439049e-05,1.16719698439049e-05,1.517730042922e-05,6.1580103380722e-05,6.1580103380722e-05,6.86759563645099e-05,0.000222908901483424,0.0260896093469229,0.0211569525777893,0.0279636755304498,0.0169731669911217,0.00790616135647565,1.91731570983289,0.00790616135647565,0.00790616135647565,0,0.000829660602941918,0.000829660602941918,0.00108403755367132,0.00443839832117776,0.00443839832117776,0.004946015734667,0.0151032996430334,1.4599712526778,0.298623869622328,0.471978369229806,0.10187709856552,0.222574819422078,17.6139631250581,0.222574819422078,0.746521420905782,0.5,0.00715786901162448,0.00715786901162448,0.0099601745186299,0.0846041902720988,0.0846041902720988,0.0998006739383069,0.294528410584076,158.471998821992,0.32598181095855,0.507391159308624,0.1223784577488,0.232203213298991,20.0598601988522,0.232203213298991,0.757392996272029,0.5,0.00796166774533984,0.00796166774533984,0.0110389830657612,0.0892281779783027,0.0892281779783027,0.105066564927807,0.312189832145641,161.37960400808,0.339894067966279,0.525644769124272,0.133698130934176,0.237453569602892,21.3475095958293,0.237453569602892,0.762546430397108,0.5,0.00846784987481803,0.00846784987481803,0.0117109679182232,0.0920209208436452,0.0920209208436452,0.108217225607099,0.322090077167944,162.44327051391,0.354469802369003,0.544660184101186,0.145152743381291,0.242607003727971,22.6470136346461,0.242607003727971,0.767796786701009,0.5,0.00904087521774547,0.00904087521774547,0.0124626990184267,0.0950835170665512,0.0950835170665512,0.111636459180242,0.33200200657076,163.187531018233,0.38279078561117,0.58087378781702,0.168269425646716,0.253478579094218,25.0999618070337,0.253478579094218,0.777425180577922,0.5,0.0103642386209317,0.0103642386209317,0.0141932850940753,0.101804904697098,0.101804904697098,0.119135574410987,0.353579604274011,163.899960391313,5390.28041858745,4340.73399758138,5957.2001581664,4608.86668662305,5487.86417761073,4608.86668662305,4608.86668662302,NA,5052.57329023869,5052.57329023869,5101.51999419308,5194.83458142664,5194.83458142664,5186.82452010992,4590.8050862931,3131.5075020201,1.00003822509863,1.00001076398372,0.999760624440314,1.00007091106048,1.00007292667274,1.00007091106048,1.00007091106048,NA,1.00006352624386,1.00006352624386,1.00006719271195,1.00004713259588,1.00004713259588,1.00006606475064,1.00009819298203,1.00029291026694
"GSM1896951",0.245952493541743,0.552188634832408,0.201858871625849,0.266776795163269,20.732251109394,0.266776795163269,0.733223204836731,0.5,0.00957243174180126,0.00957243174180126,0.0122284042905969,0.0976202252177867,0.0976202252177867,0.11038290861223,0.382028797340074,196.937202651917,0.00039759642007229,0.000769649035202455,0.000447967753556319,0.000244318009944127,0.0409410342048727,0.000244318009944127,0.000244318009944131,NA,2.49406276148296e-05,2.49406276148296e-05,2.70381488897152e-05,0.000121396139405277,0.000121396139405277,0.000118150968007688,0.000547456409140542,0.0310198037852991,0.0223594268114613,0.0409886544589012,0.0274317069639784,0.0123420146130869,2.38923654976022,0.0123420146130869,0.0123420146130869,0,0.00131820349523237,0.00131820349523237,0.00149852734131912,0.00653672022644122,0.00653672022644122,0.00663500413044227,0.0271266999351451,1.50896777067237,0.203105183144797,0.467946123431073,0.150772011778308,0.244728167932526,15.9044058089798,0.244728167932526,0.706378792707727,0.5,0.0076162849916756,0.0076162849916756,0.00987822669455787,0.0872713296444065,0.0872713296444065,0.0993892685001165,0.336139556495852,193.204859955954,0.230895245623772,0.526375883388251,0.1835582943658,0.258631241206233,19.2050837843152,0.258631241206233,0.72630619856144,0.5,0.00866916284986123,0.00866916284986123,0.0112009402957886,0.0931083393017426,0.0931083393017426,0.105834494827734,0.364141107450114,196.168674804898,0.245299548653434,0.553708176270495,0.201008274686576,0.265975866626548,20.7767167201733,0.265975866626548,0.734024133373452,0.5,0.00936857424197477,0.00936857424197477,0.0120327000348481,0.0967913954867162,0.0967913954867162,0.109693664515384,0.379591927154051,197.280480760054,0.26062373781071,0.57916636199753,0.219028333779166,0.27369380143856,22.3195547363968,0.27369380143856,0.741368758793767,0.5,0.0102444287133537,0.0102444287133537,0.0130173865929687,0.101214765273792,0.101214765273792,0.114093762277986,0.396359577628425,198.0713267387,0.290955550185694,0.630069000807367,0.258898350412674,0.293621207292273,25.308186164288,0.293621207292273,0.755271832067474,0.5,0.012719893312925,0.012719893312925,0.0157189148643182,0.112782504462899,0.112782504462899,0.125375096612127,0.442447413679921,198.828374020785,3162.54272549278,2836.23273482853,3749.83501246708,2551.8852876673,3405.65523928221,2551.8852876673,2551.88528766721,NA,2793.50955803305,2793.50955803305,3071.67619531967,2899.41274416833,2899.41274416833,3153.60885816424,2455.24501470525,2366.36555582519,1.00129335307808,1.00138922254296,1.00077033323469,1.00164967522929,0.999871877103939,1.00164967522929,1.00164967522929,NA,1.00053989338543,1.00053989338543,1.00014837133321,1.00039921989066,1.00039921989066,1.00006406077413,1.00175007730054,1.00149603630304
"GSM1896954",0.243611930348013,0.42195071825269,0.334437351399298,0.273523837560533,23.0362462627127,0.273523837560533,0.726476162439467,0.5,0.00872226085626794,0.00872226085626794,0.0109672394727486,0.0932398399658253,0.0932398399658253,0.104584445875939,0.396376419999753,172.911982078625,0.000330404451332555,0.000633255144528665,0.000395060177612737,0.000170276553382758,0.0371044833094217,0.000170276553382758,0.000170276553382759,NA,1.77100624190027e-05,1.77100624190027e-05,1.88507872841425e-05,9.25597794145462e-05,9.25597794145462e-05,8.82481845229189e-05,0.000381922895454085,0.0262080499159645,0.0202496583326234,0.0348307388176254,0.0256051221055245,0.00891525802350275,2.3271639608334,0.00891525802350275,0.00891525802350275,0,0.00101545114482492,0.00101545114482492,0.00114899418568373,0.00534758581038835,0.00534758581038835,0.00541634753998738,0.0198725034547889,1.42885247757297,0.206195851468648,0.349067874383647,0.28626850093567,0.257280904237294,18.371502969684,0.257280904237294,0.707420019136733,0.5,0.00710576278773152,0.00710576278773152,0.00907037587485334,0.0842956866478971,0.0842956866478971,0.0952385209605696,0.36135165414106,169.278029943451,0.229571239035944,0.399721308758705,0.316912263468453,0.267440304353059,21.5072783389229,0.267440304353059,0.721039815627308,0.5,0.00799948058125892,0.00799948058125892,0.0101537336709942,0.089439815395217,0.089439815395217,0.100765736587006,0.382730575457653,172.224683300893,0.243257172562325,0.423129885369049,0.333944589653792,0.272959135795091,23.0525853996531,0.272959135795091,0.727040864204909,0.5,0.00860539838461965,0.00860539838461965,0.0108447706021968,0.0927652865247355,0.0927652865247355,0.10413822831867,0.394739039310609,173.232987798192,0.256614544063922,0.445377118389534,0.351298033726839,0.278960184372692,24.6214848848933,0.278960184372692,0.732559695646941,0.5,0.00929385954501115,0.00929385954501115,0.0116239719439793,0.0964046655670245,0.0964046655670245,0.107814525663032,0.408132625961146,173.959769571727,0.285367996090867,0.486922152754675,0.38634870946634,0.292579980863267,27.5622535890422,0.292579980863267,0.742719095762706,0.5,0.0111010199930972,0.0111010199930972,0.0136080319837018,0.105361378085168,0.105361378085168,0.116653469659929,0.439931141500879,174.696051907627,3756.15599482462,3025.29632627114,4200.75345417677,2741.30988470503,3933.69957418274,2741.30988470503,2741.30988470499,NA,3287.5917609769,3287.5917609769,3715.15276523134,3337.88140843804,3337.88140843804,3767.05088641097,2707.40841215886,2972.38711439968,1.0012817463979,1.00108748355633,1.00022568659384,1.00118402358878,1.00018231770999,1.00118402358878,1.00118402358878,NA,1.00019779716662,1.00019779716662,1.00007926764132,1.00022656204982,1.00022656204982,1.00010415779853,1.00117191483466,1.00007508941424
"GSM1896956",0.261508060465887,0.495067353531174,0.243424586002939,0.282703660858097,24.6725641487834,0.282703660858097,0.717296339141903,0.5,0.00834013723006855,0.00834013723006855,0.0102753692599515,0.0911278170557451,0.0911278170557451,0.101184866780684,0.417207700234278,225.015537660106,0.000382366357715966,0.000703673873420375,0.000403701200073791,0.000191020554639405,0.0469176948125118,0.000191020554639405,0.000191020554639404,NA,2.09197860330453e-05,2.09197860330453e-05,2.26118159304917e-05,0.000108750008547638,0.000108750008547638,0.000106877912444363,0.000453780349044613,0.0315417400194736,0.0223935120660942,0.0365417961958101,0.0240930098299338,0.00993967022448522,2.84049487980724,0.00993967022448522,0.00993967022448522,0,0.00112388822158258,0.00112388822158258,0.0012600365888019,0.00598854502839783,0.00598854502839783,0.00608248461602464,0.0232625693502167,1.50929597685305,0.219195051675198,0.420722859090683,0.197401441622056,0.265565810341338,18.8498434566151,0.265565810341338,0.69569868988543,0.5,0.00666186190993372,0.00666186190993372,0.00832177952243262,0.0816202297835441,0.0816202297835441,0.0912237881390123,0.378716595544172,221.225726265291,0.246287670279706,0.472243805313942,0.227088044518015,0.275997199865066,22.8635354239189,0.275997199865066,0.711467577370024,0.5,0.00756159990161388,0.00756159990161388,0.00940319600712058,0.0869574602767727,0.0869574602767727,0.0969700778921117,0.401474773070436,224.302885326882,0.260994783392037,0.495557099935185,0.243021981585607,0.281966025926747,24.7064497545858,0.281966025926747,0.718033974073253,0.5,0.00817929811729675,0.00817929811729675,0.0101188152281006,0.0904394721195194,0.0904394721195194,0.1005923219138,0.414978601735578,225.340104815312,0.276323185992691,0.519492564118173,0.258671069772337,0.288532422629976,26.5867051890745,0.288532422629976,0.724002800134934,0.5,0.00891721099335001,0.00891721099335001,0.0109344419156636,0.0944309853438307,0.0944309853438307,0.104567881850947,0.430268205088155,226.116059464711,0.306107650800136,0.564020102729976,0.292030365175796,0.30430131011457,30.0416514672412,0.30430131011457,0.734434189658662,0.5,0.0110467522661962,0.0110467522661962,0.0132627099398023,0.105103530945353,0.105103530945353,0.115163839193801,0.469015959275603,226.914911977346,3429.92855576493,2696.72666364753,3561.73853307687,2707.59527796229,3665.34357215864,2707.59527796229,2707.59527796234,NA,2886.23549319557,2886.23549319557,3105.24184320033,3032.38290243769,3032.38290243769,3238.81478646641,2627.99171685595,2289.69445947956,1.00122971251639,1.00134925995891,1.00039977474858,1.00115917916982,1.00099259909082,1.00115917916982,1.00115917916982,NA,1.00106253414336,1.00106253414336,1.00105312554027,1.00102635207626,1.00102635207626,1.0010352611365,1.00112780571682,1.00031111034893
"GSM1896959",0.244600843768681,0.349640291422732,0.405758864808587,0.273780039668244,23.8975708459766,0.273780039668244,0.726219960331756,0.5,0.00839906945213711,0.00839906945213711,0.0105556437244866,0.0915205216926493,0.0915205216926493,0.10262354543262,0.396827693151204,169.999039898182,0.000311265797607076,0.000597682899764715,0.000381895786014311,0.000134486207667337,0.034643745231321,0.000134486207667337,0.000134486207667337,NA,1.49617604278015e-05,1.49617604278015e-05,1.62543570925768e-05,7.99254396949516e-05,7.99254396949516e-05,7.76656871295959e-05,0.000300522044286917,0.0264050250535847,0.0192878586328615,0.0326033343282384,0.025286633699658,0.00750728176059147,2.23315800492783,0.00750728176059147,0.00750728176059147,0,0.000892317162039401,0.000892317162039401,0.00101934363159489,0.00480275385044718,0.00480275385044718,0.00490455443005818,0.0166974793237634,1.45810868674796,0.209365021154936,0.280995468453405,0.357762720514512,0.260032083242874,19.544157726503,0.260032083242874,0.710484804143635,0.5,0.00695306815682454,0.00695306815682454,0.00886538179578295,0.0833850595395337,0.0833850595395337,0.0941561563589633,0.367051432097437,166.188191253336,0.231257534299163,0.329351981733566,0.388276949785972,0.268590760025013,22.3952428478328,0.268590760025013,0.721425488924632,0.5,0.00776725369105652,0.00776725369105652,0.0098342139902244,0.0881320241966055,0.0881320241966055,0.0991676055484524,0.385210176893459,169.309738001012,0.244097054454925,0.351260045012622,0.404880904809877,0.273408196987491,23.934740141169,0.273408196987491,0.726591803012509,0.5,0.00829498020332051,0.00829498020332051,0.0104450684875926,0.0910767819111769,0.0910767819111769,0.102201117838881,0.395728962155653,170.354500794073,0.257107572908712,0.372023312826627,0.4224075768875,0.278574511075367,25.4214521109286,0.278574511075367,0.731409239974987,0.5,0.00892167557767905,0.00892167557767905,0.0111630850245003,0.0944546217757552,0.0944546217757552,0.105655501626228,0.4072609793273,171.044169045717,0.284343575175768,0.408941207249918,0.45829366534518,0.289515195856365,28.1995753264164,0.289515195856365,0.739967916757126,0.5,0.0103996741777687,0.0103996741777687,0.0127915463823668,0.101978792738715,0.101978792738715,0.113099718751033,0.432597318748191,171.770376903586,3839.77011306254,2975.65360660957,4384.21963182977,3116.0896041233,4155.17416622033,3116.0896041233,3116.08960412329,NA,3556.91182273903,3556.91182273903,3932.79795032339,3610.85949375134,3610.85949375134,3987.86767742226,3087.08906795238,3049.34544939205,1.00043596438235,1.00151064322843,1.00078200789329,1.00079434541758,1.00106025870081,1.00079434541758,1.00079434541758,NA,1.00113724297742,1.00113724297742,1.00107429562931,1.00114688515154,1.00114688515154,1.00106917716239,1.00079425702101,1.00038214702285
"GSM1896962",0.284414889337968,0.395418870626763,0.320166240035269,0.283290880031301,22.9986029331247,0.283290880031301,0.716709119968698,0.5,0.0089368735152514,0.0089368735152514,0.0109958525291017,0.094362630100352,0.094362630100352,0.10470752318198,0.4185387838642,182.646952544079,0.00041284970683489,0.000852835419756347,0.000517294150144502,0.000202786288905108,0.0436432643085417,0.000202786288905108,0.000202786288905104,NA,2.18954995460323e-05,2.18954995460323e-05,2.28071135242877e-05,0.000112251461054712,0.000112251461054712,0.000105931345980077,0.000480085932628057,0.0295451994414211,0.022422889184251,0.0401890907898482,0.0284684217758974,0.00971899731254189,2.42415529223551,0.00971899731254189,0.00971899731254189,0,0.00109917227177216,0.00109917227177216,0.00120717503705202,0.00570715579329582,0.00570715579329582,0.00567372382915835,0.0227643332228916,1.47014705515601,0.243085835587984,0.308097115226699,0.26892331008375,0.266312145727439,18.1701594557453,0.266312145727439,0.69499765202475,0.5,0.0071758471935645,0.0071758471935645,0.0090336926530297,0.0847103723468867,0.0847103723468867,0.0950457397893077,0.380310914840934,178.931568132081,0.268997728184199,0.371175651894356,0.300667115530578,0.27647713989279,21.4091855952321,0.27647713989279,0.710815525237169,0.5,0.00816782638445639,0.00816782638445639,0.0101494529328024,0.0903760277028528,0.0903760277028528,0.100744493306709,0.402547203632116,181.980390348416,0.283245106647093,0.398352811451207,0.318788888257077,0.282597592776602,23.008421784032,0.282597592776602,0.717402407223398,0.5,0.00880193713773008,0.00880193713773008,0.0108655866321558,0.0938186396060621,0.0938186396060621,0.104238124649182,0.416429025510564,182.983679501682,0.298874160253172,0.422416698404488,0.337410877147375,0.289184474762831,24.6318694979093,0.289184474762831,0.72352286010721,0.5,0.00953358639608029,0.00953358639608029,0.0116772307411886,0.0976400860099238,0.0976400860099238,0.108061236061448,0.431812317669644,183.723209684374,0.331559383769887,0.46732674272684,0.38202327047781,0.305002347975251,27.6741759660631,0.305002347975251,0.733687854272561,0.5,0.0115253987478976,0.0115253987478976,0.0137588225743409,0.107356409905197,0.107356409905197,0.117298007540527,0.470810290422201,184.461745510233,2949.84488879915,2220.67960570556,3028.6678585492,2297.0251438379,3085.22201949693,2297.0251438379,2297.025143838,NA,2520.12343034485,2520.12343034485,2801.55945614822,2584.96966628917,2584.96966628917,2868.71499798467,2248.39135724257,2475.98326321014,1.0011402372285,1.0011897737485,1.00029250978099,1.00139550813161,1.00145407090563,1.00139550813161,1.00139550813161,NA,1.00197423559052,1.00197423559052,1.00173177360569,1.00187502468337,1.00187502468337,1.00166445753641,1.00149625265779,1.0004485209283
"GSM1896965",0.325804450267295,0.540573054417391,0.133622495315314,0.25614106373743,21.7522790998039,0.25614106373743,0.74385893626257,0.5,0.00885745094640414,0.00885745094640414,0.0116203708421559,0.0939611921314197,0.0939611921314197,0.10764667201568,0.359376138353833,202.714891244762,0.000376152000706693,0.000571653541037247,0.000280038923953464,0.00015321470178479,0.0348051474285185,0.00015321470178479,0.000153214701784791,NA,1.67631424339231e-05,1.67631424339231e-05,2.01034008562471e-05,8.6554199121812e-05,8.6554199121812e-05,9.11427874867222e-05,0.000317993260880236,0.0255555821510162,0.0238434415088054,0.0326242148865584,0.0181457032534711,0.0093046558984791,2.24742898656438,0.0093046558984791,0.0093046558984791,0,0.00102605616373299,0.00102605616373299,0.0012466897991124,0.0053618013074644,0.0053618013074644,0.00570691836452235,0.0192052062514632,1.45467671117996,0.279684998456699,0.47634726521301,0.0989696787877117,0.23908195844755,17.2371554516315,0.23908195844755,0.724629372508943,0.5,0.00722320050761051,0.00722320050761051,0.00957180886665691,0.0849894140710101,0.0849894140710101,0.0978356216645781,0.32520087872911,199.020531891736,0.309983672421688,0.51952236332793,0.121290647004933,0.249786251176743,20.2222401732451,0.249786251176743,0.737890297992885,0.5,0.00812486287677685,0.00812486287677685,0.0107317739553735,0.090138021260372,0.090138021260372,0.10359427568825,0.346146275284613,202.002875612276,0.325233617571278,0.540720983116217,0.1335382470813,0.255969223749798,21.7695409451666,0.255969223749798,0.744030776250202,0.5,0.00873142434746668,0.00873142434746668,0.0114839353131121,0.0934420908767473,0.0934420908767473,0.107163124781765,0.358656874647422,203.054841066969,0.341407904018268,0.56240958494664,0.145511536979397,0.262109702007115,23.2953098937439,0.262109702007115,0.750213748823257,0.5,0.00945931381945843,0.00945931381945843,0.0123626263888728,0.0972590037880871,0.0972590037880871,0.111187348150657,0.371399231915849,203.782614013132,0.373952381429934,0.603846463632045,0.170204080996765,0.275370627491057,26.1183652431505,0.275370627491057,0.76091804155245,0.5,0.011267697057028,0.011267697057028,0.0145035532419404,0.106149409116224,0.106149409116224,0.120430698807896,0.400078143869058,204.515316927073,4018.01107173768,3256.97437750233,4198.66097258336,3688.07507677386,4169.50981496464,3688.07507677386,3688.07507677382,NA,3746.54882676385,3746.54882676385,3845.72076246654,3837.47136716565,3837.47136716565,3920.65571057363,3647.55726354218,3240.12238758913,0.99996365216432,1.00003097465118,0.999998992653831,1.00119979441713,1.00141983838165,1.00119979441713,1.00119979441713,NA,1.00162709975045,1.00162709975045,1.001596337758,1.00157019721446,1.00157019721446,1.00155460399308,1.00120240132626,1.00074617652073
"GSM1896968",0.287685949531328,0.51578298532085,0.196531065147822,0.271218254003087,21.1915789342212,0.271218254003087,0.728781745996913,0.5,0.00946166659630376,0.00946166659630376,0.011960210058543,0.0970609734926307,0.0970609734926307,0.109170654824484,0.391555939845503,194.640553593437,0.000420786266163098,0.000790804236387258,0.000435811422779193,0.000238972734162086,0.0420596565410364,0.000238972734162086,0.000238972734162089,NA,2.43398576814307e-05,2.43398576814307e-05,2.60080845496887e-05,0.000120390986340143,0.000120390986340143,0.00011558290196731,0.000539976228088776,0.0298227179772028,0.023851064805272,0.0396262963144537,0.0247480126530277,0.0114016148515913,2.43317265519539,0.0114016148515913,0.0114016148515913,0,0.00127287615218959,0.00127287615218959,0.00144177084153363,0.00639054973044822,0.00639054973044822,0.00647946229754335,0.0253899133974969,1.51012962192155,0.24271490207316,0.433052663458143,0.150948841096383,0.251311769650799,16.356886204639,0.251311769650799,0.702487171837076,0.5,0.00750341270051111,0.00750341270051111,0.00966683641203732,0.0866222413578505,0.0866222413578505,0.0983200712562567,0.349204036795261,190.926504290395,0.27174207994152,0.491468138702337,0.179627059031733,0.263512066217007,19.5420761690748,0.263512066217007,0.722274453042192,0.5,0.00857435210808989,0.00857435210808989,0.0109516406833661,0.0925977974700593,0.0925977974700593,0.104650086848057,0.374355455919268,193.892466170087,0.286897579957999,0.517426765944059,0.195458322867778,0.270446770249343,21.2182129189998,0.270446770249343,0.729553229750657,0.5,0.00928737128981332,0.00928737128981332,0.0117823306343993,0.0963710085480786,0.0963710085480786,0.108546444591357,0.389236578970052,194.994925787045,0.303170145075432,0.542308975379384,0.212328128343132,0.277725546957808,22.8276299215231,0.277725546957808,0.736487933782993,0.5,0.0101613412605669,0.0101613412605669,0.0127929088979991,0.100803478406299,0.100803478406299,0.113105742102725,0.40534760257273,195.749110675378,0.337112358072513,0.589600779361876,0.24800089412694,0.297512828162924,25.8616148411889,0.297512828162924,0.748688230349201,0.5,0.0124761461432846,0.0124761461432846,0.0152840826453452,0.111696670237352,0.111696670237352,0.123628809897201,0.451965781834159,196.545043314865,3212.86465997776,2510.89753949655,3224.65636285938,2276.3342230739,3346.68171047193,2276.3342230739,2276.33422307385,NA,2734.86712497167,2734.86712497167,3073.09325552224,2817.65938896542,2817.65938896542,3142.61186528204,2210.92065678098,2564.09439866305,1.00064062379518,1.00123347688816,1.00129865011766,1.00104547769807,1.00239579127253,1.00104547769807,1.00104547769807,NA,1.00256705188772,1.00256705188772,1.00276981741321,1.00250724291591,1.00250724291591,1.00268317731936,1.00102554464994,1.00110511385274
"GSM1896971",0.35848548755943,0.462214930346557,0.179299582094014,0.237738058817445,17.9546374666042,0.237738058817445,0.762261941182555,0.5,0.0101836244106172,0.0101836244106172,0.0140479485851512,0.100778007733031,0.100778007733031,0.118391565148536,0.322952683333599,105.489066571974,0.000372266985691116,0.000600667298659133,0.000308745629619795,0.000158741525562354,0.0239015485071931,0.000158741525562354,0.000158741525562354,NA,1.58450515055561e-05,1.58450515055561e-05,1.93015036876241e-05,7.71076340260251e-05,7.71076340260251e-05,8.04926031847579e-05,0.000306202502336227,0.0270071721829755,0.0234649571819054,0.0339285210521988,0.0209654486303546,0.00935156584280958,1.67877411549954,0.00935156584280958,0.00935156584280958,0,0.0010683569118636,0.0010683569118636,0.00133822134017557,0.00523650604914802,0.00523650604914802,0.0056026610246885,0.0179460290984941,1.46846395445061,0.313977251963173,0.392997278882835,0.139559663180403,0.220369527955522,14.7321368667697,0.220369527955522,0.742834919029576,0.5,0.00839457969115968,0.00839457969115968,0.0117471967428998,0.0916219389179607,0.0916219389179607,0.108384485702384,0.290569554804254,101.773153651582,0.342657510765328,0.440457280428977,0.16498881738692,0.231396388364408,16.8103280196978,0.231396388364408,0.756292915574656,0.5,0.00943915980669306,0.00943915980669306,0.0131252831170873,0.0971553385392121,0.0971553385392121,0.114565627989824,0.310685684138349,104.777157810795,0.358266072086171,0.462388056127516,0.178626793401711,0.237456353212106,17.9554627687084,0.237456353212106,0.762543646787894,0.5,0.010084632425529,0.010084632425529,0.0139233392901393,0.1004222705491,0.1004222705491,0.117997200334563,0.322095378370406,105.815620165783,0.374020961781705,0.484822670001351,0.193105032439317,0.243707084425344,19.0472081858437,0.243707084425344,0.768603611635592,0.5,0.0108172977731747,0.0108172977731747,0.014871809741721,0.104006239089864,0.104006239089864,0.121950029691053,0.334143553372484,106.573444902085,0.406138674183488,0.527280273949234,0.221481123047052,0.257165080970424,21.2816730353447,0.257165080970424,0.779630472044478,0.5,0.0125432721149898,0.0125432721149898,0.0169697039007479,0.111996750344099,0.111996750344099,0.130267816029272,0.361113115751887,107.311796271766,3973.10906223269,3190.52300561442,4611.12274205825,3470.4642306229,4933.24235768451,3470.4642306229,3470.46423062293,NA,4546.16734042242,4546.16734042242,4806.9943762768,4611.99113975527,4611.99113975527,4844.80998648986,3434.94086050966,2956.43513357956,1.00084140935442,1.00034694716135,0.999806684079539,1.00066034660114,1.00028950407841,1.00066034660114,1.00066034660114,NA,1.00021332367588,1.00021332367588,1.0002820090944,1.00020353298662,1.00020353298662,1.00028124901148,1.00064748398333,1.00075362825885
"GSM1896975",0.449453639494399,0.429559133895533,0.120987226610068,0.252135691744467,22.2052510664199,0.252135691744467,0.747864308255533,0.5,0.00855197462843538,0.00855197462843538,0.0113388096967518,0.0923855870243505,0.0923855870243505,0.106388712049127,0.351056644939526,193.778336913128,0.000334372642361335,0.000445473193099859,0.000218341586950984,0.00010507571046063,0.0247658461340798,0.00010507571046063,0.00010507571046063,NA,1.08522013095326e-05,1.08522013095326e-05,1.31384033134243e-05,5.77662604129257e-05,5.77662604129257e-05,6.09108183455301e-05,0.00021313370293143,0.0242138553380421,0.022719534886528,0.0283023512774342,0.0161444110432447,0.00688024935912516,1.86124299005057,0.00688024935912516,0.00688024935912516,0,0.000765412165598209,0.000765412165598209,0.000964197890118686,0.00410853363228515,0.00410853363228515,0.0045004640929525,0.0139192957356029,1.41962953655556,0.404880868876309,0.373189762324544,0.0905826660641097,0.23889816174863,18.5839550434397,0.23889816174863,0.733856233428199,0.5,0.00723062784797299,0.00723062784797299,0.00965029342043829,0.0850330985323599,0.0850330985323599,0.0982359069795349,0.324848791216849,190.189305667405,0.434320803055426,0.41100017102218,0.109677899515378,0.247495942395463,20.9439084613094,0.247495942395463,0.743343459480357,0.5,0.0080148005274289,0.0080148005274289,0.0106675848546426,0.0895254183300406,0.0895254183300406,0.103284000961584,0.341590390058403,193.079666748592,0.449449112787471,0.42947636160457,0.120816810393982,0.251971687999534,22.1846877642179,0.251971687999534,0.748028312000466,0.5,0.00848524885452086,0.00848524885452086,0.0112690339704953,0.0921154105156004,0.0921154105156004,0.106155706252875,0.350532598748087,194.102614911571,0.464778348280084,0.448155877112212,0.131525897555432,0.256656540519643,23.4354826708639,0.256656540519643,0.752504057604537,0.5,0.00901884075634354,0.00901884075634354,0.0119366449897352,0.0949675773902993,0.0949675773902993,0.109254954074098,0.360067119755871,194.816195625068,0.49434558121944,0.48543655379635,0.153693206541191,0.266143766571801,25.905948051945,0.266143766571801,0.76110183825137,0.5,0.0102271443893667,0.0102271443893667,0.0134524647464738,0.101129344847077,0.101129344847077,0.115984760833078,0.379950779468341,195.568822629494,4616.76105874965,4036.47144013365,5467.28215689322,4287.49559469857,5648.06660342236,4287.49559469857,4287.4955946986,NA,4974.56418343631,4974.56418343631,5385.762211504,5058.53996411452,5058.53996411452,5459.15887270423,4265.11026759224,3437.33742290679,0.999757405656854,1.00022838423948,1.00055838183085,0.999759068531738,1.00015610441328,0.999759068531738,0.999759068531738,NA,1.00005756504473,1.00005756504473,1.00008754469105,1.00007881240795,1.00007881240795,1.00010392715392,0.999766184420074,1.00053470115402
"GSM1896978",0.227038915626401,0.425586799709289,0.34737428466431,0.294671702723587,19.5289094837836,0.294671702723587,0.705328297276413,0.5,0.0109194191384079,0.0109194191384079,0.0131029853130619,0.104075720973881,0.104075720973881,0.114129037115825,0.446656911169212,195.075131696989,0.000661359283345263,0.00176882117614711,0.00115173117175349,0.000492447820438171,0.0740636482632132,0.000492447820438171,0.000492447820438168,NA,5.58481401137659e-05,5.58481401137659e-05,5.40020979460194e-05,0.000258917873976121,0.000258917873976121,0.00023019900294334,0.0012597570496353,0.0338950791641473,0.0267330604181089,0.0599573546356386,0.0415237890931665,0.0163839498087029,2.93076277559489,0.0163839498087029,0.0163839498087029,0,0.00200002767793154,0.00200002767793154,0.00204914297313768,0.00936346097738505,0.00936346097738505,0.00880669602140229,0.0411688363769146,1.50816324755461,0.180465793302539,0.28363769627185,0.278906750055194,0.268730383738814,14.1026269895658,0.268730383738814,0.669115169571018,0.5,0.0078896866359708,0.0078896866359708,0.00986402680708117,0.0888239080145411,0.0888239080145411,0.0993178070991978,0.385511949283588,191.285942520901,0.209018742034728,0.393128641514192,0.318381060851236,0.282635656629597,17.433139012197,0.282635656629597,0.694993226013095,0.5,0.00942772733969973,0.00942772733969973,0.0115775532096632,0.0970964846914459,0.0970964846914459,0.107599039029027,0.416516575561433,194.308929550802,0.224725156197634,0.434962051001063,0.342354906375207,0.292060211369446,19.4600586238436,0.292060211369446,0.707939788630554,0.5,0.0106248221989401,0.0106248221989401,0.012846826678767,0.103076778164988,0.103076778164988,0.113343842686419,0.438679769183063,195.410982183258,0.242842001052247,0.466703772336952,0.370117934585191,0.305006773986905,21.5935091214775,0.305006773986905,0.717364343370403,0.5,0.0121232285372732,0.0121232285372732,0.0143405040161894,0.11010553351246,0.11010553351246,0.119751843476057,0.47082163943201,196.191525339567,0.286512202539306,0.521970543006277,0.444158431180539,0.330884830428982,25.3446188760783,0.330884830428982,0.731269616261186,0.5,0.0155323685625331,0.0155323685625331,0.0177271937213323,0.124628923458098,0.124628923458098,0.133143507953913,0.542014069424272,196.970109925702,1633.8886345686,1148.99216841325,1299.84542683927,1106.92138674274,1565.85351581183,1106.92138674274,1106.92138674275,NA,1282.4917571,1282.4917571,1439.86991595727,1307.82232062998,1307.82232062998,1463.58899685636,1067.9811545398,1979.80948865876,1.00290344317583,1.00413884986977,1.00337447526373,1.00315627196366,1.00180938846066,1.00315627196366,1.00315627196366,NA,1.00241464114719,1.00241464114719,1.00207624624623,1.00234427465344,1.00234427465344,1.00201968756801,1.00330983196606,1.00133929561354
"GSM1896980",0.247117578516351,0.260031822461803,0.492850599021846,0.318599160371122,21.3581183058349,0.318599160371122,0.681400839628878,0.5,0.0102677937900041,0.0102677937900041,0.011818695499528,0.1011835712168,0.1011835712168,0.108583066369597,0.50760616579573,235.861458096246,0.00045290039102389,0.0010549205247802,0.000675455636828249,0.000195651626369421,0.0387764970952855,0.000195651626369421,0.000195651626369428,NA,2.10120580604367e-05,2.10120580604367e-05,2.12691618427216e-05,0.000103740532538622,0.000103740532538622,9.77983047208206e-05,0.000541691693591173,0.0255320132289479,0.0238491309716812,0.0508408872337429,0.0369004538419641,0.00928516068375581,2.10894232457594,0.00928516068375581,0.00928516068375581,0,0.00110556660920042,0.00110556660920042,0.00116087947255106,0.00544815713071213,0.00544815713071213,0.00533073629036621,0.0256525271086603,1.38771380019764,0.202922518726442,0.157525714547358,0.423409586258868,0.300377638912315,17.5584059319873,0.300377638912315,0.663840066855649,0.5,0.0082324153199704,0.0082324153199704,0.00965764773821635,0.0907326584967786,0.0907326584967786,0.0982733317747849,0.459090355902524,232.372322056443,0.230491299520058,0.225947213469728,0.467145655593354,0.312353211811842,19.8627254611721,0.312353211811842,0.674976302966221,0.5,0.0094862920267819,0.0094862920267819,0.0110061639556941,0.0973975976391696,0.0973975976391696,0.104910266193474,0.490023344481781,235.179641367776,0.24634625936757,0.260995442050718,0.492581691953289,0.318562429781313,21.2301970841543,0.318562429781313,0.681437570218687,0.5,0.0102296472817289,0.0102296472817289,0.0117756796611846,0.101141718797895,0.101141718797895,0.108515803738922,0.506848234815196,236.161127960179,0.262895885693833,0.29566895863063,0.517824960365579,0.325023697033779,22.7145444380673,0.325023697033779,0.687646788188158,0.5,0.0109884968351279,0.0109884968351279,0.012586389548313,0.104826031285739,0.104826031285739,0.112189079443953,0.524978772704959,236.889589378965,0.296543336916907,0.353632720943983,0.566851082889717,0.336159933144351,25.8862206188176,0.336159933144351,0.699622361087685,0.5,0.01253679880365,0.01253679880365,0.0142381945874191,0.111967847184259,0.111967847184259,0.119323906167552,0.55785867425949,237.586064279525,2772.9352326766,2322.6659726454,2984.48743357937,2252.22576744253,2957.95973041532,2252.22576744253,2252.22576744236,NA,2768.42423613417,2768.42423613417,2979.0206364714,2758.05106670205,2758.05106670205,2971.06220104415,2242.6213806285,2954.13061051776,1.00139979203371,1.00210269952438,1.00143272837719,1.00179719316183,1.00210498764105,1.00179719316183,1.00179719316183,NA,1.00211164367222,1.00211164367222,1.00190923807591,1.00218201337963,1.00218201337963,1.00196787234946,1.00179249701706,1.0007382140091
"GSM1896983",0.409435207156897,0.386585679953427,0.203979112889676,0.217043178448063,18.1578171637343,0.217043178448063,0.782956821551937,0.5,0.00941569265677284,0.00941569265677284,0.0138526841949386,0.0969468486147051,0.0969468486147051,0.117606729098386,0.284817539688305,61.9609679490381,0.000311144363261238,0.000455313487847036,0.000274022267755089,0.000107001499082384,0.0195241044945697,0.000107001499082384,0.000107001499082384,NA,1.15031998646382e-05,1.15031998646382e-05,1.52763740302716e-05,5.85907376376837e-05,5.85907376376837e-05,6.43320847688346e-05,0.000190048989782872,0.0251180160657469,0.0213352199835894,0.0277891109122638,0.0189489139725864,0.00716324879104538,1.41156246107232,0.00716324879104538,0.00716324879104538,0,0.000806016339711199,0.000806016339711199,0.00109389216550526,0.00412350892639011,0.00412350892639011,0.00461997118326335,0.0126853245317074,1.4194370918947,0.368854132186208,0.332956885545253,0.16772659463391,0.203390792219716,15.3968921398898,0.203390792219716,0.768379985155354,0.5,0.00802678292479061,0.00802678292479061,0.0119231562499437,0.0895923150910317,0.0895923150910317,0.109193206059247,0.261096312540509,58.3005602410827,0.394773566651604,0.367649092302628,0.190961694117032,0.212141553698236,17.224708550739,0.212141553698236,0.778256375627258,0.5,0.00884606467168781,0.00884606467168781,0.0130718925241086,0.0940535202497617,0.0940535202497617,0.114332377408886,0.276069622541899,61.2530353723322,0.409230481734539,0.38713005575102,0.203898307250536,0.216970999792597,18.1330567552149,0.216970999792597,0.783029000207403,0.5,0.0093613241910243,0.0093613241910243,0.0137869749922341,0.0967539363076458,0.0967539363076458,0.117417950041725,0.284529365913643,62.2961107848887,0.423758872664005,0.405343095320972,0.216510564593726,0.221743624372742,19.1250042447709,0.221743624372742,0.787858446301763,0.5,0.00990345178354505,0.00990345178354505,0.0145140336861464,0.0995160880582021,0.0995160880582021,0.120474203396918,0.293032597613484,63.0101278056944,0.451885295564758,0.440479726606539,0.242587200124116,0.231620014844646,20.9676024365308,0.231620014844646,0.796609207780284,0.5,0.0112263149422043,0.0112263149422043,0.0162370430453858,0.105954305915724,0.105954305915724,0.127424656319849,0.311102133656402,63.7325229122013,4701.86737648177,3725.01711825402,4781.86086916333,4481.67486197715,5227.06563894021,4481.67486197715,4481.67486197719,NA,4909.64805141496,4909.64805141496,5127.53292120243,4953.08689062531,4953.08689062531,5157.31053636999,4455.2495383182,3193.46111066445,1.00157944921533,1.00145919934227,1.00000405048701,1.00068183031706,1.00012233961804,1.00068183031706,1.00068183031706,NA,1.00013284731099,1.00013284731099,1.00022235244733,1.00010597073751,1.00010597073751,1.00019523437473,1.00070848766464,1.00217707290617
"GSM1896984",0.427489560131372,0.416036910174136,0.156473529694492,0.199747235464021,20.3302314145492,0.199747235464021,0.800252764535979,0.5,0.00790175187701396,0.00790175187701396,0.012361723054262,0.0888285968753781,0.0888285968753781,0.11110981487284,0.255092465236516,83.2347954832256,0.000253323645077147,0.000328235570791482,0.00020565890456579,8.22254346368638e-05,0.0187183385372053,8.22254346368638e-05,8.22254346368636e-05,NA,7.70274406215672e-06,7.70274406215672e-06,1.15883257898129e-05,4.29563308375807e-05,4.29563308375807e-05,5.17520758551297e-05,0.000136886037922487,0.0243132129620275,0.0195350399563113,0.0233410260868128,0.0158618996934854,0.00602655196499418,1.46584437592992,0.00602655196499418,0.00602655196499418,0,0.00059926978882347,0.00059926978882347,0.000903331518901163,0.00335166501500677,0.00335166501500677,0.00404155105772682,0.0100397396952663,1.4328161843788,0.389955360994511,0.370515951033338,0.126593057688295,0.188044384318519,17.5256556910621,0.188044384318519,0.788475945514246,0.5,0.00685210052505022,0.00685210052505022,0.0107753137554715,0.0827774155494725,0.0827774155494725,0.103804208752376,0.235873589081747,79.6583851702609,0.414295295501127,0.400228514541728,0.145422617659432,0.195686837058487,19.3315640620961,0.195686837058487,0.796222960767463,0.5,0.00748109145783929,0.00748109145783929,0.0117237447471816,0.0864933029652162,0.0864933029652162,0.108276242764208,0.248275393011001,82.5293936061809,0.427333468027512,0.416484708094641,0.156138278164416,0.199835628432644,20.2963558892301,0.199835628432644,0.800164371567356,0.5,0.00786529222573406,0.00786529222573406,0.012317482082252,0.0886864827672346,0.0886864827672346,0.110984152392333,0.255138934294856,83.5559172062672,0.440738346388798,0.431498473493832,0.167155119237756,0.203777039232537,21.3242445477315,0.203777039232537,0.804313162941513,0.5,0.00828387787703656,0.00828387787703656,0.0129322179657884,0.0910158111372875,0.0910158111372875,0.113719910151543,0.261747840922971,84.2929940070031,0.466225882611766,0.462671745618113,0.188690890417141,0.211524054485754,23.2011805636761,0.211524054485754,0.811955615681481,0.5,0.00915576957937561,0.00915576957937561,0.0142648015743714,0.0956857856639236,0.0956857856639236,0.119435344691678,0.274998196901165,85.022175920799,5946.71535056216,5056.71643860416,5948.60815199472,5371.86952549902,6132.55052484678,5371.86952549902,5371.86952549904,NA,6052.76527394702,6052.76527394702,6076.49206442697,6087.89082165682,6087.89082165682,6098.74661404925,5379.31032702528,3472.93174980089,1.00022832355235,0.999889182299074,1.00011345959042,0.999847540416481,1.00007744561252,0.999847540416481,0.999847540416481,NA,0.999945005592606,0.999945005592606,1.00002835770017,0.999950582171297,0.999950582171297,1.00003830252956,0.999846786184741,1.00016203072326
"GSM1896985",0.27224886515745,0.542162712894093,0.185588421948456,0.277232389555727,20.9808324860816,0.277232389555727,0.722767610444273,0.5,0.00971532822126884,0.00971532822126884,0.0121145866975778,0.0983128829667772,0.0983128829667772,0.109832017066724,0.405056671697822,216.734357853702,0.000452475057088294,0.000922692236451776,0.000530565678696819,0.000265289270477961,0.0489307781734986,0.000265289270477961,0.000265289270477959,NA,2.93581888689004e-05,2.93581888689004e-05,3.15260295862052e-05,0.000142197596230831,0.000142197596230831,0.000138690899109227,0.000628918838193742,0.0341162305346993,0.0242914113502535,0.0441573820695047,0.028428985189003,0.0125017566117517,2.63739708831515,0.0125017566117517,0.0125017566117517,0,0.00143485340223645,0.00143485340223645,0.00161430710204379,0.00706480735529869,0.00706480735529869,0.00717782451569844,0.0288864156044231,1.55423840643318,0.225936611809218,0.452796542604899,0.132946194725465,0.255589949328038,15.8713846195267,0.255589949328038,0.695172393145435,0.5,0.00756287114499632,0.00756287114499632,0.00959090151825409,0.086964769561427,0.086964769561427,0.0979331482096524,0.357880374376579,212.736867774872,0.256134389372807,0.515319310628346,0.166950851477757,0.26906805405201,19.2097751700815,0.26906805405201,0.715806442255606,0.5,0.00872120184344265,0.00872120184344265,0.0109844229793744,0.0933873751823081,0.0933873751823081,0.104806597975388,0.386242518854201,215.989059869233,0.27135558934687,0.543414244878032,0.184634455467999,0.276180722419101,21.0090008777425,0.276180722419101,0.723819277580899,0.5,0.00950491456573681,0.00950491456573681,0.0118996615527041,0.097493151378445,0.097493151378445,0.109085569864384,0.401884584358374,217.070931933248,0.287615888036794,0.570269733416072,0.202717805606394,0.284193557744394,22.7595022958985,0.284193557744394,0.73093194594799,0.5,0.0104684054993776,0.0104684054993776,0.01301420749999,0.102315226113214,0.102315226113214,0.114079829500214,0.420113096572946,217.877363798051,0.321666510557238,0.625038271886592,0.244302547281136,0.304827606854565,26.0663712920229,0.304827606854565,0.744410050671962,0.5,0.0130003436066256,0.0130003436066256,0.0157516187781035,0.114019048361881,0.114019048361881,0.125505453180275,0.470362431518349,218.655287319203,2882.14754507579,2290.30279223052,2871.07414860397,2220.76553279886,2905.27200640611,2220.76553279886,2220.7655327989,NA,2388.67213595276,2388.67213595276,2622.0064594376,2468.40341116694,2468.40341116694,2678.48825057469,2109.59022197247,2075.45438223836,1.00034983199345,1.00043992015905,1.00008071153301,0.999858951672105,1.0007904055726,0.999858951672105,0.999858951672105,NA,1.00085989822734,1.00085989822734,1.00095874244991,1.00081206218226,1.00081206218226,1.00091209968576,0.999905312449385,1.00013515457651
"GSM1896986",0.389798150982606,0.49452554955073,0.115676299466664,0.231363039026639,20.0749960117026,0.231363039026639,0.768636960973361,0.5,0.00892145792380037,0.00892145792380037,0.0125443356240506,0.094357153938769,0.094357153938769,0.11189882856376,0.310830416583823,150.381567574817,0.00032036493930728,0.000452219051586289,0.000220233315076393,0.000121859684479175,0.0225593799287493,0.000121859684479175,0.000121859684479176,NA,1.11033278460294e-05,1.11033278460294e-05,1.46346559369363e-05,5.78916280962246e-05,5.78916280962246e-05,6.45119373455561e-05,0.000227250747505949,0.0297424066377697,0.0223814034298922,0.0278146032260472,0.0156934416868419,0.00771918379481441,1.70419420104156,0.00771918379481441,0.00771918379481441,0,0.00081224170644319,0.00081224170644319,0.00108063343988207,0.00426470372218792,0.00426470372218792,0.00479485807316536,0.0143905465395245,1.47023219061803,0.345525186450495,0.439259919191351,0.0864092362186817,0.216677390454572,16.8477867913498,0.216677390454572,0.753246156482292,0.5,0.00751402515626042,0.00751402515626042,0.0106399848443804,0.0866834768318597,0.0866834768318597,0.103150302196924,0.28401094359117,146.653653169346,0.374658035939917,0.475552917294865,0.104943972382467,0.226041968433323,18.9095525927144,0.226041968433323,0.76340821122093,0.5,0.00835349473464039,0.00835349473464039,0.0117808074452428,0.0913974547474106,0.0913974547474106,0.108539428067546,0.300816586615798,149.653301816136,0.389827166973336,0.49438910217171,0.115308734592623,0.23139244206839,20.0403411594292,0.23139244206839,0.76860755793161,0.5,0.00886055812535324,0.00886055812535324,0.0124748375296368,0.0941305376787391,0.0941305376787391,0.111690812198709,0.310678338244985,150.712265416568,0.404918853367263,0.513522979020261,0.125844637064025,0.23659178877907,21.2209563022814,0.23659178877907,0.773958031566677,0.5,0.00942037389034506,0.00942037389034506,0.0132208310469021,0.097058610592296,0.097058610592296,0.114981872688227,0.320451567821535,151.459827005621,0.434350701917881,0.548666381632165,0.147869999953265,0.246753843517708,23.4962740790005,0.246753843517708,0.783322609545428,0.5,0.0106953151151774,0.0106953151151774,0.0148387443151442,0.103418156592381,0.103418156592381,0.12181438465192,0.340123066091339,152.205005519238,4880.72871902127,3783.101805698,5077.73888081708,4012.57039624236,5706.68432659796,4012.57039624236,4012.57039624231,NA,5351.36094152244,5351.36094152244,5452.45100724078,5426.82982903994,5426.82982903994,5524.22481910918,4009.99596683689,2443.54105798572,1.00077089799565,1.00103598306489,1.00060705873733,1.0004708998662,1.00035669294184,1.0004708998662,1.0004708998662,NA,1.0008386401453,1.0008386401453,1.00055203640734,1.00078982893908,1.00078982893908,1.00050348697636,1.00050664185248,1.00157553541658
"GSM1896987",0.44292342392901,0.42551596517486,0.13156061089613,0.252281195715889,19.5710833136868,0.252281195715889,0.747718804284111,0.5,0.00971947790148119,0.00971947790148119,0.0128793753468824,0.0984666919315525,0.0984666919315525,0.113369604030837,0.351435921979945,165.464031410063,0.00042015134984328,0.000605767643552142,0.000262017843718732,0.000145035796447569,0.0249683389398205,0.000145035796447569,0.00014503579644758,NA,1.48098450036409e-05,1.48098450036409e-05,1.73393082526129e-05,7.37627101926472e-05,7.37627101926472e-05,7.51404416082487e-05,0.0002939889881118,0.0262214647870514,0.0247295300635411,0.032049798605134,0.0173193528958415,0.00825066968396769,1.75992101031838,0.00825066968396769,0.0082506696839677,0,0.000970455603812833,0.000970455603812833,0.00118216077972444,0.00487764855948631,0.00487764855948631,0.0051683234921564,0.0167322535999894,1.45722729530295,0.395058295184193,0.361622063147292,0.0992079572425823,0.236840182633378,16.2044079819345,0.236840182633378,0.730812380638541,0.5,0.0081035419611342,0.0081035419611342,0.0108455229913829,0.0900196754103403,0.0900196754103403,0.104141840653818,0.320923290118303,161.834326541467,0.426095778152273,0.404326230844406,0.119911759238592,0.246653979284546,18.3399369825674,0.246653979284546,0.742348587289016,0.5,0.00901673876260575,0.00901673876260575,0.0120286076070337,0.0949565098477566,0.0949565098477566,0.109675009035817,0.339925936646288,164.750154556375,0.442970965541338,0.425401803747517,0.130741536556367,0.25194844219259,19.5636943305065,0.25194844219259,0.74805155780741,0.5,0.00963000520554665,0.00963000520554665,0.0127787725457878,0.0981325899257998,0.0981325899257998,0.113043233082417,0.35048573975075,165.785551332539,0.459178869057127,0.447260228865961,0.142767988208164,0.257651412710984,20.7837854695727,0.257651412710984,0.753346020715455,0.5,0.0103273545050367,0.0103273545050367,0.0136314535998656,0.10162359226369,0.10162359226369,0.116753816211008,0.362115482682987,166.537405991212,0.491006144543164,0.486836147462816,0.167123551035118,0.269187619361459,23.0509862669795,0.269187619361459,0.763159817366622,0.5,0.0118415944312561,0.0118415944312561,0.0154279008898599,0.108819090357357,0.108819090357357,0.124209101457416,0.38650146147499,167.267188616799,3464.33754633351,2799.22923483059,4369.19659222729,3236.14514921032,4968.29128111037,3236.14514921032,3236.14514920985,NA,4293.88409868139,4293.88409868139,4648.2508640547,4372.6758195057,4372.6758195057,4730.98849092441,3239.26702258303,3088.45087282236,1.00169630712223,1.00220692512773,1.00082953242719,1.00234108406027,1.00075166921233,1.00234108406027,1.00234108406027,NA,1.001539933487,1.001539933487,1.00102665406058,1.0014450390632,1.0014450390632,1.00095755356278,1.0023712277803,1.00203122565283
"GSM1896988",0.282203473374848,0.558677389701302,0.15911913692385,0.259991892372103,17.6624918493904,0.259991892372103,0.740008107627897,0.5,0.0110721593118738,0.0110721593118738,0.0143775032685764,0.1049497937231,0.1049497937231,0.119664777403582,0.36786419765931,171.146003475486,0.000541175024797336,0.000948363234484654,0.000451367848637399,0.000303513207041085,0.0412435841688428,0.000303513207041085,0.000303513207041085,NA,3.42982117468127e-05,3.42982117468127e-05,3.69289248292714e-05,0.000155825461718402,0.000155825461718402,0.000149574210795206,0.000657268489384598,0.0309949453356356,0.0271990652825938,0.0435280955227923,0.024410133727246,0.0141044981917015,2.15430307506486,0.0141044981917015,0.0141044981917015,0,0.00165292733123806,0.00165292733123806,0.00186347236753955,0.00759653360210906,0.00759653360210906,0.00760602057394521,0.0302669616542894,1.53405600278112,0.229849273929829,0.466872400130064,0.113097972567876,0.235753653853775,13.3914942522737,0.235753653853775,0.70759409002441,0.5,0.00863721100804728,0.00863721100804728,0.011467518159333,0.0929365966420948,0.0929365966420948,0.107086498483732,0.318863150528412,167.172143481337,0.264074864907686,0.531676939649219,0.142704746036662,0.250507408801958,16.2776785699745,0.250507408801958,0.731927617305942,0.5,0.00994181677183673,0.00994181677183673,0.0130627735696776,0.0997086594624338,0.0997086594624338,0.11429249130716,0.347589439157889,170.376883090144,0.281451132705523,0.560122480342551,0.158585052278245,0.258909498376701,17.6943720416569,0.258909498376701,0.741090501623299,0.5,0.0108115957135635,0.0108115957135635,0.0141287862309553,0.103978823388707,0.103978823388707,0.118864570962086,0.364717855017898,171.518898604894,0.299214318984566,0.58772678514534,0.174683357631327,0.268072382694058,19.1383551665544,0.268072382694058,0.749492591198042,0.5,0.0118756439642193,0.0118756439642193,0.0153584553800048,0.108975428252434,0.108975428252434,0.123929235372034,0.384091384903915,172.288001628203,0.33828949606872,0.641593983756285,0.209264443344095,0.29240590997559,21.8007067166352,0.29240590997559,0.764246346146225,0.5,0.0150948284362037,0.0150948284362037,0.0186685664289338,0.12286101267469,0.12286101267469,0.136632962451783,0.439511708105553,173.048880145785,2525.99488849597,2106.63799863857,2924.68485380172,2159.5342267861,2728.35453387351,2159.5342267861,2159.53422678609,NA,2322.54729873237,2322.54729873237,2546.31769085644,2376.58899430212,2376.58899430212,2585.83941869877,2120.56714905302,2449.63105616605,1.00115256046219,1.00086191606992,0.99997484178674,1.00020720921788,1.00174766215468,1.00020720921788,1.00020720921788,NA,1.00137384534398,1.00137384534398,1.00154621298033,1.00142890727164,1.00142890727164,1.00160923564906,1.0002149598375,1.00189691633015
"GSM1896989",0.430880556057021,0.407580840831673,0.161538603111307,0.195607102858951,16.4019018602615,0.195607102858951,0.804392897141049,0.5,0.00964756774647051,0.00964756774647051,0.0153311382878738,0.0981354341830264,0.0981354341830264,0.123728506502038,0.248293271523442,44.1127870023985,0.000306755143654216,0.000403313324594703,0.000207540320958619,0.000108402867359053,0.0171234201732809,0.000108402867359053,0.000108402867359054,NA,1.15671903487218e-05,1.15671903487218e-05,1.62780053895562e-05,5.83043933479623e-05,5.83043933479623e-05,6.5304516000769e-05,0.000178760925944662,0.0253709157434704,0.0216063235380221,0.0266881288141963,0.0162109766904793,0.00741670093741175,1.24782136105355,0.00741670093741175,0.00741670093741175,0,0.000814711269288028,0.000814711269288028,0.00117650723093322,0.00412388530189111,0.00412388530189111,0.00473262785033929,0.0122124897640634,1.41416623837649,0.38921314786122,0.355221335192989,0.131271049891644,0.181548291182757,14.0413718250476,0.181548291182757,0.789126425502951,0.5,0.00821523226969682,0.00821523226969682,0.0132337193684847,0.0906379184744212,0.0906379184744212,0.115037904022954,0.225568627789127,40.5834505017458,0.416097531808452,0.38982731397583,0.150332072334404,0.190576524489627,15.5363445688148,0.190576524489627,0.79954733928436,0.5,0.00906848647830054,0.00906848647830054,0.014477434293157,0.0952286011544385,0.0952286011544385,0.120322210306883,0.239948644438631,43.418535496185,0.430434595107789,0.407569451625566,0.161187565402625,0.195469284906186,16.3627217082376,0.195469284906186,0.804530715093814,0.5,0.0095976501706416,0.0095976501706416,0.0152786317867934,0.0979675975536952,0.0979675975536952,0.123606762705936,0.247918072895663,44.4358497334063,0.445215193501083,0.42565974961713,0.1722434708631,0.20045266071564,17.268253126852,0.20045266071564,0.809423475510373,0.5,0.0101659699466124,0.0101659699466124,0.0160913012077952,0.100826434557128,0.100826434557128,0.126851492721944,0.256167816185561,45.147229058303,0.473611786627927,0.459842450955589,0.194470309350809,0.210873574497049,18.8911366131775,0.210873574497049,0.818451708817243,0.5,0.0113733066552062,0.0113733066552062,0.0178045281890306,0.106645706204035,0.106645706204035,0.133433609636518,0.273872023795597,45.875582346211,4961.10070324498,4378.75967102958,6101.17377134348,4681.01459287823,5310.35805631022,4681.01459287823,4681.0145928782,NA,4960.79959099811,4960.79959099811,5223.80342260074,5002.77065319076,5002.77065319076,5251.92215293409,4667.27332013606,3106.90978895542,0.999967343586743,0.999883749315064,1.00001764617098,0.999974591491246,1.00026901867244,0.999974591491246,0.999974591491247,NA,1.00021222336317,1.00021222336317,1.00036691500703,1.00018408608577,1.00018408608577,1.00033600531489,0.999962974244277,1.00132718832757
"GSM1896990",0.446845379827741,0.445636042409308,0.107518577762951,0.229413726772866,19.5127324948579,0.229413726772866,0.770586273227134,0.5,0.00911993909802073,0.00911993909802073,0.0128994347574301,0.0954083084107119,0.0954083084107119,0.113478719073961,0.307185952465163,151.008838871282,0.00031745615577282,0.000429377355940354,0.000205353374772759,0.000107063479664228,0.0202628219098137,0.000107063479664228,0.000107063479664229,NA,1.03928191691539e-05,1.03928191691539e-05,1.38116822125183e-05,5.36213209887405e-05,5.36213209887405e-05,6.01591752332142e-05,0.000198006488771477,0.0246377981086037,0.0222364417315456,0.0272996839996265,0.0154128395892222,0.00720259268354841,1.60074319700219,0.00720259268354841,0.00720259268354841,0,0.00079749391003456,0.00079749391003456,0.00107158174050107,0.00414679800797344,0.00414679800797344,0.00469231573869339,0.013326358366363,1.42393510407952,0.403420460896003,0.392500137621716,0.0781127516527768,0.21534215248104,16.4201350847558,0.21534215248104,0.756365611895187,0.5,0.00772018054277374,0.00772018054277374,0.0109913523211674,0.0878645579418208,0.0878645579418208,0.104839650513289,0.281660087229261,147.458462227207,0.431708450113259,0.427248475459318,0.096968951507036,0.22448726087573,18.4381749433866,0.22448726087573,0.765859728589035,0.5,0.0085647532677147,0.0085647532677147,0.012164142413509,0.0925459521949692,0.0925459521949692,0.110291171058472,0.297987115441658,150.301547639665,0.44679436180632,0.445618165946489,0.106968004305759,0.229381047443866,19.4975003560408,0.229381047443866,0.770618952556134,0.5,0.00906614617921266,0.00906614617921266,0.012822156452657,0.0952163125688689,0.0952163125688689,0.113234961264821,0.30694817307075,151.33115011986,0.461805672719511,0.463678355456316,0.117596719885125,0.234140271410965,20.5522092315593,0.234140271410965,0.77551273912427,0.5,0.00960203281926914,0.00960203281926914,0.0135588256851927,0.0979899628451087,0.0979899628451087,0.116442370660558,0.315819632431634,152.056036970876,0.490349604128648,0.500159577751003,0.139233280769213,0.243634388104813,22.7451539013671,0.243634388104813,0.78465784751896,0.5,0.0108985115464745,0.0108985115464745,0.0152252097020579,0.104395936446168,0.104395936446168,0.123390476545132,0.33400175073142,152.798568501947,4906.40144817306,4042.37840672256,5633.28375973498,4525.79629464685,6240.84612544372,4525.79629464685,4525.7962946468,NA,5888.27397433908,5888.27397433908,6019.45891913982,5980.68246428817,5980.68246428817,6083.74087351546,4529.64462692043,3340.2318225714,1.00003783128741,1.00017657616049,0.999818107112857,0.999913135701693,1.00024327290632,0.999913135701693,0.999913135701693,NA,1.00010229010581,1.00010229010581,1.00022275222129,1.00009124614666,1.00009124614666,1.00022421711615,0.999929778330395,1.00158390276229
"GSM1896991",0.243842225785865,0.240365094424763,0.515792679789372,0.32067871601693,22.2986186212071,0.32067871601693,0.67932128398307,0.5,0.00986049490956946,0.00986049490956946,0.0113115692278014,0.0991697562659365,0.0991697562659365,0.106238275506052,0.51328688194665,249.488340238939,0.000471535002308881,0.00114036567164487,0.00072640931488345,0.000195889014497766,0.0399920833099696,0.000195889014497766,0.000195889014497769,NA,1.99332554481208e-05,1.99332554481208e-05,1.99106852210224e-05,0.000100609103986505,0.000100609103986505,9.38916306506938e-05,0.000548313459453572,0.0270203944269937,0.0231827486453527,0.0486934331686143,0.0361248782677653,0.00857163472551194,2.11658915226805,0.00857163472551194,0.00857163472551194,0,0.00101006806122248,0.00101006806122248,0.0010640672667564,0.0050850352921295,0.0050850352921295,0.00500011704343006,0.0239443959513348,1.43236849462389,0.200452667704128,0.142031606881231,0.44457791709347,0.304350728238276,18.5689595790289,0.304350728238276,0.662891902299437,0.5,0.00796417040680344,0.00796417040680344,0.00930308352390915,0.0892422008139323,0.0892422008139323,0.0964524935798916,0.46914223605332,245.824516901242,0.227433466947581,0.207269784524068,0.491368233704529,0.314703552797774,20.8223556424348,0.314703552797774,0.673462109782004,0.5,0.00915675163363323,0.00915675163363323,0.0105732329587187,0.095690917193215,0.095690917193215,0.102826226997597,0.49632556931613,248.782566101248,0.243370976770658,0.241026367291272,0.515896972149571,0.320821471632259,22.1214967966316,0.320821471632259,0.679178528367741,0.5,0.00984404699232985,0.00984404699232985,0.0113012244335079,0.0992171708526626,0.0992171708526626,0.106307217216585,0.513112712219388,249.808633490953,0.259116018396436,0.274592893585359,0.54037443780957,0.326537890217996,23.644612862589,0.326537890217996,0.685296447202226,0.5,0.010519382882053,0.010519382882053,0.0120063264893641,0.102564042832002,0.102564042832002,0.109573384030588,0.529324455158134,250.542009955798,0.290355528436759,0.33387002636916,0.586822750377913,0.337108097700563,26.8728105059499,0.337108097700563,0.695649271761724,0.5,0.0119077034454961,0.0119077034454961,0.0134633283642637,0.109122424115275,0.109122424115275,0.116031583466034,0.560760646877908,251.254048279512,2417.14097532431,1823.27644445484,2473.14725343288,1914.72826575016,2801.07717795354,1914.72826575016,1914.7282657501,NA,2567.70314358621,2567.70314358621,2856.04965714714,2554.54395850444,2554.54395850444,2836.0022926854,1906.99677120869,2810.12831810473,1.00093275367988,1.0014940944618,1.00094862379616,1.00158852037165,1.00065630567712,1.00158852037165,1.00158852037165,NA,1.00103981817021,1.00103981817021,1.00081902835353,1.00099114995007,1.00099114995007,1.0007767875959,1.00160701567436,1.001307474794
"GSM1896992",0.307243750814495,0.51927018883724,0.173486060348264,0.260339092557639,23.8640705600881,0.260339092557639,0.739660907442361,0.5,0.0081585502219845,0.0081585502219845,0.010591059811954,0.0901843356428051,0.0901843356428051,0.102769446677726,0.367974310106363,195.941441418651,0.000343944457228845,0.000535743721712554,0.000285876139687814,0.0001368126401182,0.0351041051543461,0.0001368126401182,0.000136812640118202,NA,1.435507084193e-05,1.435507084193e-05,1.73449630273581e-05,7.65819526325712e-05,7.65819526325712e-05,8.15620149961379e-05,0.000288293936589966,0.0278441696712171,0.0209948371379498,0.029830652131882,0.0192349728279123,0.00803168722256906,2.4510471653649,0.00803168722256906,0.00803168722256906,0,0.000925535601518981,0.000925535601518981,0.00113493028333673,0.00503378525809578,0.00503378525809578,0.00543178879828889,0.0168505478421614,1.45634230533435,0.267450424847267,0.461030288719284,0.13646999566796,0.245181615405677,18.9211876286493,0.245181615405677,0.723048966289355,0.5,0.00667435482471364,0.00667435482471364,0.00873862625865151,0.0816967246877559,0.0816967246877559,0.0934806196930457,0.337028512193337,192.21494249785,0.29282285210275,0.499515055580757,0.160384595600745,0.254869628778623,22.2586777561722,0.254869628778623,0.734546277532212,0.5,0.00751290248137635,0.00751290248137635,0.00979952987399255,0.086677000877474,0.086677000877474,0.0989925748418894,0.356408950988909,195.251160013427,0.306751081848622,0.519107724489815,0.173426641144888,0.260058889981305,23.8477914336173,0.260058889981305,0.739941110018695,0.5,0.00805537817674735,0.00805537817674735,0.0104831510581173,0.0897517586227968,0.0897517586227968,0.102387260233419,0.367107290070097,196.26088636411,0.321348508604986,0.539189784117137,0.186310642784955,0.265453722467788,25.5114279186365,0.265453722467788,0.745130371221377,0.5,0.00866078110554315,0.00866078110554315,0.0112315746140159,0.0930633177062599,0.0930633177062599,0.105979123480541,0.378477592229099,197.023376272643,0.348481378700802,0.577012875406581,0.211916569587309,0.276951033710645,28.6086156625177,0.276951033710645,0.754818384594323,0.5,0.0102727554149622,0.0102727554149622,0.0132127012850957,0.101354602136875,0.101354602136875,0.114946514883312,0.403608385711179,197.743794698261,3726.04752566967,3100.35421413719,4527.17555892297,3446.36386009626,4875.14484176191,3446.36386009626,3446.36386009616,NA,4156.95743604358,4156.95743604358,4281.45725034151,4320.52475802159,4320.52475802159,4435.16577450197,3416.30812248604,2735.63648989824,1.00031884783132,0.999985340932832,0.999965877845967,1.00020827053593,1.00008890178091,1.00020827053593,1.00020827053593,NA,1.00030545504491,1.00030545504491,1.00013870877401,1.0002809038943,1.0002809038943,1.00012154874673,1.00021219076809,1.00100908309946
"GSM1896993",0.351126118650522,0.430003401970341,0.218870479379137,0.264828403619991,23.2666509602175,0.264828403619991,0.735171596380009,0.5,0.00844196439181692,0.00844196439181692,0.0108384619239815,0.0917649174085646,0.0917649174085646,0.103993785304484,0.377417046622733,170.169307302125,0.000352366439380967,0.000585636162111057,0.000321543432857499,0.000137184923292981,0.0315022922643965,0.000137184923292981,0.000137184923292982,NA,1.35020108025262e-05,1.35020108025262e-05,1.55294959511154e-05,7.20084433853383e-05,7.20084433853383e-05,7.32831239067455e-05,0.000293917139440062,0.0251104762182157,0.0218772944857342,0.0317295151032971,0.0214835640357723,0.00771927439172502,2.14181111906313,0.00771927439172502,0.00771927439172502,0,0.000855473559470994,0.000855473559470994,0.00102455892265713,0.0046007576210412,0.0046007576210412,0.00487416779721167,0.0164784669994159,1.42061003989412,0.308100522575181,0.366659405091378,0.177733991237508,0.250063462795138,19.036962833946,0.250063462795138,0.719481898550445,0.5,0.00700949236648707,0.00700949236648707,0.00906754252401197,0.0837227111743244,0.0837227111743244,0.0952236447737798,0.34670053198633,166.597372363262,0.336312544643686,0.408814232075342,0.204249067019178,0.259696982909328,21.8378429716509,0.259696982909328,0.730179298833494,0.5,0.00784326371293806,0.00784326371293806,0.0101301222645818,0.0885622025070555,0.0885622025070555,0.10064850850647,0.366353700121634,169.463914184539,0.35092033229736,0.430640803834746,0.218468900879511,0.264623516028101,23.2697439190254,0.264623516028101,0.735376483971899,0.5,0.00835903903136761,0.00835903903136761,0.0107435647283341,0.0914277804061595,0.0914277804061595,0.103651168484835,0.376710903395505,170.498300419996,0.365714803208825,0.451644431436093,0.233303840427378,0.269820701166506,24.6788729169196,0.269820701166506,0.740303017090672,0.5,0.00894453743016814,0.00894453743016814,0.0114480171285066,0.0945755646372518,0.0945755646372518,0.106995407023162,0.387874766526411,171.218769281535,0.394737667254374,0.491167509290871,0.262204648181755,0.280518101449555,27.5708660134715,0.280518101449555,0.749936537204862,0.5,0.0103954666691672,0.0103954666691672,0.0131323471493302,0.10195816136468,0.10195816136468,0.114596453212306,0.411669168170902,171.962243092371,3854.76715287127,2935.42574315435,4464.09443516655,3166.21343962242,4622.51176240671,3166.21343962242,3166.21343962239,NA,4014.35966222089,4014.35966222089,4352.70425550482,4082.17729389197,4082.17729389197,4423.77473393208,3143.28520801985,3200.66234844575,0.999804254438168,1.0004581418407,1.00096767513882,0.999992439931133,1.00050981359298,0.999992439931133,0.999992439931133,NA,1.00042112268788,1.00042112268788,1.00046767268053,1.00042358523159,1.00042358523159,1.00047769380817,1.00000148044487,1.0005035781547
"GSM1896994",0.377248690285022,0.531356798644025,0.0913945110709529,0.203357871436863,17.1836228674967,0.203357871436863,0.796642128563137,0.5,0.00948998164234855,0.00948998164234855,0.014657989983404,0.0973255359208569,0.0973255359208569,0.120956028973228,0.261232089650706,113.32118957441,0.000332589910850443,0.000481785437689337,0.000231717449393973,0.000128139749476537,0.0224678237525857,0.000128139749476537,0.000128139749476535,NA,1.14845628224026e-05,1.14845628224026e-05,1.9701191389163e-05,5.83849216740355e-05,5.83849216740355e-05,8.06710238920492e-05,0.000215901824400003,0.0256325595254317,0.0215280491089775,0.0283178860629065,0.0157862489552322,0.0082079562437373,1.47625622685607,0.0082079562437373,0.0082079562437373,0,0.000825504851713874,0.000825504851713874,0.00128149240490477,0.00420997809447854,0.00420997809447854,0.00525666172520895,0.0138301632264286,1.41263418139849,0.335081713901264,0.476575313937464,0.0610629120577958,0.18715644413892,14.3624627454662,0.18715644413892,0.781087887466201,0.5,0.00806409591611357,0.00806409591611357,0.0124310196535842,0.0898003113252902,0.0898003113252902,0.111494482586719,0.234452427190257,109.873058483224,0.363038420068713,0.511998774015253,0.0805853529204298,0.197911644814926,16.1586680333127,0.197911644814926,0.791063151907791,0.5,0.00890185482513868,0.00890185482513868,0.0137547523293977,0.0943496413592836,0.0943496413592836,0.117280656238031,0.251944278502551,112.594461676673,0.377030629107728,0.531636727216479,0.0912278105629034,0.203485161595776,17.1797351809225,0.203485161595776,0.796514838404224,0.5,0.00942080472171211,0.00942080472171211,0.0145520287345056,0.0970608300068558,0.0970608300068558,0.120631789899875,0.261255418044673,113.632307218296,0.391639260591443,0.549962622163171,0.102115096156164,0.208936848092209,18.1755362904421,0.208936848092209,0.802088355185074,0.5,0.0100171222786815,0.0100171222786815,0.0154715722672556,0.100085574773176,0.100085574773176,0.124384775048444,0.270533918965213,114.378592964179,0.419073907233465,0.588668402084833,0.122364322900071,0.218912112533799,20.1109810356635,0.218912112533799,0.81284355586108,0.5,0.0112618076064081,0.0112618076064081,0.0174064856021455,0.106121664167453,0.106121664167453,0.131933640838508,0.287970355683144,115.103930850529,4189.77990507123,3454.73167666701,4641.30828649126,4103.00762431476,4317.19303882502,4103.00762431476,4103.00762431488,NA,5166.66525310208,5166.66525310208,4231.03962926486,5199.46032190188,5199.46032190188,4246.04822549339,4103.38236013194,3037.21455245185,1.00109765627373,1.00078850800932,0.999969048527423,1.00017764976548,1.00034897499777,1.00017764976548,1.00017764976548,NA,0.999913761380779,0.999913761380779,1.00021208031107,0.999947989928601,0.999947989928601,1.00024682857327,1.00016687722151,1.00036474255275
"GSM1896995",0.311156004625919,0.55568085473063,0.13316314064345,0.251901791641595,18.0843844081674,0.251901791641595,0.748098208358405,0.5,0.0105383391320945,0.0105383391320945,0.0139966304008166,0.102493622467122,0.102493622467122,0.118121210944804,0.350951140801535,172.437209070125,0.000473785122022805,0.000969192528082432,0.000551256630460415,0.000232288769092471,0.037450805217187,0.000232288769092471,0.00023228876909247,NA,2.12992692227068e-05,2.12992692227068e-05,3.01394421242128e-05,0.000102184579188189,0.000102184579188189,0.00012569838690011,0.000469767297694076,0.0296745313420004,0.0246036487678779,0.0450842917829957,0.0282049345304895,0.0116959136344971,1.98966351605209,0.0116959136344971,0.0116959136344971,0,0.00120145295604962,0.00120145295604962,0.0015885934114328,0.00577933047543088,0.00577933047543088,0.00663441238378341,0.0237046356638884,1.48163139295101,0.261822719030236,0.468487768866376,0.0785728251436907,0.22902756747269,14.2813210824569,0.22902756747269,0.724623032326292,0.5,0.00855652779873461,0.00855652779873461,0.0113580196484742,0.0925015016015811,0.0925015016015811,0.106574010149414,0.306295503898072,168.730409103351,0.29504528366791,0.525893249154025,0.114062328265792,0.244113554858587,16.7521955255892,0.244113554858587,0.740463298707342,0.5,0.00968337707406878,0.00968337707406878,0.0128592272405995,0.0984041517097382,0.0984041517097382,0.113398532748818,0.334937163017313,171.706571807954,0.311294857599671,0.555384120348761,0.133085676855195,0.251788411728755,18.052258379625,0.251788411728755,0.748211588271245,0.5,0.0104039699252551,0.0104039699252551,0.0138486827942684,0.101999852561829,0.101999852561829,0.117680426554279,0.35016326876467,172.777732450126,0.327230966159655,0.584502692293046,0.151670357236756,0.259536701292658,19.4412927137082,0.259536701292658,0.755886445141413,0.5,0.0112537967408673,0.0112537967408673,0.0149234170303611,0.106083913621973,0.106083913621973,0.122161438393314,0.366020312331743,173.517313143015,0.359319660344815,0.644727877053611,0.188440375178067,0.275376967673708,22.0108794088104,0.275376967673708,0.77097243252731,0.5,0.0132236288854996,0.0132236288854996,0.0175053833914897,0.114994038460942,0.114994038460942,0.132307911237341,0.400092256620896,174.248264939763,2696.72213379929,2163.86612956533,2617.83662618641,2535.19797965908,2822.51951562366,2535.19797965908,2535.1979796591,NA,3181.88247358989,3181.88247358989,2778.14619100425,3198.77974022416,3198.77974022416,2785.77166873065,2546.24980165516,2492.94447206445,1.00057560032552,1.00095624223848,1.00073400754788,1.0008221206458,1.00011688041803,1.0008221206458,1.0008221206458,NA,1.00009616726843,1.00009616726843,1.00018213423445,1.00008070319454,1.00008070319454,1.0001627722963,1.00084315463736,1.00045203647089
"GSM1896996",0.465679884854536,0.479385308409552,0.0549348067359122,0.180558519058682,18.2241357849005,0.180558519058682,0.819441480941318,0.5,0.00815646062177941,0.00815646062177941,0.0137930248001042,0.0902555318812579,0.0902555318812579,0.1173635045224,0.22411337855631,142.654086399861,0.000278612991299861,0.000365039423549794,0.000174493146482866,9.0772326406512e-05,0.0191961063196129,9.0772326406512e-05,9.07723264065122e-05,NA,7.48718184990498e-06,7.48718184990498e-06,1.46918119430821e-05,4.12244036922068e-05,4.12244036922068e-05,6.22425564996152e-05,0.000141940409195709,0.0248472598762933,0.0199177273603412,0.0233935159323923,0.0118924840093246,0.00627119030066107,1.34314690555426,0.00627119030066107,0.00627119030066107,0,0.000584271006080244,0.000584271006080244,0.00102266629791271,0.00322504057672147,0.00322504057672147,0.00433992634669924,0.00981943249014232,1.43110274240653,0.426929855138687,0.432747117876394,0.0331973706446269,0.167890551221327,15.6647453751794,0.167890551221327,0.806924537394255,0.5,0.00708333674686056,0.00708333674686056,0.0119422427825592,0.0841625614263641,0.0841625614263641,0.109280569094816,0.204571759427823,139.016528541582,0.452482966076487,0.463550479102576,0.0467229497662072,0.176442203904907,17.2953442585183,0.176442203904907,0.815318483467027,0.5,0.00774375126598826,0.00774375126598826,0.0130904358690615,0.0879985867271901,0.0879985867271901,0.114413442693448,0.217615170861338,141.963966259114,0.465454281174908,0.479666859902219,0.0543454600952133,0.180626499571911,18.1987002236433,0.180626499571911,0.819373500428089,0.5,0.00812838662254345,0.00812838662254345,0.013737244799283,0.0901575655289593,0.0901575655289593,0.11720599301772,0.224123416404276,142.982683401048,0.479171204348883,0.494777951771444,0.0625426253340024,0.184681516532973,19.0979125911368,0.184681516532973,0.823557796095093,0.5,0.00853189499382476,0.00853189499382476,0.0144547570878779,0.0923682575011595,0.0923682575011595,0.120227938050025,0.230512455880509,143.716171097094,0.504763911896858,0.524475010215285,0.0797677237814992,0.193075462605745,20.9340912444151,0.193075462605745,0.832109448778673,0.5,0.0093969102369525,0.0093969102369525,0.0159594040197594,0.0969376615810351,0.0969376615810351,0.126330534768222,0.244003093938453,144.417471974278,5110.6582490608,4106.87475144907,4645.02872828534,4773.01750574673,4895.76697500961,4773.01750574673,4773.01750574671,NA,6089.64404547965,6089.64404547965,4845.26089238448,6120.14345079229,6120.14345079229,4861.719225798,4785.86750856254,3317.29904248152,1.00003784873041,1.00086404757223,1.00091756062404,1.00154114728998,1.00065802797504,1.00154114728998,1.00154114728999,NA,0.999917057604957,0.999917057604957,1.00062395191898,0.999918983988251,0.999918983988251,1.00063090734502,1.00155790502138,1.00031459192955
"GSM1896997",0.272097495299452,0.353957353032042,0.373945151668506,0.327996694879674,19.8939008081445,0.327996694879674,0.672003305120326,0.5,0.0112409770830418,0.0112409770830418,0.0127417860259854,0.105798098999577,0.105798098999577,0.112683315359146,0.534911452338014,251.120931186108,0.000634272270201018,0.00145868450006444,0.000874746151767589,0.000281596871368777,0.0431785104249507,0.000281596871368777,0.000281596871368774,NA,2.81739188310214e-05,2.81739188310214e-05,2.79210088900345e-05,0.000132042374922611,0.000132042374922611,0.000122910365434038,0.000822409137054645,0.0259725184861801,0.0308596538642837,0.0654485092361546,0.0435116748779121,0.0126704713075686,2.33423685822188,0.0126704713075686,0.0126704713075686,0,0.00147574767335578,0.00147574767335578,0.00151247007910133,0.00690979734000253,0.00690979734000253,0.00665296914215767,0.0370121205571653,1.38648645102238,0.21536949537146,0.221436937377297,0.293126399786943,0.302992001281101,15.6350505438259,0.302992001281101,0.647962673691842,0.5,0.00867176506616737,0.00867176506616737,0.0100857329486252,0.0931223123005095,0.0931223123005095,0.10042774986833,0.465681883982457,247.597734383278,0.250338764412701,0.308587192280018,0.34374751270928,0.319070930151138,18.2745024591312,0.319070930151138,0.663031978663333,0.5,0.0102114417357141,0.0102114417357141,0.0116751760469666,0.10105167853689,0.10105167853689,0.108051728569843,0.508251511672401,250.406727278069,0.270726987566284,0.357236518396964,0.372264066795885,0.328066223151248,19.7878030170431,0.328066223151248,0.671933776848752,0.5,0.0111262630638322,0.0111262630638322,0.0126340453857604,0.105481102867163,0.105481102867163,0.112401269423659,0.533749357058914,251.410140578947,0.292373392827613,0.400267256339633,0.402829602243096,0.336968021336667,21.4129533462585,0.336968021336667,0.680929069848862,0.5,0.0121657893729961,0.0121657893729961,0.0136802630182337,0.110298637221837,0.110298637221837,0.116962656501687,0.560330864502416,252.174487490368,0.333968869041198,0.475438022630534,0.463265578331924,0.352037326308158,24.7874895924968,0.352037326308158,0.697007998718898,0.5,0.0144245693831668,0.0144245693831668,0.0159897148636671,0.120102328743255,0.120102328743255,0.126450444295269,0.608824031130174,252.882762020175,2367.17655759869,2013.15299356462,2474.27245478881,2024.55644208255,2922.50008813847,2024.55644208255,2024.55644208259,NA,2743.65623821729,2743.65623821729,2934.34632441499,2738.44464178157,2738.44464178157,2929.90809984965,2025.40595585498,2849.72617707725,1.00035281032445,1.00077767016086,1.00063625035761,1.00001925179363,1.00045259328531,1.00001925179363,1.00001925179363,NA,1.00037244821046,1.00037244821046,1.00053153557517,1.00034901923621,1.00034901923621,1.00051022746594,1.00004436962888,1.00158065780514
"GSM1896998",0.412863089677054,0.456206796680283,0.130930113642663,0.231353087746665,20.9849713093922,0.231353087746665,0.768646912253335,0.5,0.00853232583425122,0.00853232583425122,0.0119973367824369,0.0922819366796366,0.0922819366796366,0.109435321054692,0.310767418665043,146.210753931623,0.000318170733739782,0.00042033028390287,0.000220511018651048,0.000101714296362531,0.0228828193061873,0.000101714296362531,0.00010171429636253,NA,1.02013884707691e-05,1.02013884707691e-05,1.36467033919805e-05,5.44330655244952e-05,5.44330655244952e-05,6.1474270175814e-05,0.000189882906547781,0.0251277593778716,0.0213706191952723,0.0263874868541632,0.0161628760224962,0.00683938862293222,1.74752196825953,0.00683938862293222,0.00683938862293222,0,0.000752856856495079,0.000752856856495079,0.00101634020140372,0.00404623818035861,0.00404623818035861,0.00460976619107173,0.0127490535989741,1.39953147020165,0.371055945419894,0.403620996381423,0.100283701091815,0.217981942595105,17.6120470176697,0.217981942595105,0.755000274843222,0.5,0.007248206810701,0.007248206810701,0.0102486550212461,0.0851364012083018,0.0851364012083018,0.101235641061094,0.286318498094212,142.745883774237,0.398351294624273,0.438829044539327,0.119748606187717,0.226709804401701,19.7845344799173,0.226709804401701,0.764132304439127,0.5,0.00799673141858098,0.00799673141858098,0.0112748973251742,0.0894244453067603,0.0894244453067603,0.106183319429474,0.302036940138358,145.515477993384,0.412709115357112,0.456358068092529,0.130727193312752,0.231302471615364,20.9873088464355,0.231302471615364,0.768697528384636,0.5,0.00846150043224669,0.00846150043224669,0.0119119607933121,0.0919864143869032,0.0919864143869032,0.109141929576554,0.310510890684685,146.514930761642,0.427236974204031,0.47357740303622,0.141704988629153,0.235867695560873,22.1731509210087,0.235867695560873,0.773290195598299,0.5,0.00900912608243784,0.00900912608243784,0.0126361325436258,0.0949164162956617,0.0949164162956617,0.112410553524117,0.319078983820303,147.244095078461,0.455401887608296,0.507796750239405,0.162765174402854,0.244999725156778,24.3934447496575,0.244999725156778,0.782018057404895,0.5,0.0101756024040187,0.0101756024040187,0.0141948292414223,0.100874190955994,0.100874190955994,0.119142054881191,0.336671737724231,147.973596978288,4511.42510881305,3941.07498135296,5372.50331833475,4521.37537900187,5832.1169688154,4521.37537900187,4521.37537900188,NA,5446.35879304355,5446.35879304355,5546.5470864893,5525.57274625849,5525.57274625849,5623.03819875066,4508.00254131061,3102.11438679023,1.00086880626713,1.00078467880888,1.00002074699103,1.00069912461674,1.0000139137124,1.00069912461674,1.00069912461674,NA,0.999945507108289,0.999945507108289,1.00006214111475,0.999922472814361,0.999922472814361,1.00004818823326,1.00072219256472,1.00062238016475
"GSM1896999",0.421131602488165,0.465633735497776,0.113234662014059,0.221379490254591,16.9639004317987,0.221379490254591,0.778620509745409,0.5,0.0102381496800245,0.0102381496800245,0.0148511592992398,0.101070259249146,0.101070259249146,0.121746918001592,0.292594516083925,110.417105077241,0.000355368773497984,0.000500021186934106,0.000229834648412625,0.000132900543335366,0.0217793965875483,0.000132900543335366,0.000132900543335364,NA,1.54351308507316e-05,1.54351308507316e-05,2.01020841422565e-05,7.42809873148445e-05,7.42809873148445e-05,8.11294554914294e-05,0.000241515540422853,0.0274873199028821,0.0230959824601339,0.0294816783875877,0.0160526965199652,0.00816293779818316,1.4784420961891,0.00816293779818316,0.00816293779818316,0,0.000980263823404146,0.000980263823404146,0.00131885698581633,0.00479116319285384,0.00479116319285384,0.00537129990889535,0.0147149696612949,1.44017364752537,0.376541444657895,0.407062334790459,0.0835223957080534,0.205829581553547,14.1287087097799,0.205829581553547,0.762307478627696,0.5,0.00859232829134579,0.00859232829134579,0.0125912393928201,0.0926948126419485,0.0926948126419485,0.112210691971373,0.265224422233716,106.888916303004,0.405295335973951,0.446652896664039,0.102119010029276,0.215858121720263,15.9544290603184,0.215858121720263,0.773326327749887,0.5,0.00954356826072444,0.00954356826072444,0.0139334313754972,0.0976911882215192,0.0976911882215192,0.118039956687249,0.282567206800846,109.718196897134,0.420799270349084,0.465557675605496,0.112827102854876,0.221212313156597,16.9509394489246,0.221212313156597,0.778787686843403,0.5,0.0101532591141841,0.0101532591141841,0.0147484451188463,0.100763381808439,0.100763381808439,0.121443176491148,0.292078792690662,110.710088506235,0.43638180545285,0.484910566458727,0.123481014605149,0.226673672250113,17.9424574835797,0.226673672250113,0.784141878279737,0.5,0.0108390096021656,0.0108390096021656,0.0156696299851811,0.104110564315842,0.104110564315842,0.125178392644981,0.301970838674744,111.457853332618,0.466539261910212,0.522921808436563,0.145909059376041,0.237692521372304,19.8550748032427,0.237692521372304,0.794170418446453,0.5,0.0123377108343981,0.0123377108343981,0.0176944694439484,0.111075248304145,0.111075248304145,0.133020559927581,0.322545350113369,112.216313733511,4223.90707583504,3476.38282037964,4878.26051266131,3772.58871604374,4608.0475659994,3772.58871604374,3772.58871604383,NA,4033.34451439282,4033.34451439282,4304.40607004186,4160.31861710085,4160.31861710085,4383.30490845259,3712.1761857935,2745.14270523624,1.00065861007272,1.00050944008746,0.999887928197573,1.00056055810822,0.99963507665004,1.00056055810822,1.00056055810822,NA,0.999746479202378,0.999746479202378,0.999693512631571,0.999703526238441,0.999703526238441,0.999675523740634,1.00062217094856,1.00106339320006
"GSM1897000",0.260436472578521,0.515884871408961,0.223678656012518,0.221768394782794,19.2908307535618,0.221768394782794,0.778231605217206,0.5,0.00901517176190018,0.00901517176190018,0.0130613002408176,0.0948403959722188,0.0948403959722188,0.114173215345534,0.293304950169864,87.5691466831091,0.000286843218135504,0.000489103452097457,0.000295710212222757,0.000135788460846214,0.0231072461176868,0.000135788460846214,0.000135788460846214,NA,1.24118007592132e-05,1.24118007592132e-05,1.63742947401479e-05,6.40572057928762e-05,6.40572057928762e-05,7.05765718574781e-05,0.000245054879202047,0.0256840156423866,0.0190786626316164,0.0281443587302977,0.0199898491932386,0.00838517341198237,1.69305008569741,0.00838517341198237,0.00838517341198237,0,0.000868525456035878,0.000868525456035878,0.00116966892507078,0.00452477766686365,0.00452477766686365,0.00507743646193616,0.0151105626852379,1.43346069321938,0.223509857536176,0.459899442982427,0.185117401667509,0.205482305328309,15.9848794645121,0.205482305328309,0.760979269529738,0.5,0.00756103510419425,0.00756103510419425,0.0110280846409185,0.0869542126838256,0.0869542126838256,0.105014687735819,0.264634506759862,83.9265952306943,0.247768323849336,0.497079806169968,0.210080921911286,0.21612161870294,18.163118155903,0.21612161870294,0.772741538086212,0.5,0.00841854976325556,0.00841854976325556,0.0122602854346868,0.0917526553120065,0.0917526553120065,0.110726173206557,0.283031093424645,86.8594196085141,0.260053207792684,0.516211023156151,0.2232996795514,0.221616462132308,19.2755459245303,0.221616462132308,0.778383537867692,0.5,0.00893353986199306,0.00893353986199306,0.0129698013153102,0.0945174050702789,0.0945174050702789,0.113885035469232,0.292804151466318,87.902842623888,0.272841963436802,0.534696086814612,0.237086901514943,0.227258461913788,20.3910424004364,0.227258461913788,0.78387838129706,0.5,0.00952226551208247,0.00952226551208247,0.0137641564546192,0.0975820962535398,0.0975820962535398,0.117320741791882,0.303041749329137,88.635634480204,0.298819949167392,0.57120830355629,0.264525944257586,0.239020730470262,22.6693943872074,0.239020730470262,0.794517694671691,0.5,0.0109708213855423,0.0109708213855423,0.0156397801537655,0.104741688861049,0.104741688861049,0.12505910660257,0.325083560715789,89.3661829371471,4423.91408711013,3311.16832747741,4569.68632043281,3813.27710453132,5368.37978090186,3813.27710453132,3813.27710453135,NA,4896.60997497256,4896.60997497256,5102.70776875763,4989.51700658125,4989.51700658125,5175.68547010523,3802.19656928928,3114.91159896128,1.00128475700873,1.0020866069405,1.00079181114428,1.00229889120809,1.00031067854645,1.00229889120809,1.00229889120809,NA,1.00083420226273,1.00083420226273,1.00029719451048,1.00081210963903,1.00081210963903,1.0002993058701,1.00234429224195,1.00065472992856
"GSM1897001",0.319141170254047,0.548997619483515,0.131861210262438,0.255639245795765,17.5741619534745,0.255639245795765,0.744360754204235,0.5,0.0109620359879949,0.0109620359879949,0.0143959711043599,0.104493966315115,0.104493966315115,0.119800978695743,0.358657687331265,169.065045639273,0.000492494288512607,0.000772015022188917,0.00034499084065433,0.000250067448349817,0.03078981542379,0.000250067448349817,0.000250067448349817,NA,2.56130546799253e-05,2.56130546799253e-05,2.72947834899757e-05,0.000117786344279705,0.000117786344279705,0.000110984419683244,0.00053033902424974,0.0302493107017016,0.0267107614482454,0.039104302142937,0.0209054827121947,0.0125595317987803,1.88750399860643,0.0125595317987803,0.0125595317987803,0,0.00140454630403028,0.00140454630403028,0.00160981560129341,0.00656143073400577,0.00656143073400577,0.00661075416732083,0.0261832139185886,1.51644562905055,0.269529485647503,0.466972627223229,0.0939168053254879,0.233267795489707,13.7866943761279,0.233267795489707,0.716500529636649,0.5,0.00875174946006353,0.00875174946006353,0.0117464471864147,0.0935507854134554,0.0935507854134554,0.108381027795197,0.31418146135339,165.216855330365,0.301303036323987,0.524873513000471,0.117392247878044,0.247145608647057,16.3318073681007,0.247145608647057,0.736926178973821,0.5,0.00998184686735675,0.00998184686735675,0.0132808829507459,0.099909193103353,0.099909193103353,0.115242713216556,0.340897151812368,168.353193442116,0.318190093276556,0.550156775210849,0.130505103522608,0.255000887235306,17.5734777227212,0.255000887235306,0.744999112764694,0.5,0.0107886668934312,0.0107886668934312,0.0142259832860258,0.103868507706358,0.103868507706358,0.119272726475475,0.356676754626455,169.384656550364,0.3362334428335,0.575697745948964,0.145128170959022,0.263073821026179,18.8240496524189,0.263073821026179,0.752854391352943,0.5,0.011720294965324,0.011720294965324,0.0153075525800819,0.108260311106704,0.108260311106704,0.123723694496457,0.373429743510105,170.182599062726,0.373624944634288,0.621226770778582,0.175403030605457,0.283499470363351,21.2830310367609,0.283499470363351,0.766732204510293,0.5,0.0143168118125462,0.0143168118125462,0.0181334262317194,0.119652880496467,0.119652880496467,0.134660410414011,0.418507552444365,170.907860510846,2941.50872398984,2565.65098581823,3672.02196270996,2522.50812837836,3758.04165663259,2522.50812837836,2522.50812837837,NA,3007.11037638852,3007.11037638852,3478.50759983326,3103.18174216414,3103.18174216414,3547.95402730784,2437.46695948279,2513.17494757893,1.0011404073594,1.00106860865192,1.00031788552075,1.00125073583993,1.00045658449952,1.00125073583993,1.00125073583993,NA,1.00086198767464,1.00086198767464,1.00047968660426,1.00086252244446,1.00086252244446,1.00047589512265,1.00120129014459,1.00046176043249
"GSM1897002",0.266571141786842,0.551139899797235,0.182288958415923,0.263529280060238,20.3392524184531,0.263529280060238,0.736470719939762,0.5,0.00966751444040152,0.00966751444040152,0.0124486809135004,0.0981261250848484,0.0981261250848484,0.111392462376157,0.375048716268622,190.171090174556,0.000449073338507567,0.00081637919292128,0.00043764336379158,0.000252567151537223,0.0390356121368761,0.000252567151537223,0.000252567151537224,NA,2.46770219292816e-05,2.46770219292816e-05,2.65944585760908e-05,0.000119650332733996,0.000119650332733996,0.00011555376854616,0.000558160758959119,0.0333392930257986,0.0240911146548898,0.0392437284114125,0.02393152614116,0.0119829162501487,2.24927102621709,0.0119829162501487,0.0119829162501487,0,0.00125425697889034,0.00125425697889034,0.00144188296923783,0.0062275889469531,0.0062275889469531,0.00635651555005724,0.0257948178493031,1.5418106706935,0.220705093484958,0.47143486792234,0.137403213603923,0.242027607110529,15.8657473610218,0.242027607110529,0.711317339798017,0.5,0.00773198661958717,0.00773198661958717,0.0100991958068225,0.0879317156524303,0.0879317156524303,0.100494755117868,0.330877761783027,186.190633552614,0.250618790184047,0.527099192335063,0.165906144491415,0.255402653879348,18.8380424453535,0.255402653879348,0.729250107646986,0.5,0.00880569526402912,0.00880569526402912,0.0114571987019449,0.0938386661394094,0.0938386661394094,0.107038304830677,0.357497362600665,189.440930364466,0.265830223757013,0.551879569567296,0.181659260781477,0.262944244336704,20.3552190271686,0.262944244336704,0.737055755663296,0.5,0.0094845290834905,0.0094845290834905,0.0122818624756072,0.097388546982044,0.097388546982044,0.110823564580663,0.373156364504906,190.535080288008,0.281960098712675,0.577285359807043,0.197304539961361,0.270749892353014,21.8203425273455,0.270749892353014,0.744597346120652,0.5,0.0103673729304162,0.0103673729304162,0.0132710179803182,0.101820297241361,0.101820297241361,0.115199904428063,0.389897258866558,191.291777650275,0.315608240745703,0.625297676224465,0.231689634427413,0.288682660201983,24.7544462790514,0.288682660201983,0.757972392889471,0.5,0.0126176465239293,0.0126176465239293,0.0157572155122483,0.11232829795925,0.11232829795925,0.12552774795026,0.430623557603567,192.048633696136,2877.92350042057,2310.76972206399,2990.19902172091,2250.97833697255,3320.17969791349,2250.97833697255,2250.97833697253,NA,2583.37562965614,2583.37562965614,2939.52879024997,2709.0190371747,2709.0190371747,3026.00750062566,2135.72991030293,2138.69730277995,1.00108471374867,1.00210792033,1.00172280116546,1.0013242437294,1.00119438898778,1.0013242437294,1.0013242437294,NA,1.00161177084907,1.00161177084907,1.00155484795326,1.00149688517744,1.00149688517744,1.00146550708945,1.00146490859553,1.00115674438394
"GSM1897003",0.290085363424735,0.527247319455505,0.18266731711976,0.246638766659589,19.9484178837565,0.246638766659589,0.753361233340411,0.5,0.00940497868860784,0.00940497868860784,0.0126561588891676,0.0968424448283512,0.0968424448283512,0.112359836647887,0.34025078405671,148.226882074063,0.000366020681324033,0.000617335316345349,0.000338004136589286,0.000164178718048815,0.0304082707731612,0.000164178718048815,0.000164178718048815,NA,1.62511654164713e-05,1.62511654164713e-05,2.00215582730158e-05,8.21654261522267e-05,8.21654261522267e-05,8.78629212409561e-05,0.000327695190772697,0.0301089395823989,0.0217027976335249,0.0335418898993076,0.0215738276196123,0.00950941921712261,1.96126640611019,0.00950941921712261,0.00950941921712261,0,0.00101114177515631,0.00101114177515631,0.0012727932144342,0.00515003724608369,0.00515003724608369,0.00560623994923896,0.0188795882171405,1.4528500292313,0.248893450401632,0.460246434842924,0.141528654393908,0.228361237459798,16.1795268431906,0.228361237459798,0.733206276555073,0.5,0.00772129719857748,0.00772129719857748,0.0104379508031825,0.0878709119707904,0.0878709119707904,0.102166289954031,0.305067496884291,144.514204618209,0.275396801669885,0.504719897431441,0.168009600863837,0.240225522074412,18.6337655467885,0.240225522074412,0.747369198813032,0.5,0.00869684806931511,0.00869684806931511,0.0117805734459455,0.0932568928753435,0.0932568928753435,0.108538350115701,0.327397118204658,147.476160629351,0.289804778900747,0.526962651316344,0.181921213383286,0.246373400136151,19.9204918253413,0.246373400136151,0.753626599863849,0.5,0.0092990677106218,0.0092990677106218,0.0125498909503606,0.0964316737924623,0.0964316737924623,0.112026295793829,0.3393724961576,148.558647723048,0.304202668285777,0.550058462105562,0.197128272590329,0.252630801186968,21.2213778179986,0.252630801186968,0.759774477925588,0.5,0.0100010797722153,0.0100010797722153,0.0134165045475341,0.100005398714181,0.100005398714181,0.115829635866224,0.351863072879125,149.311812146314,0.333310444644919,0.592781568626793,0.226215892872656,0.266793723444927,23.9510613466415,0.266793723444927,0.771638762540202,0.5,0.0117112148446303,0.0117112148446303,0.0154516261855415,0.108218366481207,0.108218366481207,0.12430457021225,0.381342364723699,150.037136633072,3515.76785930049,2952.1118817285,4073.90012695759,3354.85895563015,4159.96552371211,3354.85895563015,3354.85895563014,NA,3871.28446977893,3871.28446977893,4041.28939918856,3928.64254751022,3928.64254751022,4071.29045150329,3319.28772445323,2328.36280281407,1.00057538611486,1.00154919202032,1.00153751061294,1.00144391171769,1.00094894460305,1.00144391171769,1.00144391171769,NA,1.00117251387709,1.00117251387709,1.00117858503164,1.00110402036216,1.00110402036216,1.00112076499304,1.00148966314949,1.00230617823817
"GSM1897004",0.408628266585151,0.401101432354159,0.19027030106069,0.264325991987694,19.7295050440202,0.264325991987694,0.735674008012306,0.5,0.00994937120233071,0.00994937120233071,0.0127868446309378,0.0996081440567921,0.0996081440567921,0.11294968839564,0.376434992389459,151.264514714614,0.000451538571253883,0.000707335344611973,0.000328019724403505,0.000172660453597387,0.0302048142747976,0.000172660453597387,0.000172660453597383,NA,1.86479383363296e-05,1.86479383363296e-05,2.04766307918643e-05,9.15766065955351e-05,9.15766065955351e-05,8.90428854348062e-05,0.000372108440795264,0.0280035749292678,0.0259596101164154,0.0361423002801054,0.0207304257725613,0.00884747421894225,1.86749408246823,0.00884747421894225,0.00884747421894225,0,0.00105841721629633,0.00105841721629633,0.00123122646388067,0.0052528362746402,0.0052528362746402,0.00540519882033316,0.0189111555222891,1.45347845802845,0.359534208227701,0.32595851221379,0.151463773971128,0.248138640242376,16.1299667379077,0.248138640242376,0.716943887435307,0.5,0.0081656742279411,0.0081656742279411,0.0106476396245781,0.0903641202087055,0.0903641202087055,0.103187400505843,0.342864660999457,147.605915598345,0.391258144330903,0.378334567654903,0.176162814153204,0.258145098869337,18.4625919997904,0.258145098869337,0.730035048581776,0.5,0.00920069150580273,0.00920069150580273,0.0119244231405768,0.0959202351178661,0.0959202351178661,0.109199007049258,0.363135067095749,150.560643240723,0.407802354735767,0.402556270444402,0.189843481254581,0.263989929444052,19.6849262101399,0.263989929444052,0.736010070555948,0.5,0.00985671006895003,0.00985671006895003,0.0127000730083491,0.09928096528667,0.09928096528667,0.112694600615705,0.375366811244949,151.594728084215,0.42481088952304,0.425616849995167,0.20354253980779,0.269964951418224,20.9653747653458,0.269964951418224,0.741854901130663,0.5,0.0105824164015674,0.0105824164015674,0.0135408939648925,0.102870872464304,0.102870872464304,0.116365346890533,0.388188207988018,152.333742338677,0.462366758514869,0.46810094221524,0.233183923464245,0.283056112564693,23.4793821868981,0.283056112564693,0.751861359757624,0.5,0.0123279132247482,0.0123279132247482,0.0154991020243703,0.111031136270879,0.111031136270879,0.124495389563237,0.417484681316599,153.04364940115,3305.26756771591,2610.84362117757,3994.07784569233,2625.74687068375,3822.66402439442,2625.74687068375,2625.74687068387,NA,3221.45554174283,3221.45554174283,3615.42106252561,3290.17225617174,3290.17225617174,3684.89313000533,2582.83753618888,2693.95443178216,1.00066543328296,1.00028829688315,0.999878252256665,1.00109587978395,1.00220566838364,1.00109587978395,1.00109587978395,NA,1.0025797754835,1.0025797754835,1.00236575659126,1.00253272642138,1.00253272642138,1.00232878289836,1.00115009083976,1.00052844993872
"GSM1897005",0.331171491553157,0.405433612726015,0.263394895720828,0.288557260985872,23.0671203635651,0.288557260985872,0.711442739014128,0.5,0.00900920383348407,0.00900920383348407,0.0109656728992378,0.0947491471159224,0.0947491471159224,0.104561686013351,0.430825744225648,199.412761917109,0.000416375490023095,0.000769889190987378,0.000425203999377959,0.000177671031176393,0.0403981650928643,0.000177671031176393,0.000177671031176395,NA,1.88374734183899e-05,1.88374734183899e-05,2.00962775215005e-05,9.7402868855915e-05,9.7402868855915e-05,9.45430868190366e-05,0.00042645546133648,0.0262666171333413,0.0239289911037702,0.0404016145078289,0.0266662927406027,0.00938445720938063,2.46939584574191,0.00938445720938063,0.00938445720938063,0,0.00108503531642255,0.00108503531642255,0.00120763109185198,0.00563976330670301,0.00563976330670301,0.00570357638951472,0.0224142116990424,1.4473276890132,0.286736960926295,0.320058024696306,0.213934054713072,0.271653239972581,18.3578858673167,0.271653239972581,0.691438359970126,0.5,0.00722775059860247,0.00722775059860247,0.00894255784104318,0.0850161784510593,0.0850161784510593,0.0945650984155386,0.391871373762088,195.80584472752,0.314799313813697,0.379480548985812,0.244809903121264,0.282160417499426,21.35241479467,0.282160417499426,0.705549842023466,0.5,0.00822737042077095,0.00822737042077095,0.0101042304120302,0.0907048533419039,0.0907048533419039,0.100519801094085,0.415424583300278,198.69114004653,0.330505124063134,0.407379657817896,0.262339403213147,0.287926521095953,23.039795310461,0.287926521095953,0.712073478904047,0.5,0.00887880066387554,0.00887880066387554,0.0108507908446949,0.0942273880771977,0.0942273880771977,0.104167129385883,0.428837642598884,199.736812145043,0.346798197793915,0.433191780042369,0.280520234633441,0.294450157976534,24.7421119480705,0.294450157976534,0.717839582500574,0.5,0.00966025054104354,0.00966025054104354,0.0117082776083842,0.098286573541305,0.098286573541305,0.108204794755534,0.444459776817163,200.465987893097,0.380923290674599,0.479722091406061,0.319272734275119,0.308561640029874,27.9562072447379,0.308561640029874,0.728346760027419,0.5,0.0113848711164747,0.0113848711164747,0.0136181258489583,0.106699911505862,0.106699911505862,0.116696725952851,0.48002111084595,201.224005702548,3302.77100180182,2753.8545369454,3933.06028664983,2789.87709232178,3736.44115589672,2789.87709232178,2789.87709232172,NA,3317.74072115188,3317.74072115188,3611.08185289127,3352.57311580076,3352.57311580076,3639.44339734234,2762.48276983064,3036.16558972065,1.00137745950233,1.0014542914518,1.00065941229835,1.00152297810508,1.00042575571332,1.00152297810508,1.00152297810508,NA,1.00060548880919,1.00060548880919,1.00039190142685,1.00062622988672,1.00062622988672,1.00040363333123,1.0014943165182,1.00047533324437
"GSM1897006",0.387668882915922,0.426432373020403,0.185898744063675,0.253394720241409,15.3648386473571,0.253394720241409,0.746605279758591,0.5,0.0124546208794215,0.0124546208794215,0.0164459048598578,0.111392520350762,0.111392520350762,0.128067660610121,0.35401681113822,96.8816053627247,0.000579579259478957,0.000906844599361074,0.000380213021962937,0.000236813137250847,0.0266692400693173,0.000236813137250847,0.000236813137250849,NA,2.86076781636383e-05,2.86076781636383e-05,3.00421328440756e-05,0.000125037893270559,0.000125037893270559,0.000115177506556801,0.000491099054088869,0.0276770093870415,0.0295877092694467,0.0427713666964631,0.0224326981106593,0.0120359864980921,1.57068077944204,0.0120359864980921,0.0120359864980921,0,0.00154585612549567,0.00154585612549567,0.00173202614087523,0.00680684074749967,0.00680684074749967,0.00667718045293961,0.0247758410356818,1.43318080425454,0.333561484999252,0.334504270456671,0.144618530600789,0.232147203980842,12.2943461072741,0.232147203980842,0.720039754891927,0.5,0.00997115530692596,0.00997115530692596,0.0135099167393358,0.0998556723333607,0.0998556723333607,0.116232167378517,0.312085268701135,93.2200889141475,0.367335461102796,0.40075204814894,0.170723529981262,0.245085680608794,14.3194117110437,0.245085680608794,0.73940860594982,0.5,0.011387463521375,0.011387463521375,0.0152417847689704,0.106712058926777,0.106712058926777,0.123457623365617,0.336840306067752,96.1616761603955,0.385989587921648,0.429298200394806,0.184660366023793,0.252759724813744,15.3621956715409,0.252759724813744,0.747240275186256,0.5,0.0122696516854236,0.0122696516854236,0.016273715398047,0.110768459788686,0.110768459788686,0.127568473354567,0.352123730305644,97.2331110354015,0.406307775110429,0.454964910783655,0.199661905235349,0.26059139405018,16.4022785987998,0.26059139405018,0.754914319391206,0.5,0.0133289306372807,0.0133289306372807,0.0174588178209788,0.115450988023398,0.115450988023398,0.13213181984131,0.368218178976368,97.9307085724819,0.449385425370247,0.503105576862899,0.234341011961549,0.279960245108073,18.5049253267086,0.279960245108073,0.767852796019158,0.5,0.0160145504721179,0.0160145504721179,0.0203345503600396,0.126548608660328,0.126548608660328,0.142599264930701,0.410399932245111,98.6614680530656,2606.13563148065,2224.54150725673,3481.04028845745,2583.16293913371,3468.60285277994,2583.16293913371,2583.16293913368,NA,2919.93322450221,2919.93322450221,3323.89549105214,2963.52014968281,2963.52014968281,3360.86356006431,2545.18067160125,2681.41258434434,1.00121307041599,1.0010353872677,1.00009061636527,1.00218378781359,1.00139417264375,1.00218378781359,1.00218378781359,NA,1.00169922821216,1.00169922821216,1.00127558129807,1.00175046406288,1.00175046406288,1.001302567858,1.00214516978309,1.00080410647921
"GSM1897007",0.250281580372567,0.488262625106595,0.261455794520837,0.242810492319155,18.3601342173586,0.242810492319155,0.757189507680845,0.5,0.0101275534170065,0.0101275534170065,0.0137641802042124,0.100456126198125,0.100456126198125,0.117159530907222,0.332852813525496,105.131798856132,0.000381415574535285,0.00074524717222054,0.000440040466891491,0.000223569221404472,0.0299283832390867,0.000223569221404472,0.000223569221404464,NA,2.29607159894987e-05,2.29607159894987e-05,2.45233798895103e-05,0.000109222468398353,0.000109222468398353,0.000101676497991781,0.000450586709968801,0.0283980360118139,0.0215529755416118,0.0364114297489832,0.0251667739124069,0.0108706603603139,1.87635537660219,0.0108706603603139,0.0108706603603139,0,0.00123616825268864,0.00123616825268864,0.00146393003816172,0.00601037784611681,0.00601037784611681,0.00615054879409009,0.0214537989262772,1.49931013316967,0.209767158028517,0.413138675378418,0.215853139695941,0.223630727278878,14.6522212921181,0.223630727278878,0.734032670732862,0.5,0.00816909203609242,0.00816909203609242,0.0113128958744174,0.090383029563383,0.090383029563383,0.10636209792031,0.296435091259599,101.401788505519,0.235383592248298,0.465900668181665,0.244379436501455,0.23547679533946,17.0905490072839,0.23547679533946,0.750641089178402,0.5,0.00928317005245111,0.00928317005245111,0.0127436552489114,0.0963492088814104,0.0963492088814104,0.112887799377623,0.318339560372536,104.372534246746,0.249791399966906,0.48971227130486,0.260488808032004,0.242112297607854,18.3568161800225,0.242112297607854,0.757887702392146,0.5,0.00996852695924434,0.00996852695924434,0.0136189194027305,0.099842510781125,0.099842510781125,0.11670012597293,0.331041935209014,105.469018505195,0.264481767726894,0.512984147057477,0.277451382055464,0.249358910821598,19.6176054015244,0.249358910821598,0.76452320466054,0.5,0.0108330642481562,0.0108330642481562,0.0146279677691819,0.104082007321512,0.104082007321512,0.120946135815299,0.345293053101294,106.242092504162,0.293143618908659,0.555552090899944,0.314474860229996,0.265967329267138,22.0986741866322,0.265967329267138,0.776369272721122,0.5,0.0129400365099212,0.0129400365099212,0.0170622593973041,0.113754281169886,0.113754281169886,0.130622583766814,0.379573687186948,107.022770191592,3193.13754663167,2387.12296762114,3270.91954302257,2364.21966442296,3930.6437082547,2364.21966442296,2364.21966442313,NA,2898.57350664462,2898.57350664462,3563.5264986349,3028.16527962209,3028.16527962209,3659.20362388323,2267.00070755417,2787.44522020923,1.00205271829631,1.0019438609236,1.0006301467896,1.00100490557188,1.00040724286486,1.00100490557188,1.00100490557188,NA,1.00030493171507,1.00030493171507,1.00038647364701,1.00029503656581,1.00029503656581,1.00038746015723,1.00108115805045,1.00180912690204
"GSM1897008",0.467805634775705,0.414398385257797,0.117795979966498,0.227600304895407,21.5439738710468,0.227600304895407,0.772399695104592,0.5,0.00821156271463041,0.00821156271463041,0.0116801507605755,0.090538857892445,0.090538857892445,0.107985983533427,0.303803063585097,161.770345810065,0.000285707247580607,0.00040113637439934,0.000219022545526192,9.19356493262683e-05,0.0231639162423931,9.19356493262683e-05,9.19356493262652e-05,NA,9.43499912082425e-06,9.43499912082425e-06,1.30167631484009e-05,5.13270935966552e-05,5.13270935966552e-05,5.95137469937535e-05,0.000169411537293066,0.0261503804789253,0.0211528866769377,0.0260737591586179,0.0155931497524146,0.00630587201417609,1.73098475331912,0.00630587201417609,0.00630587201417609,0,0.000689252936271728,0.000689252936271728,0.000952076709490835,0.00377885050325358,0.00377885050325358,0.00437955687926076,0.0115940101997787,1.4530918446694,0.426257956874679,0.363931292320051,0.0883720466446892,0.215570434810035,18.1955277309773,0.215570434810035,0.759676638354181,0.5,0.00700509833433813,0.00700509833433813,0.0100007590294568,0.0836964654821532,0.0836964654821532,0.10000379507489,0.282061224770081,158.147448320259,0.453531560306741,0.397458918703699,0.107150417391964,0.223342664142605,20.3683734097697,0.223342664142605,0.768197697764028,0.5,0.00773390486469891,0.00773390486469891,0.0110079896134947,0.0879426225663839,0.0879426225663839,0.104918966891067,0.295914206342532,161.019416283648,0.467625921147529,0.41430690555582,0.117413781127977,0.227488324338452,21.5126118308361,0.227488324338452,0.772511675661548,0.5,0.00817078270085275,0.00817078270085275,0.0116210900836268,0.0903923818711338,0.0903923818711338,0.107801159935279,0.303463319386733,162.110772563676,0.482073802743748,0.431586228936418,0.128104453347099,0.231802302235972,22.7107772425644,0.231802302235972,0.776657335857395,0.5,0.00863931708933318,0.00863931708933318,0.0122739305184978,0.0929479267615634,0.0929479267615634,0.110787772422863,0.311441855821948,162.842963071737,0.509460056819182,0.46615022083958,0.14933802704586,0.240323361645819,24.9981025711406,0.240323361645819,0.784429565189965,0.5,0.00974339144822323,0.00974339144822323,0.0137396399652217,0.0987086189009603,0.0987086189009603,0.117216210334621,0.327585470041923,163.583686760323,5481.46658263602,4224.96591426908,5068.62376236761,4704.59679448121,5584.21991780522,4704.59679448121,4704.59679448153,NA,5336.70899398916,5336.70899398916,5349.80407628592,5420.33434231089,5420.33434231089,5415.34030704459,4683.61716966654,3087.66451383803,1.00045539068056,1.00046970255522,1.00037560531936,1.00036042469238,1.00055389071823,1.00036042469238,1.00036042469238,NA,1.00070132178144,1.00070132178144,1.00051155466893,1.00071106323111,1.00071106323111,1.00052014409578,1.0003567228201,1.00012776401529
"GSM1897009",0.32174862281003,0.43640323785843,0.24184813933154,0.287092221940444,28.2615471014447,0.287092221940444,0.712907778059556,0.5,0.00731602151431281,0.00731602151431281,0.00893425688510554,0.0854131485277437,0.0854131485277437,0.0944020971401686,0.427155656530185,234.640052652014,0.000306595082989391,0.000495178589231768,0.000303529343597295,0.00011355104032761,0.0394916606263287,0.00011355104032761,0.000113551040327611,NA,1.18215428942863e-05,1.18215428942863e-05,1.3240441373872e-05,6.75410192723791e-05,6.75410192723791e-05,6.87157874428103e-05,0.000269429212589079,0.0255136252594075,0.0211290555929528,0.0308432998314094,0.0214950955591053,0.00711414017482357,2.78171647719845,0.00711414017482357,0.00711414017482357,0,0.000787247703366851,0.000787247703366851,0.000906725320021964,0.00454072132586616,0.00454072132586616,0.00474381213929373,0.0168028081426178,1.42870585318425,0.281358958628507,0.374681003031148,0.199936272686581,0.273904946258469,22.7614234200512,0.273904946258469,0.698483161104345,0.5,0.00603846304803246,0.00603846304803246,0.00742439309145745,0.0777075482041869,0.0777075482041869,0.0861649179468686,0.396826297924755,231.024391058453,0.307431606267203,0.415840865747174,0.227078545168013,0.282262128997446,26.4047463494419,0.282262128997446,0.708399805230943,0.5,0.00675451336904765,0.00675451336904765,0.00828938130147333,0.0821858465250843,0.0821858465250843,0.0910460394556643,0.415658092924937,233.944533065514,0.321520764562367,0.436837517775654,0.241618550408322,0.286810522878283,28.2308946784974,0.286810522878283,0.713189477121717,0.5,0.00724498772327492,0.00724498772327492,0.0088555465122659,0.0851174936362371,0.0851174936362371,0.094103913331074,0.426213382095479,234.93835361384,0.336007463116891,0.456806553019063,0.256405631718509,0.291600194769057,30.15906628224,0.291600194769057,0.717737871002554,0.5,0.00777090621937303,0.00777090621937303,0.00946799476973194,0.0881527436859102,0.0881527436859102,0.0973036215491627,0.437574861573546,235.694421218401,0.363878107063018,0.497047315357315,0.284552655643093,0.301516838895655,33.6727861548416,0.301516838895655,0.726095053741531,0.5,0.00910662478980243,0.00910662478980243,0.0109834958855615,0.0954286371533799,0.0954286371533799,0.104802174978617,0.461951916303698,236.430232456807,4749.30215204594,3879.69830480291,5015.07456888117,3925.20733127809,4961.52213904702,3925.20733127809,3925.20733127808,NA,4434.80450373014,4434.80450373014,4689.71619475402,4519.750666674,4519.750666674,4765.86689636675,3889.32623740244,3135.74907751299,1.00005057127574,1.00001721575748,0.999945842340505,0.999566906137777,1.00037358511587,0.999566906137777,0.999566906137777,NA,1.00039597270088,1.00039597270088,1.00046751180467,1.00036860160534,1.00036860160534,1.00044172257375,0.999571091828292,1.00064576702629
"GSM1897010",0.299831703741661,0.434689926890232,0.265478369368106,0.240980493177603,22.4069610366606,0.240980493177603,0.759019506822397,0.5,0.0082221897242283,0.0082221897242283,0.0112375419305445,0.090581880132763,0.090581880132763,0.105911362006334,0.32904598515191,112.160335920933,0.000287289257094598,0.000437218109683951,0.000263457679223056,0.000114688114283845,0.0245764813161008,0.000114688114283845,0.000114688114283852,NA,1.07213447938212e-05,1.07213447938212e-05,1.28681205666266e-05,5.79900896377274e-05,5.79900896377274e-05,5.98673388509856e-05,0.000223134522664683,0.0250040337503741,0.01982786672104,0.0278203079989355,0.0202538241399039,0.00719699820136536,1.88261926279454,0.00719699820136536,0.00719699820136536,0,0.000757346614653188,0.000757346614653188,0.000962912305627612,0.00413701041803835,0.00413701041803835,0.00450864386390316,0.0139286424379562,1.40730354171159,0.2613540645075,0.379280940989356,0.227015459242228,0.227193153047303,18.7213944446742,0.227193153047303,0.744463507320193,0.5,0.00692246783336191,0.00692246783336191,0.00956917328653089,0.0832013691792085,0.0832013691792085,0.0978221513058054,0.302922037000935,108.651821665314,0.286495998521202,0.416225740857788,0.251631636123269,0.235952182585045,21.1230892148028,0.235952182585045,0.754287016534599,0.5,0.00768789657586197,0.00768789657586197,0.0105546781708784,0.0876806510907197,0.0876806510907197,0.102735963353357,0.319238942566684,111.446403342607,0.299626561479155,0.434704069001348,0.264942284326104,0.240913952493706,22.3732751322015,0.240913952493706,0.759086047506294,0.5,0.00816923421759812,0.00816923421759812,0.0111740457544168,0.0903838161037776,0.0903838161037776,0.105707359036063,0.328723931085005,112.466907691914,0.313035457887924,0.453839355834398,0.278939165523511,0.245712983465401,23.686179379538,0.245712983465401,0.764047817414955,0.5,0.00868410737284366,0.00868410737284366,0.0118353900550179,0.0931885581646431,0.0931885581646431,0.108790578887752,0.338072241501418,113.201418813935,0.339226725159024,0.487799416302563,0.30658469985148,0.255536492679807,26.125558871146,0.255536492679807,0.772806846952697,0.5,0.00991590622289053,0.00991590622289053,0.013353706146101,0.099578643380983,0.099578643380983,0.115558237029246,0.35777102769704,113.941372072916,4763.35785111631,4048.81173496421,5910.06620415931,3937.91161341503,5867.93897159432,3937.91161341503,3937.91161341452,NA,4989.8886108783,4989.8886108783,5599.42240921377,5089.38926019458,5089.38926019458,5671.68308752783,3896.58400284543,3167.78288752023,0.999820830543111,1.00063524658053,1.00102132144723,1.00099244502414,1.00017941451279,1.00099244502414,1.00099244502414,NA,1.0006551618184,1.0006551618184,1.00032222366072,1.00062160161927,1.00062160161927,1.00028457968566,1.00100471598313,1.00154275792876
"GSM1897011",0.298943102722449,0.496090537178773,0.204966360098777,0.259421975905307,19.6165200873773,0.259421975905307,0.740578024094693,0.5,0.00990695937367966,0.00990695937367966,0.012889696369886,0.0993636430166193,0.0993636430166193,0.11336902462017,0.366259534698608,154.36595859917,0.000388090213799236,0.000739832900498498,0.000421063878289976,0.000192307969384614,0.0321504588572824,0.000192307969384614,0.000192307969384615,NA,1.93483395060551e-05,1.93483395060551e-05,2.24047530036984e-05,9.48883077333136e-05,9.48883077333136e-05,9.68617633477865e-05,0.000405649801705378,0.0263134019401876,0.0229025694484613,0.0389192934492972,0.0259913766102405,0.0104560486551253,2.05703519092226,0.0104560486551253,0.0104560486551252,0,0.001177363640422,0.001177363640422,0.00140231161431899,0.00581636045148677,0.00581636045148677,0.00609633268582361,0.0219283090417292,1.45632934599369,0.254538882290449,0.417368340678209,0.157507374167259,0.240185073689794,15.5797963011474,0.240185073689794,0.718696082285688,0.5,0.00802639118038672,0.00802639118038672,0.010585029336194,0.0895901288110588,0.0895901288110588,0.102883571694998,0.327319271378031,150.680372173702,0.283486892925785,0.469666323022916,0.186630658337757,0.252301096333942,18.217242003789,0.252301096333942,0.734018381322683,0.5,0.00908419755043839,0.00908419755043839,0.0119097839808226,0.0953110567798551,0.0953110567798551,0.109131956735019,0.351197094032866,153.653146526135,0.298651676674274,0.497375649388564,0.20399894482139,0.259014162369166,19.6521301668236,0.259014162369166,0.740985837630834,0.5,0.00974629827814657,0.00974629827814657,0.0127212672560256,0.0987233421132352,0.0987233421132352,0.112788595416361,0.364934965837995,154.677110925949,0.31410756760403,0.522841552517726,0.222204525386115,0.265981618677317,20.9911447934976,0.265981618677317,0.747698903666058,0.5,0.0105746406926546,0.0105746406926546,0.0137232628269522,0.102833071979079,0.102833071979079,0.117146330830076,0.3796042167443,155.443754123844,0.344414791953037,0.570659875460331,0.258420452205779,0.281303917714312,23.6182624671037,0.281303917714312,0.759814926310206,0.5,0.0126740099137301,0.0126740099137301,0.0160464229020184,0.112578905273689,0.112578905273689,0.126674476115758,0.413462543306251,156.212732877372,3482.59549857577,2767.34059303845,3810.33001374274,2956.24638332881,4093.63476035852,2956.24638332881,2956.24638332879,NA,3702.83057135131,3702.83057135131,3917.49761738642,3757.31168239913,3757.31168239913,3961.25295424555,2922.1852910299,3063.12840405294,1.00039561902075,1.00030481853131,0.999907737701109,0.999828631650458,0.999790800710949,0.999828631650458,0.999828631650458,NA,0.999776050198247,0.999776050198247,0.999777988317872,0.999761696707305,0.999761696707305,0.999777152932723,0.999845223954413,1.00042269098186
"GSM1897012",0.433712290785652,0.427010950745028,0.13927675846932,0.237468483156693,20.3560103200374,0.237468483156693,0.762531516843307,0.5,0.0089598458686477,0.0089598458686477,0.0123698176440126,0.0945583623753439,0.0945583623753439,0.111119040365178,0.32230160393363,142.44733708056,0.00033175596264578,0.000437920240177259,0.000210550510222195,0.000107439428906939,0.023198809162978,0.000107439428906939,0.00010743942890694,NA,1.16522328346565e-05,1.16522328346565e-05,1.44859582222614e-05,6.06982561166493e-05,6.06982561166493e-05,6.44668262170431e-05,0.000205476573259464,0.0246087767253945,0.0225470902134815,0.0274911448492443,0.0159340675469939,0.00709463567554282,1.71185184519489,0.00709463567554282,0.00709463567554282,0,0.000823333645755961,0.000823333645755961,0.00105992729447109,0.00430863018575593,0.00430863018575593,0.00473067751472331,0.013545166973207,1.42993008892909,0.389158078532232,0.372812944331235,0.109051770750054,0.22375731954081,17.0271562089287,0.22375731954081,0.748297670873023,0.5,0.00756201154920989,0.00756201154920989,0.0105385287135232,0.0869598271979337,0.0869598271979337,0.102657336383917,0.296664171008461,138.774018610809,0.418316095633193,0.409050704800994,0.128467187300528,0.232682411861974,19.2054314991073,0.232682411861974,0.757921316196018,0.5,0.00838172332311569,0.00838172332311569,0.0116253027655006,0.0915517521553153,0.0915517521553153,0.107820697293944,0.313085339101822,141.73092884236,0.433667285909676,0.42710716887819,0.138741211557568,0.237443837077019,20.3437684108468,0.237443837077019,0.762556162922981,0.5,0.00888714017561471,0.00888714017561471,0.0122887753611444,0.0942716297488144,0.0942716297488144,0.110854748933656,0.322071542644004,142.773730260088,0.448826401004502,0.445603923785079,0.14974467277989,0.242078683803982,21.5048162693072,0.242078683803982,0.767317588138026,0.5,0.0094579658262254,0.0094579658262254,0.0130171509040057,0.0972520736125653,0.0972520736125653,0.114092729409021,0.330976768014387,143.507143456086,0.478271938616908,0.480767342786531,0.171483900990622,0.251702329126977,23.7224765243587,0.251702329126977,0.77624268045919,0.5,0.0107800522448355,0.0107800522448355,0.0146824283344655,0.103827030408836,0.103827030408836,0.12117107048735,0.349989893164365,144.2272769051,4618.95286733623,3940.90182285703,5727.17839906108,4360.46509639773,5445.03863871597,4360.46509639773,4360.4650963977,NA,4992.67640306914,4992.67640306914,5353.74516456195,5038.78713499084,5038.78713499084,5384.85616794555,4345.54345607461,3376.36630626124,1.00012073016135,0.999798338169562,1.00003729725738,0.999926938637992,0.999897837710974,0.999926938637992,0.999926938637992,NA,1.00007606207524,1.00007606207524,1.00005301111349,1.00003103497312,1.00003103497312,1.00001115075779,0.999927038519633,1.00124276505206
"GSM1897013",0.267121541438621,0.454073309347717,0.278805149213662,0.264316522694856,24.4537002748075,0.264316522694856,0.735683477305144,0.5,0.00802812196456769,0.00802812196456769,0.0103182825656616,0.0894764927148857,0.0894764927148857,0.101459807790093,0.376340315261706,168.548424903039,0.00029531899947728,0.000540602207784894,0.000343758043890264,0.000143819026537058,0.0367585755625475,0.000143819026537058,0.000143819026537059,NA,1.52296354834167e-05,1.52296354834167e-05,1.684093697294e-05,8.22251404588028e-05,8.22251404588028e-05,8.08865490511928e-05,0.000312411988328941,0.0290861606034252,0.0192569194362677,0.0306576066578268,0.0232127871474594,0.00785669572657923,2.31882984116187,0.00785669572657923,0.00785669572657923,0,0.000855059603596367,0.000855059603596367,0.00101069523193733,0.00469914633286937,0.00469914633286937,0.0049186373095775,0.0168215756885425,1.47608110586888,0.230130078675701,0.391636454278371,0.23502849839269,0.249983818490852,19.8091872828042,0.249983818490852,0.718966480129596,0.5,0.00663640283313452,0.00663640283313452,0.00863915462441184,0.0814641199102127,0.0814641199102127,0.0929470527983033,0.346541228309745,164.786784164944,0.25411362729852,0.434362259885007,0.262648961119453,0.259025313826257,22.8818853797398,0.259025313826257,0.730920136139827,0.5,0.00743689510354744,0.00743689510354744,0.00961358488009498,0.0862374344191978,0.0862374344191978,0.0980488902542513,0.364958103536381,167.843152514595,0.266803503895662,0.454914090754418,0.278330676020506,0.263899312970699,24.4944693557859,0.263899312970699,0.736100687029301,0.5,0.00791334795272291,0.00791334795272291,0.010206385629409,0.0889570005795716,0.0889570005795716,0.101026658011999,0.375174872214098,168.897185888602,0.279756682582916,0.474930280118973,0.293842275391884,0.269079863860173,26.004867395317,0.269079863860173,0.740974686173743,0.5,0.00851846839737676,0.00851846839737676,0.0109256731258904,0.0922955491736027,0.0922955491736027,0.104525944741524,0.386268089341593,169.619215289914,0.305002390213633,0.511423333217428,0.325756426742621,0.281033519870404,28.9380166149485,0.281033519870404,0.750016181509148,0.5,0.00997622293090961,0.00997622293090961,0.012620406732141,0.0998810438993954,0.0998810438993954,0.112340583607608,0.412844719546949,170.365668598751,4251.97644717217,3216.03573450216,4559.83197252936,2984.33229478163,3979.42582605895,2984.33229478163,2984.3322947816,NA,3152.19997125214,3152.19997125214,3601.70329118491,3266.09408065955,3266.09408065955,3697.74522896058,2899.19859977164,2575.41752612926,1.00121326932063,1.00060426089239,0.999745221955094,0.999957539759276,1.00090846177623,0.999957539759276,0.999957539759276,NA,1.00086648746944,1.00086648746944,1.00081621102973,1.00087037590707,1.00087037590707,1.00082986341228,1.00000800264523,1.00143672412035
"GSM1897014",0.254851908008656,0.330928451855716,0.414219640135628,0.279102280452346,21.425898880633,0.279102280452346,0.720897719547654,0.5,0.00949087562484622,0.00949087562484622,0.0117850526935364,0.0972688903330322,0.0972688903330322,0.10842256325548,0.408861138645845,159.399915369342,0.000389248519480166,0.00080289141979763,0.000500480131998848,0.000181615596508481,0.0372044328879283,0.000181615596508481,0.000181615596508481,NA,2.01697315288283e-05,2.01697315288283e-05,2.11384747385191e-05,0.000101973319068592,0.000101973319068592,9.63183745651388e-05,0.000418217235175205,0.0265881501758173,0.021465409127304,0.0388050108262287,0.0286067703861875,0.00885641754674349,2.12559627223733,0.00885641754674349,0.00885641754674349,0,0.00107128244917418,0.00107128244917418,0.00119013040685705,0.00544447458573595,0.00544447458573595,0.00544097152807621,0.020244481227162,1.43032785057386,0.21424890385437,0.245739691039522,0.361575204110955,0.263556713763745,17.4150296660323,0.263556713763745,0.701557162092658,0.5,0.0076951835572007,0.0076951835572007,0.00976655188587098,0.0877221953509367,0.0877221953509367,0.0988258664800455,0.37444986187617,155.717958659109,0.240485900437318,0.307308220372186,0.394575427554822,0.272918355757621,19.925387685848,0.272918355757621,0.715351692378479,0.5,0.00870281171358132,0.00870281171358132,0.0109126095683848,0.0932888616711906,0.0932888616711906,0.104463436513343,0.394649239671969,158.728905507059,0.254098601168042,0.3330624078651,0.412822157972704,0.278578702157729,21.3770602435118,0.278578702157729,0.721421297842271,0.5,0.00938847741993803,0.00938847741993803,0.0116947792239993,0.0968941557475257,0.0968941557475257,0.108142402525231,0.407270443285308,159.745305197087,0.268417119331256,0.357287887654333,0.432599846995563,0.284648307621521,22.9092774237342,0.284648307621521,0.727081644242379,0.5,0.0101600636994317,0.0101600636994317,0.0125468073166043,0.100797141325432,0.100797141325432,0.112012531962129,0.42116781412577,160.432455956117,0.299573745825925,0.400412297714972,0.474136870291681,0.298442837907342,25.5975704584543,0.298442837907342,0.736443286236255,0.5,0.0118302061789678,0.0118302061789678,0.0143554163042868,0.10876675108044,0.10876675108044,0.1198140905432,0.454267537253238,161.161844825126,3041.05589200017,2335.94161794828,3267.11165568704,2377.98923611643,3264.16558576014,2377.98923611643,2377.98923611642,NA,2821.03026068572,2821.03026068572,3169.87259973184,2850.61679509139,2850.61679509139,3191.05740296424,2343.20050022392,2893.97612516255,1.00136767781534,1.0024530323853,1.00157112353416,1.00326748080824,1.00213966577708,1.00326748080824,1.00326748080824,NA,1.00264151657394,1.00264151657394,1.00210046472659,1.00266554991973,1.00266554991973,1.00211632973232,1.00327859195722,1.00022165242753
"GSM1897015",0.371239801437598,0.466253523018427,0.162506675543975,0.266720916404475,23.9494939730878,0.266720916404475,0.733279083595525,0.5,0.00824606463344891,0.00824606463344891,0.010538979499292,0.0906836151798179,0.0906836151798179,0.102534883598797,0.381455663293915,204.700695612665,0.000319531205465543,0.000466978009461053,0.000255935967084015,0.000118519519991011,0.0326797047315212,0.000118519519991011,0.000118519519991015,NA,1.33095143267751e-05,1.33095143267751e-05,1.55277802138753e-05,7.11759766851443e-05,7.11759766851443e-05,7.38376196755529e-05,0.000256480661819907,0.0249827545999183,0.0220724904614175,0.0305079632696033,0.0187468968536542,0.00763288562877631,2.31297306416843,0.00763288562877631,0.00763288562877631,0,0.00087499062996402,0.00087499062996402,0.00105058781186798,0.00474861980383529,0.00474861980383529,0.00505770127784126,0.0164433644128498,1.44595924171825,0.328711284915044,0.40349538386106,0.127761582066763,0.252435540706146,19.4758880580737,0.252435540706146,0.717684354201752,0.5,0.00681101569367563,0.00681101569367563,0.00876513132933412,0.0825288779337072,0.0825288779337072,0.0936222799230738,0.351468554441518,200.91475383824,0.356053464380839,0.446440084648682,0.149619644937334,0.261512105787337,22.4063212984211,0.261512105787337,0.72845977127666,0.5,0.00763774189931291,0.00763774189931291,0.00980203542889749,0.0873941754312513,0.0873941754312513,0.0990052293007229,0.37014477370017,204.042949719165,0.371193022018895,0.466697329717905,0.161989497434223,0.266493019258109,23.9390931227226,0.266493019258109,0.733506980741891,0.5,0.00815406013964107,0.00815406013964107,0.0104431692010514,0.0902998346246487,0.0902998346246487,0.102191825509911,0.380698062825645,205.02720401136,0.386143659840765,0.486873326813946,0.174882231180031,0.27154022872334,25.5049067935285,0.27154022872334,0.738487894212663,0.5,0.00875317681893251,0.00875317681893251,0.0111575656137871,0.0935584139385216,0.0935584139385216,0.105629378551713,0.391623979655192,205.754762593618,0.414878505598878,0.5247450752749,0.200382359812353,0.282315645798248,28.5221058514127,0.282315645798248,0.747564459293854,0.5,0.0101949964091213,0.0101949964091213,0.012836385157482,0.1009702748041,0.1009702748041,0.11329777205391,0.415781000709203,206.471276441433,4771.73283543445,4268.09001734915,5365.32624931123,4147.60836893744,5009.39066982658,4147.60836893744,4147.60836893718,NA,4321.97637394901,4321.97637394901,4577.68564406875,4451.10591109614,4451.10591109614,4691.9240636665,4110.28666324019,3349.8970370721,0.999879053729923,0.999700773602453,0.999651005731455,1.00023621726216,1.00064038699865,1.00023621726216,1.00023621726216,NA,1.00075328213767,1.00075328213767,1.00066473436983,1.00074213539611,1.00074213539611,1.00065846241165,1.00022771222814,1.0009919386287
"GSM1897016",0.419767587534438,0.442694298836331,0.137538113629231,0.245935094700623,20.6620412291027,0.245935094700623,0.754064905299377,0.5,0.00905165876056093,0.00905165876056093,0.0122016404248914,0.0950264353533694,0.0950264353533694,0.110343705899169,0.338713622751474,158.388208903451,0.000321905702164927,0.000467971514258658,0.000231794922729682,0.000117418366682358,0.0272948515500584,0.000117418366682358,0.000117418366682356,NA,1.35209720175891e-05,1.35209720175891e-05,1.6787987985847e-05,6.98866792240078e-05,6.98866792240078e-05,7.49869074157222e-05,0.00023243050808327,0.0245166122786153,0.0218642843353693,0.0280277361395605,0.0172352898920408,0.00725134935431481,1.87762324503729,0.00725134935431481,0.00725134935431481,0,0.000894323448092045,0.000894323448092045,0.00113394809885282,0.00465167167252868,0.00465167167252868,0.00509020943656365,0.0143159851193373,1.41629874208282,0.377473073053549,0.387341181235237,0.104608069086131,0.232320694840759,17.0066320146178,0.232320694840759,0.739355621657383,0.5,0.00754734777658588,0.00754734777658588,0.0102785768522607,0.0868754728135062,0.0868754728135062,0.101383316438759,0.312409228497872,154.819061590067,0.405022350025005,0.42387450614447,0.125560291641579,0.240993952127769,19.3857401607684,0.240993952127769,0.749324780031314,0.5,0.0084071251770662,0.0084071251770662,0.0113929831339157,0.0916903766848961,0.0916903766848961,0.106737917964224,0.328878343068985,157.701214112526,0.419465792384095,0.443009011540001,0.137238712510802,0.245752653490661,20.643985009533,0.245752653490661,0.754247346509339,0.5,0.00895749990181129,0.00895749990181129,0.0121100649853376,0.0946440695535629,0.0946440695535629,0.110045740422217,0.338150250086441,158.719970878129,0.434055234187096,0.461723028270017,0.148974120982736,0.250675219968686,21.9433310211859,0.250675219968686,0.759006047872231,0.5,0.00959302384679806,0.00959302384679806,0.0128960771139035,0.0979439831953767,0.0979439831953767,0.113560896058468,0.347925857196622,159.441926499023,0.463038838894408,0.496971531214785,0.1714626731056,0.260644378342617,24.322433310265,0.260644378342617,0.767679305159241,0.5,0.0110309141346118,0.0110309141346118,0.0147001475546491,0.105028158769957,0.105028158769957,0.121244165032047,0.368328847857224,160.153388813082,4613.3158927845,3587.04813363402,5528.78048763025,3813.86738795673,4732.1165562837,3813.86738795673,3813.86738795683,NA,4374.95315522128,4374.95315522128,4562.35478939477,4430.26084508768,4430.26084508768,4607.87211756904,3793.64085274392,3337.25060948254,1.00078723393206,1.00065145291669,1.00016629028024,1.00080417921814,0.999919104665803,1.00080417921814,1.00080417921814,NA,1.00013358291288,1.00013358291288,0.999910642257903,1.00013360927471,1.00013360927471,0.999910467261508,1.00079299954187,1.00005352768741
"GSM1897017",0.295868690245141,0.465321807757749,0.238809501997111,0.285023790186549,19.7344743227464,0.285023790186549,0.714976209813451,0.5,0.0104893649662578,0.0104893649662578,0.0128561451310075,0.102168996374587,0.102168996374587,0.113172166142173,0.4230073351359,190.199843879134,0.000573335944324755,0.00106247602447884,0.000540684876799277,0.000288691486936882,0.042016979576804,0.000288691486936882,0.000288691486936883,NA,2.93471568644772e-05,2.93471568644772e-05,2.94312110193221e-05,0.000138860469386046,0.000138860469386046,0.000126828378728715,0.000693663932127522,0.0297882660348053,0.0287846231981581,0.0492845584014295,0.0291124060260369,0.0131807674090662,2.3570667519892,0.0131807674090662,0.0131807674090662,0,0.00149324705166312,0.00149324705166312,0.00159887826696413,0.00713214585559787,0.00713214585559787,0.00694348386560188,0.031341961069365,1.50572483286863,0.244026767573216,0.358402274403766,0.186744470426887,0.262274479293127,15.0607379305648,0.262274479293127,0.685852314011112,0.5,0.00816004683416207,0.00816004683416207,0.0102382044812155,0.0903329775444112,0.0903329775444112,0.101184012972366,0.371745682356387,186.474068996791,0.276609013244726,0.436001618060898,0.21896147296008,0.276065995729458,18.16815013967,0.276065995729458,0.707098994523812,0.5,0.00942854818166566,0.00942854818166566,0.0117258173237518,0.097100711534663,0.097100711534663,0.108285813111009,0.401628357035428,189.480023970114,0.294372872419134,0.468748394030396,0.237149598657149,0.283699647749233,19.6837084819378,0.283699647749233,0.716300352250767,0.5,0.0103027440959814,0.0103027440959814,0.012700858751903,0.101502433940844,0.101502433940844,0.112698086662504,0.418970068468384,190.521472964298,0.313452542486784,0.498655723682701,0.256812272388769,0.292901005476188,21.3204754365998,0.292901005476188,0.723934004270542,0.5,0.0113055710475096,0.0113055710475096,0.0137603442331129,0.106327658896875,0.106327658896875,0.117304493661167,0.440705592530061,191.300352232806,0.356299397682633,0.553049344447349,0.300258079335821,0.314147685988888,24.4183441013501,0.314147685988888,0.737725520706873,0.5,0.0141595460082474,0.0141595460082474,0.0165994522573129,0.118993890515625,0.118993890515625,0.12883886158049,0.494827875447027,192.077741609116,2520.59318392169,2151.70863019015,2899.13043149992,2084.55538303765,3146.9808821643,2084.55538303765,2084.55538303764,NA,2588.99531777048,2588.99531777048,2951.30798946621,2638.05092128981,2638.05092128981,2997.24317348699,2041.52219944432,2555.05808961111,1.00033014283171,1.0004677222179,1.00012210085681,1.00080193098303,1.00090263304579,1.00080193098303,1.00080193098303,NA,1.00116382280534,1.00116382280534,1.00098008467462,1.00114795175945,1.00114795175945,1.00097137999181,1.00085679664193,1.00121875150378
"GSM1897018",0.316541785696526,0.497235755877336,0.186222458426138,0.242024856090946,20.547608747234,0.242024856090946,0.757975143909054,0.5,0.00900993738193442,0.00900993738193442,0.0122780940641377,0.094793885757057,0.094793885757057,0.110678479522873,0.331141400245827,132.800879896044,0.000329739590337238,0.000537020892967458,0.000294954305806198,0.000144715365402369,0.0301243357010828,0.000144715365402369,0.000144715365402376,NA,1.56901086520672e-05,1.56901086520672e-05,1.92893300958685e-05,8.03635176321234e-05,8.03635176321234e-05,8.51613850642712e-05,0.000283113683085198,0.0287992979642517,0.0211476882068116,0.0301954735260827,0.0194530223810843,0.00843870444032322,1.9338168566802,0.00843870444032322,0.00843870444032322,0,0.000946176498813888,0.000946176498813888,0.00119456189189878,0.00490505988383552,0.00490505988383552,0.00532651679009815,0.0164269891094149,1.50386918601097,0.276224022803138,0.437855875142957,0.149529976117744,0.225769030418777,16.7874507404125,0.225769030418777,0.740745252926011,0.5,0.00749465354533165,0.00749465354533165,0.0103149594859229,0.0865716670469251,0.0865716670469251,0.101562589006771,0.300318696230028,128.947368529298,0.302021299855872,0.477683511633176,0.172920710669227,0.236442225856421,19.2544645162011,0.236442225856421,0.752520292787602,0.5,0.00835234826915813,0.00835234826915813,0.0114430682711754,0.0913911826629296,0.0913911826629296,0.106972278049777,0.320167748882005,132.144698469478,0.316416718240374,0.496878630193478,0.185953787433883,0.241710732154366,20.5445033711568,0.241710732154366,0.758289267845634,0.5,0.00891307975194555,0.00891307975194555,0.012168704984343,0.094409108415779,0.094409108415779,0.110311853294942,0.330263974184313,133.15567056591,0.330518453438846,0.517728087905594,0.199156593647177,0.247479707212398,21.8472872901755,0.247479707212398,0.76355777414358,0.5,0.0095440387505767,0.0095440387505767,0.012984001700808,0.0976935962613772,0.0976935962613772,0.113947363727573,0.341558242730211,133.869727725548,0.358806215650902,0.554992601837591,0.224613275283568,0.259254747073989,24.2366439109278,0.259254747073989,0.774230969581223,0.5,0.0110917831156697,0.0110917831156697,0.0148920764801881,0.105317534683318,0.105317534683318,0.122033095819205,0.365434382960537,134.605884983597,4113.23582143181,3161.55924425876,4349.7539579668,3400.33935177466,4120.9346337039,3400.33935177466,3400.33935177432,NA,3636.57385083049,3636.57385083049,3835.15589073463,3725.38148070014,3725.38148070014,3912.02091751481,3366.62093078612,2726.81904945239,1.00091943008361,1.00235027991221,1.00150463245538,1.00184195051699,1.0001752378964,1.00184195051699,1.00184195051699,NA,1.0000682066024,1.0000682066024,1.00025436774655,1.0000107998076,1.0000107998076,1.00022538633417,1.00188747396516,1.00204869096983
"GSM1897019",0.255584568984944,0.661654537656823,0.0827608933582326,0.22449045454355,17.5309263834939,0.22449045454355,0.77550954545645,0.5,0.0100252570606018,0.0100252570606018,0.014414541174459,0.0999841928719449,0.0999841928719449,0.119896875533396,0.298447899327422,184.21486949041,0.000371105739774248,0.000618694776846586,0.000309265091208181,0.000202869662731465,0.0291843202701748,0.000202869662731465,0.000202869662731468,NA,1.71348086174882e-05,1.71348086174882e-05,2.53021083007367e-05,8.31024589201588e-05,8.31024589201588e-05,0.000103577321354348,0.000371759225675324,0.029430432247986,0.0223240562417183,0.0331770180024156,0.0181385465448438,0.0117094508862349,1.79395651072253,0.0117094508862349,0.0117094508862349,0,0.00108479055036193,0.00108479055036193,0.00152292208337304,0.00533120896899644,0.00533120896899644,0.00626780044781293,0.0213795513198554,1.52469224572261,0.211995589857358,0.596243392791728,0.0488541548115664,0.201656268763694,14.0247387911522,0.201656268763694,0.752404201355162,0.5,0.00821653442237762,0.00821653442237762,0.0118372475194743,0.0906451014650831,0.0906451014650831,0.108799115335897,0.258180908457348,180.420820675221,0.240337860594593,0.63957595264561,0.0701049982183875,0.216612184070511,16.3087218992969,0.216612184070511,0.76773693609695,0.5,0.00927539241675391,0.00927539241675391,0.0133542315313012,0.096308838725845,0.096308838725845,0.115560510244558,0.283895882293813,183.486704994951,0.255354314160437,0.661557652119589,0.0822346977278197,0.224490252291894,17.5289372767389,0.224490252291894,0.775509747708107,0.5,0.00990595527681347,0.00990595527681347,0.0142621310159311,0.0995286656032895,0.0995286656032895,0.119424164287533,0.297992544300366,184.551355772161,0.270482310117975,0.683623859990299,0.0947933891262941,0.23226306390305,18.7206579174944,0.23226306390305,0.783387815929489,0.5,0.0106590098832425,0.0106590098832425,0.0153292208653543,0.103242480974633,0.103242480974633,0.123811230770703,0.312301590863097,185.322380349549,0.299350022019525,0.726559027067501,0.119845715556052,0.247595798644838,21.1197747967998,0.247595798644838,0.798343731236306,0.5,0.0124353956468541,0.0124353956468541,0.017825644133691,0.111514105129983,0.111514105129983,0.133512711321782,0.341788161239276,186.068955754561,3618.68577293715,2875.55578768366,3439.87899320761,3331.49253374324,3778.545497783,3331.49253374324,3331.49253374313,NA,4008.05129191561,4008.05129191561,3622.77988673682,4115.51002016198,4115.51002016198,3661.85354984854,3307.30055368563,2683.92948732755,1.00060916195284,1.00101991904678,1.00060074420819,1.0009011780011,0.999867306334227,1.0009011780011,1.0009011780011,NA,0.999954516908771,0.999954516908771,0.999913097443086,0.999939340284097,0.999939340284097,0.999901474586262,1.00092983690522,1.00038072715597
"GSM1897020",0.313898700185078,0.524813979745727,0.161287320069195,0.273684106763445,20.974224085476,0.273684106763445,0.726315893236555,0.5,0.0096097579339577,0.0096097579339577,0.0120811866642768,0.0978272401860971,0.0978272401860971,0.109724433720375,0.396938016516297,212.294640661631,0.000440727635107336,0.000729622170819104,0.000370555689967039,0.000205306304236884,0.0387712204697357,0.000205306304236884,0.000205306304236881,NA,2.25419410234816e-05,2.25419410234816e-05,2.47331485135331e-05,0.000110228311731993,0.000110228311731993,0.000109001875746595,0.0004669186317181,0.0305600476591561,0.0251245939586025,0.0390972055701649,0.0231533281148389,0.0109740967825327,2.38276118433569,0.0109740967825327,0.0109740967825327,0,0.00126501442573219,0.00126501442573219,0.00144707702183183,0.00629237322275641,0.00629237322275641,0.00646069087525529,0.0246310232085705,1.53154141487546,0.26603556268083,0.44705879126135,0.117053831478693,0.254244315495073,16.2237205818393,0.254244315495073,0.703097174163865,0.5,0.00766069756995135,0.00766069756995135,0.00975886189834043,0.0875254109899965,0.0875254109899965,0.0987869520592462,0.35513510420574,208.331696087714,0.296945875190669,0.499128761042779,0.146148891020632,0.266246686351157,19.407823416957,0.266246686351157,0.719604889981821,0.5,0.00874503752134047,0.00874503752134047,0.0110784263229443,0.0935149053363563,0.0935149053363563,0.105254103587987,0.380170877159874,211.590538324647,0.313334666210356,0.525781649856308,0.160719697860537,0.273060054781553,21.0206800074671,0.273060054781553,0.726939945218447,0.5,0.00944034917622353,0.00944034917622353,0.0118930500886138,0.0971614592840225,0.0971614592840225,0.109055261615071,0.394961337239905,212.648898737409,0.330378115585509,0.550929656585499,0.176040544405833,0.280395110018179,22.5663819740787,0.280395110018179,0.733753313648843,0.5,0.0102817303052198,0.0102817303052198,0.0128814032843866,0.101398867375799,0.101398867375799,0.113496269896614,0.41138906067898,213.411128663072,0.36419092094011,0.599230966209488,0.207305322771488,0.296902825836135,25.6177413642785,0.296902825836135,0.745755684504927,0.5,0.0125437961238468,0.0125437961238468,0.0154095356881895,0.111999089834885,0.111999089834885,0.124135150816101,0.450461771868437,214.151864622953,3249.80675772158,2871.41120620391,3904.09053271628,2857.1497377594,3776.95742132336,2857.1497377594,2857.14973775951,NA,3149.2586994979,3149.2586994979,3423.13860421158,3258.68691665051,3258.68691665051,3513.09570100122,2782.80322844236,2511.59399475658,1.00118533290492,1.00125781854475,1.00060390755419,1.00033068082192,1.00168079437537,1.00033068082192,1.00033068082192,NA,1.00176776286538,1.00176776286538,1.00187005945236,1.0017108810282,1.0017108810282,1.00182135965931,1.00036388729205,1.00122439709869
"GSM1897021",0.287129166559733,0.376670754006541,0.336200079433726,0.281352701015051,17.2340558432738,0.281352701015051,0.718647298984949,0.5,0.0118870217577201,0.0118870217577201,0.0146841785723732,0.108800432666869,0.108800432666869,0.120992192045937,0.414503253848343,131.62361108169,0.000576551471963823,0.00131429374713983,0.000790381671414823,0.000307914187277393,0.0356904864834246,0.000307914187277393,0.000307914187277397,NA,3.20907692019811e-05,3.20907692019811e-05,3.1379212420596e-05,0.000145185809486936,0.000145185809486936,0.000128083455961987,0.000717679992034449,0.0291027418881738,0.0268969211289676,0.0560125734463569,0.0378678613994545,0.0132309943079027,1.89346094853226,0.0132309943079027,0.0132309943079027,0,0.00154957484296558,0.00154957484296558,0.00163979092144977,0.00703518272304743,0.00703518272304743,0.00671369276189609,0.0306129074765726,1.42807666456965,0.238124294880984,0.256853285465841,0.268775221608807,0.25699364496537,13.6987653461748,0.25699364496537,0.691577701799784,0.5,0.00925287758538979,0.00925287758538979,0.0118497549349325,0.0961918789989707,0.0961918789989707,0.108856579657965,0.360760251551564,128.028709283549,0.268721314055594,0.342165757362827,0.30986230333649,0.272081370713362,15.9379981084696,0.272081370713362,0.709919972008314,0.5,0.0107710711317389,0.0107710711317389,0.0135093028101601,0.103783770975055,0.103783770975055,0.116229526409201,0.392809711192318,130.924832890969,0.285134382260231,0.380576786844674,0.333765630145345,0.280818950655027,17.1576131539418,0.280818950655027,0.719181049344973,0.5,0.0117614844453229,0.0117614844453229,0.0145707912737474,0.108450377801252,0.108450377801252,0.120709532653515,0.412355000405867,131.943603792775,0.304761109392399,0.415772605000247,0.360114641314843,0.290080027991686,18.505766254282,0.290080027991686,0.727918629286638,0.5,0.0128370021429857,0.0128370021429857,0.0156857842711522,0.113300494892817,0.113300494892817,0.125242901078145,0.433940863006396,132.665326310888,0.343343889988055,0.475634294171203,0.41630856766622,0.308422298200216,21.0974827227506,0.308422298200216,0.74300635503463,0.5,0.0152721991084469,0.0152721991084469,0.018249819869502,0.123580739216991,0.123580739216991,0.135091894166381,0.47965730961622,133.396449780392,2176.351145994,1816.29408812704,2295.44999599391,1846.39904082566,2814.54223190849,1846.39904082566,1846.3990408256,NA,2331.6580545811,2331.6580545811,2730.81875596855,2348.02341133933,2348.02341133933,2747.49462247215,1819.48081268829,2407.88216604252,1.00102199401741,1.00130193652557,1.00078891781521,1.00152678266691,1.00022300305956,1.00152678266691,1.00152678266691,NA,1.00063559698989,1.00063559698989,1.00040935199898,1.000584443607,1.000584443607,1.00035322262417,1.00153226177201,1.00035851426962
"GSM1897022",0.386391830838779,0.47313819494604,0.140469974215181,0.201637461847179,20.2238606194929,0.201637461847179,0.798362538152821,0.5,0.00800169505529447,0.00800169505529447,0.0124316197931811,0.0893865363262539,0.0893865363262539,0.111418221223912,0.258258823826126,91.9585438786639,0.000274428850574118,0.000352169453363656,0.000195237963647934,8.81926576840288e-05,0.0199396266367705,8.81926576840288e-05,8.81926576840278e-05,NA,8.12963247097752e-06,8.12963247097752e-06,1.25320628998533e-05,4.50215143209623e-05,4.50215143209623e-05,5.57671444060217e-05,0.000147872309647637,0.0241616346932856,0.019766932483135,0.0239320906721646,0.0151353438122854,0.0062395827258528,1.51594568073534,0.0062395827258528,0.0062395827258528,0,0.000615908881556652,0.000615908881556652,0.000939025766541955,0.00342690047208938,0.00342690047208938,0.00419547050127129,0.0104649612723843,1.38381799281797,0.348298936673783,0.426432930488499,0.11223531939474,0.189443702814666,17.3788229584717,0.189443702814666,0.785893872006332,0.5,0.00690540259688228,0.00690540259688228,0.0107413140648863,0.0830987520771474,0.0830987520771474,0.103640311003037,0.238121451049026,88.4965414597206,0.372886809609513,0.456958888906979,0.130129533471654,0.197504330417945,19.1718241600294,0.197504330417945,0.794183517867791,0.5,0.00756817259040253,0.00756817259040253,0.0117632458390503,0.0869952446182326,0.0869952446182326,0.108458498221435,0.251270568243506,91.2853602925562,0.386364110504162,0.472948165643421,0.140033737708696,0.201603028466086,20.197862875452,0.201603028466086,0.798396971533914,0.5,0.007970049650933,0.007970049650933,0.0123775471471617,0.0892751345538637,0.0892751345538637,0.111254425291775,0.258091689579678,92.2552292882898,0.399571177201649,0.488942446878447,0.150439749626239,0.205816482132209,21.2526375493414,0.205816482132209,0.802495669582055,0.5,0.00839350103034073,0.00839350103034073,0.0130399693883083,0.0916160522523664,0.0916160522523664,0.114192685344374,0.265202157696842,92.9765060372665,0.425598443563289,0.521411541855159,0.171463264704013,0.214106127993668,23.2746197064213,0.214106127993668,0.810556297185334,0.5,0.00930783865498509,0.00930783865498509,0.0143853240636174,0.0964771405815534,0.0964771405815534,0.119938834670644,0.279493716686038,93.6882022048105,5188.22765777018,4618.04236502749,6009.74497508162,5005.48579947734,5780.07183490775,5005.48579947734,5005.48579947746,NA,5739.72531736414,5739.72531736414,5614.484492948,5793.79047493816,5793.79047493816,5659.84490232236,5008.42919490445,3280.23772226781,1.00023473041748,1.00037543661076,1.00008462044939,1.00010986899764,1.00015628202636,1.00010986899764,1.00010986899764,NA,1.00055400213076,1.00055400213076,1.00024786270059,1.00050558027116,1.00050558027116,1.00022393242321,1.00012052166498,1.00138270520398
"GSM1897023",0.293451198357068,0.397016158383813,0.309532643259119,0.217944436034911,19.1622082687919,0.217944436034911,0.782055563965089,0.5,0.00895062012309703,0.00895062012309703,0.0131287772026244,0.0945213299449573,0.0945213299449573,0.114490006518896,0.286393302889443,42.5758966766505,0.000233557939493503,0.000377853085219087,0.000276594983891568,9.46547913556743e-05,0.0194759128874936,9.46547913556743e-05,9.46547913556741e-05,NA,1.0580301484542e-05,1.0580301484542e-05,1.38587705845853e-05,5.49069376369969e-05,5.49069376369969e-05,5.97429468111586e-05,0.000168749933355665,0.0228821664007802,0.0177040232956197,0.0257692150440993,0.0210000355495818,0.00669379984714751,1.50706563650895,0.00669379984714751,0.00669379984714751,0,0.000772143948469862,0.000772143948469862,0.00105286701522609,0.00404232001175315,0.00404232001175315,0.00456269790848065,0.0118992880432725,1.37093147772353,0.259396921116137,0.345580476917458,0.269437845500409,0.205303795214339,16.214270369787,0.205303795214339,0.768345968039043,0.5,0.00763737818243654,0.00763737818243654,0.0112926909781777,0.087392094477625,0.087392094477625,0.106267073817006,0.264331543508638,39.0966602010163,0.281066361615223,0.379598515825811,0.295157701926387,0.213434800217896,18.1466468582756,0.213434800217896,0.777752311106284,0.5,0.00840906704216314,0.00840906704216314,0.0123939825038495,0.0917009653210404,0.0917009653210404,0.11132826461183,0.278321007375345,41.9092388972387,0.293107095743009,0.396629511976841,0.30915598909212,0.217794642204683,19.1807599171031,0.217794642204683,0.782205357795317,0.5,0.00887548489823143,0.00887548489823143,0.013033894442063,0.0942097919334818,0.0942097919334818,0.114166082708681,0.285986536689176,42.8697876584915,0.305529847331737,0.41428120221452,0.323680940563306,0.222247688893716,20.1710789984903,0.222247688893716,0.786565199782104,0.5,0.00941272214421055,0.00941272214421055,0.0137766498657594,0.0970191844110289,0.0970191844110289,0.117373974396813,0.293939174561249,43.5866289413557,0.328969780725859,0.448580233863264,0.351792539743231,0.231654031960957,22.1382131620973,0.231654031960957,0.794696204785661,0.5,0.0106665929862432,0.0106665929862432,0.0154185168275394,0.103279199121711,0.103279199121711,0.124171320437404,0.311165512477261,44.3050416234127,5745.85516349909,4651.10810794363,5764.36483582946,5001.03897874472,5987.81933074792,5001.03897874472,5001.03897874474,NA,5325.99136631569,5325.99136631569,5771.61866188879,5420.09550234345,5420.09550234345,5832.70686332675,4972.27036357895,3589.52694395347,0.99998833627198,1.00033988256036,1.00038558928647,1.00035896637377,1.00008002736329,1.00035896637377,1.00035896637377,NA,1.00034310020602,1.00034310020602,1.00013891892493,1.00032647657981,1.00032647657981,1.00012421042895,1.0003615352479,1.00138677435041
"GSM1897024",0.300206887775272,0.444982180919589,0.254810931305138,0.250590038570173,22.5091897977605,0.250590038570173,0.749409961429827,0.5,0.00841261260311678,0.00841261260311678,0.0111981408707286,0.0916111896741423,0.0916111896741423,0.105711510570832,0.347987834141894,131.276543286378,0.000313367137084333,0.000519861280374938,0.000311776618888363,0.000125292124015105,0.0274220244749355,0.000125292124015105,0.000125292124015102,NA,1.20236607594909e-05,1.20236607594909e-05,1.43237021596143e-05,6.44036626641296e-05,6.44036626641296e-05,6.66635725678082e-05,0.000253193481643758,0.0257320953215503,0.0201120443297503,0.0296894594846335,0.0214383304367147,0.00758489912916757,2.02131881184779,0.00758489912916757,0.00758489912916758,0,0.00082871104732156,0.00082871104732156,0.00102826004583931,0.0044726983168873,0.0044726983168873,0.00481874528272418,0.0152859749497653,1.44926018990059,0.261272025261406,0.384612798903713,0.213514237230889,0.236810812070415,18.597956152404,0.236810812070415,0.733593621842535,0.5,0.00702086163512777,0.00702086163512777,0.00943758637284825,0.0837905819852278,0.0837905819852278,0.0971472406730981,0.320867489557039,127.5335119413,0.286826834916204,0.425534128291964,0.240157755738669,0.245328049605306,21.1247079817452,0.245328049605306,0.744600063849536,0.5,0.00781721853703084,0.00781721853703084,0.0104605692056866,0.0884150356954556,0.0884150356954556,0.102276924111336,0.337315925257937,130.57229449255,0.300006175199478,0.445390992145232,0.254596404823667,0.25034386665323,22.4822742365122,0.25034386665323,0.74965613334677,0.5,0.00834569754169394,0.00834569754169394,0.0111198714877797,0.0913547893746698,0.0913547893746698,0.105450801252787,0.347261797003378,131.608387886124,0.313338904698418,0.465031098722022,0.268900689656458,0.255399936150464,23.8992730782856,0.255399936150464,0.754671950394694,0.5,0.0089141339911152,0.0089141339911152,0.0118344831204072,0.0944146915042153,0.0944146915042153,0.108786410548427,0.357491807249894,132.339461497281,0.340119518668564,0.501840798318627,0.298443246209413,0.266406378157465,26.4898238154428,0.266406378157465,0.763189187929585,0.5,0.0102595671224594,0.0102595671224594,0.0134423373991646,0.101289521108993,0.101289521108993,0.115941094433851,0.380512575826877,133.084655401698,4119.13034917938,3261.59203559058,4728.18907560294,3664.81516334931,5433.38660187948,3664.81516334931,3664.81516334948,NA,4750.4289607084,4750.4289607084,5153.41786259625,4823.0090730386,4823.0090730386,5225.05386619089,3644.86330613081,3172.06751377618,1.00051501575636,1.00039825900667,1.00109674490503,1.00052604901908,1.0003887929149,1.00052604901908,1.00052604901908,NA,1.00049450757777,1.00049450757777,1.00052808960543,1.00046341068506,1.00046341068506,1.00048981181193,1.00052923625445,1.00040895154198
"GSM1897025",0.220023215017238,0.355155229936599,0.424821555046163,0.235600143007707,16.6647610072957,0.235600143007707,0.764399856992293,0.5,0.0109055280477014,0.0109055280477014,0.0151299877154032,0.104281067006107,0.104281067006107,0.122872018382013,0.318867861699536,62.3613663434263,0.00031300056951676,0.000662652795637143,0.000436869479791148,0.000169268092665198,0.0243410613700887,0.000169268092665198,0.000169268092665196,NA,2.0744929571312e-05,2.0744929571312e-05,2.29547682825811e-05,9.75835011814846e-05,9.75835011814846e-05,9.21680684055301e-05,0.000324216798828778,0.026282879526486,0.0192893759358794,0.034724185261591,0.0265891857992907,0.00904245906901503,1.52752637638555,0.00904245906901503,0.00904245906901503,0,0.0011751623597118,0.0011751623597118,0.00141158760975852,0.00556695479075603,0.00556695479075603,0.00569726877481384,0.0172223761043614,1.4392914988947,0.183605993925263,0.281826891704389,0.375423686443691,0.219122240494108,13.6817473704045,0.219122240494108,0.745394134108685,0.5,0.00894572192641861,0.00894572192641861,0.0126928214717097,0.0945818266180891,0.0945818266180891,0.112662422624745,0.288344271650305,58.8046178284973,0.20711807197868,0.33351497680129,0.40693366262143,0.229471420397802,15.5866324690657,0.229471420397802,0.758805270050469,0.5,0.0100709732919646,0.0100709732919646,0.0141389819231227,0.100354239032013,0.100354239032013,0.118907451081806,0.307115175507922,61.6316539518131,0.219501470782539,0.356592669677072,0.423930209572447,0.235127704091553,16.6505720132237,0.235127704091553,0.764872295908447,0.5,0.010788596467835,0.010788596467835,0.0150144991905067,0.103868168687962,0.103868168687962,0.12253366553848,0.317680145463048,62.6856087842148,0.232529357091778,0.378527901551497,0.441757659675396,0.241194729949531,17.6816125364689,0.241194729949531,0.770528579602198,0.5,0.011633229074404,0.011633229074404,0.0160393850629851,0.107857447871702,0.107857447871702,0.12664669384899,0.329266086298868,63.4359106315042,0.259352509313335,0.421069199617865,0.480752521284505,0.254605865891315,19.6961724042058,0.254605865891315,0.780877759505892,0.5,0.0135043598302181,0.0135043598302181,0.0182725198379269,0.116208260592847,0.116208260592847,0.135175884807469,0.355871235026327,64.1708077001663,3797.92250577882,2745.94642827004,3704.30439305857,2853.79585012598,3938.20585542496,2853.79585012598,2853.79585012605,NA,3209.01550687743,3209.01550687743,3781.55001777429,3254.48741716343,3254.48741716343,3820.95958956473,2821.72776463295,2998.8285150243,1.0007772677775,1.0015722582876,1.00086450459763,1.00069312366167,0.999767635703964,1.00069312366167,1.00069312366167,NA,0.999809606048815,0.999809606048815,0.999754548791707,0.999809150676033,0.999809150676033,0.99975595477124,1.00070313147133,1.00037878911153
"GSM1897026",0.345242240601642,0.510088151163408,0.144669608234951,0.228332915557142,20.6131933849664,0.228332915557142,0.771667084442858,0.5,0.00860769380199989,0.00860769380199989,0.0122183413164842,0.0926867272262651,0.0926867272262651,0.110433397009049,0.305212573826995,135.406186966922,0.000294702638711937,0.000453076399883248,0.000262098985093407,0.000115083467942644,0.0262692709645549,0.000115083467942644,0.000115083467942647,NA,1.13143856333413e-05,1.13143856333413e-05,1.63273436910182e-05,5.99844806678588e-05,5.99844806678588e-05,7.28028491716561e-05,0.000212053636404256,0.0240247629458459,0.0205266660764852,0.0280498260705719,0.0180901597714274,0.00762432293422616,1.76216178561645,0.00762432293422616,0.00762432293422616,0,0.000767780107809397,0.000767780107809397,0.00106293722084502,0.00410688524274911,0.00410688524274911,0.00477587611335248,0.0140510038027268,1.41593369598231,0.305349004336905,0.455044154758184,0.110288814806217,0.213225400836891,17.2159612218284,0.213225400836891,0.756517685822858,0.5,0.00728737983283231,0.00728737983283231,0.0103487147027921,0.0853661515618331,0.0853661515618331,0.101728632580687,0.277955780060118,131.893098940483,0.331065935818815,0.491152044595873,0.13215945932883,0.223280687853214,19.4010885626503,0.223280687853214,0.766565691946748,0.5,0.00806325111020666,0.00806325111020666,0.0114682772886333,0.0897956074064015,0.0897956074064015,0.107090042889957,0.295802209770064,134.6996121081,0.345393631940235,0.509836806465318,0.144371223700667,0.228299433925632,20.586362416852,0.228299433925632,0.771700566074368,0.5,0.00854743037541096,0.00854743037541096,0.0121439618604166,0.0924523140618658,0.0924523140618658,0.110199645462188,0.3049537492764,135.73501413648,0.359254568540887,0.529050578423401,0.156535207766147,0.233434308053252,21.7992636489813,0.233434308053252,0.776719312146786,0.5,0.00908770893237496,0.00908770893237496,0.0128858749031809,0.0953294756731693,0.0953294756731693,0.113515967601717,0.314493693166194,136.446868656576,0.385576915223684,0.565130352233948,0.180901463098418,0.243482314177142,24.1575894912232,0.243482314177142,0.786774599163109,0.5,0.0102680506079653,0.0102680506079653,0.0145214081735756,0.101331390038932,0.101331390038932,0.120504805603501,0.333705242806683,137.189256749564,4851.41901196981,3832.81152162836,4763.80665252911,4389.11221841092,4499.82389171401,4389.11221841092,4389.11221841071,NA,4604.81045191402,4604.81045191402,4238.22647901087,4687.56528167128,4687.56528167128,4303.37659344857,4390.5937404977,3473.50246889711,1.00015089483661,1.00033759846362,1.00020997189143,1.00030807173335,0.999700156247237,1.00030807173335,1.00030807173335,NA,0.999706421880494,0.999706421880494,0.999690128458771,0.999708325376183,0.999708325376183,0.999689114584724,1.00029617524684,1.00119163985169
"GSM1897027",0.389215126543496,0.564593330720127,0.0461915427363771,0.203694932164486,19.1903283717323,0.203694932164486,0.796305067835514,0.5,0.00849552863599377,0.00849552863599377,0.0131030201471336,0.0921047184964605,0.0921047184964605,0.114385310144808,0.261758073713166,181.130522907861,0.000298588039170395,0.000371444835516919,0.000156949880183449,0.000103542374753344,0.0209430923334115,0.000103542374753344,0.000103542374753346,NA,8.82192017296574e-06,8.82192017296574e-06,1.43876943653615e-05,4.75981599295773e-05,4.75981599295773e-05,6.26189752862813e-05,0.000174579722590995,0.0239893332093458,0.0205181037824846,0.024121078118083,0.0111120250694955,0.00722841656166721,1.45666010860735,0.00722841656166721,0.00722841656166721,0,0.00064776276752337,0.00064776276752337,0.00100234632496247,0.00350014257656579,0.00350014257656579,0.00436157633523349,0.0122010632682776,1.39803894920397,0.34874790548604,0.517976772501479,0.0260054119773522,0.189613420300512,16.3853813154178,0.189613420300512,0.782337224197764,0.5,0.00730378901964905,0.00730378901964905,0.0112733014072154,0.0854622081369025,0.0854622081369025,0.10617580424513,0.238394773276266,177.633262724989,0.37517850023234,0.547957781219651,0.0384069551550834,0.198784101281628,18.2032141094524,0.198784101281628,0.791425155114281,0.5,0.00805359080053563,0.00805359080053563,0.0124068572116565,0.0897418007426487,0.0897418007426487,0.111386072789826,0.253390409651801,180.411019366021,0.389258372321009,0.564463465768949,0.0456312701561792,0.203672795416931,19.1795532893989,0.203672795416931,0.796327204583068,0.5,0.00845742394334749,0.00845742394334749,0.0130347144290933,0.0919642536169704,0.0919642536169704,0.114169673858821,0.261571916870346,181.44414219629,0.403083995752891,0.580964257353782,0.0535164621073212,0.208574844885719,20.1501472729516,0.208574844885719,0.801215898718372,0.5,0.00889902307058305,0.00889902307058305,0.0137338383572723,0.0943346334618257,0.0943346334618257,0.11719146024795,0.26991244170401,182.169565760823,0.428236549194422,0.612604310285848,0.0690753484058191,0.217662775802236,22.1762898887993,0.217662775802236,0.810386579699488,0.5,0.00989415189948648,0.00989415189948648,0.0152575027419152,0.0994693515570947,0.0994693515570947,0.123521264309492,0.285752955726238,182.878367724923,4722.03966487193,4217.01146299777,5012.61613913116,4873.60247132079,4837.65439804553,4873.60247132079,4873.60247132061,NA,5391.45166703616,5391.45166703616,4853.47947719378,5407.43295117213,5407.43295117213,4851.48890738211,4884.36105960642,3396.26983929273,0.999874450871044,1.00016663813888,1.00004435855317,1.00052850198847,0.999939054406591,1.00052850198847,1.00052850198847,NA,1.00004995063313,1.00004995063313,0.999945769139292,1.00003493429026,1.00003493429026,0.999943811088052,1.000516492526,1.00032856887107
"GSM1897028",0.288014170124889,0.509851688066109,0.202134141809002,0.265980642435299,20.5296148891438,0.265980642435299,0.734019357564701,0.5,0.00962577038160632,0.00962577038160632,0.0123212599396628,0.0979301422494688,0.0979301422494688,0.110834306399114,0.3801599095959,177.709191262166,0.000421997693079431,0.000760960402489549,0.000386233981150797,0.000215249601802048,0.035456991411849,0.000215249601802048,0.000215249601802043,NA,2.28127468560215e-05,2.28127468560215e-05,2.41485738939997e-05,0.000110150218193683,0.000110150218193683,0.000104676356182923,0.000479727730590214,0.0336695981439593,0.0244249481029705,0.0389859176868745,0.0243309183395688,0.0109380185089218,2.177691397757,0.0109380185089218,0.0109380185089218,0,0.00119887120506664,0.00119887120506664,0.0013752506025126,0.00595500238134236,0.00595500238134236,0.0060844960618486,0.0237567946630344,1.51381536974502,0.241792252371741,0.431766956907466,0.155073590636123,0.246252890707201,16.1107962163675,0.246252890707201,0.710540159976386,0.5,0.00777480322632526,0.00777480322632526,0.0100816940479523,0.0881748446335637,0.0881748446335637,0.1004076393753,0.339134980044904,173.974983218924,0.271482265605071,0.485585304441904,0.185603001656291,0.258457464876554,19.071222051274,0.258457464876554,0.727366417580046,0.5,0.00881134077697142,0.00881134077697142,0.0113722188823364,0.0938687422752714,0.0938687422752714,0.106640606160285,0.363781255983798,176.975332486053,0.28761820395263,0.510923580116168,0.201515554218653,0.265508110550067,20.5586912108404,0.265508110550067,0.734491889449933,0.5,0.00946500336052169,0.00946500336052169,0.0121603071637192,0.09728824883012,0.09728824883012,0.110273782757387,0.378593548884688,178.048071299625,0.303936971691507,0.535915026241053,0.217954886092259,0.272633582419954,21.9833967843696,0.272633582419954,0.741542535123445,0.5,0.0102660153060495,0.0102660153060495,0.0131087561929167,0.101321346732753,0.101321346732753,0.114493476629341,0.394022603981475,178.806790128211,0.337470680652732,0.583359680631567,0.250753453157604,0.289459840023614,24.7974198692884,0.289459840023614,0.753747109292799,0.5,0.0124166556398994,0.0124166556398994,0.0155175448004137,0.111430048190308,0.111430048190308,0.124569437537755,0.432465839886524,179.564606227421,3350.01803888788,2624.77092338214,3968.405482166,2582.21615857082,3772.14958870807,2582.21615857082,2582.21615857094,NA,2761.7851870448,2761.7851870448,3243.25212299705,2922.76000231818,2922.76000231818,3378.71870472088,2452.37026064726,2021.48235402332,1.00184365708383,1.00323804086024,1.00206638749744,1.00194587091281,1.00087514648968,1.00194587091281,1.00194587091281,NA,1.00116384273552,1.00116384273552,1.00098229753168,1.00111530758517,1.00111530758517,1.00095063103447,1.00200863230153,1.00067017351681
"GSM1897029",0.28187928132397,0.441411523387679,0.276709195288351,0.258174257816481,19.5733638844987,0.258174257816481,0.741825742183519,0.5,0.00990342874612335,0.00990342874612335,0.0129186094146931,0.0993325307658461,0.0993325307658461,0.11349571033604,0.363658786179965,123.007534891905,0.000396682847266661,0.000800423052780558,0.000478120385296927,0.000230656980140293,0.0353453412401246,0.000230656980140293,0.000230656980140288,NA,2.46712089534052e-05,2.46712089534052e-05,2.53484439088483e-05,0.000119894105689781,0.000119894105689781,0.000108846367158726,0.000490275584457775,0.0282061828876378,0.0218305214213976,0.0380862187890404,0.0266178230070507,0.0102884408184438,2.05814399134305,0.0102884408184438,0.0102884408184438,0,0.00122525184005625,0.00122525184005625,0.00140648322194503,0.00604000314406592,0.00604000314406592,0.00611046784116143,0.0216680290785786,1.47896378325892,0.242439665458025,0.359268242363036,0.228684394016999,0.240846133701715,15.4662872953183,0.240846133701715,0.719107100360572,0.5,0.00794911607555341,0.00794911607555341,0.0106032161448033,0.0891578155359599,0.0891578155359599,0.102971919204993,0.32859306740105,119.264925823567,0.266432217878689,0.418382641063801,0.258523235946042,0.251082429775455,18.1947142489735,0.251082429775455,0.735671055844462,0.5,0.00904160911247349,0.00904160911247349,0.011947969686452,0.0950873761969564,0.0950873761969564,0.109306768594809,0.348743150022343,122.300863503015,0.281140324778136,0.443566538294521,0.27572149965092,0.257341791705415,19.6050743516333,0.257341791705415,0.742658208294585,0.5,0.0097320528623314,0.0097320528623314,0.0127518006572549,0.0986511675581498,0.0986511675581498,0.112923871069055,0.361477097796561,123.350470663235,0.296250620688489,0.467146789880628,0.293003097634064,0.264328944155538,20.9240572851496,0.264328944155538,0.748917570224545,0.5,0.0105923785165996,0.0105923785165996,0.0137402542670782,0.102919281556136,0.102919281556136,0.117218830678929,0.37608554844192,124.091945487601,0.326410141711476,0.510176482158894,0.332886040324862,0.280892899639429,23.5777519377135,0.280892899639429,0.759153866298285,0.5,0.0128056886195376,0.0128056886195376,0.0161641896328113,0.113162222446186,0.113162222446186,0.127138466329321,0.41252372270752,124.845341356936,3028.59620823215,2264.10487351872,3099.34944119828,1989.60069510853,3390.6827216512,1989.60069510853,1989.60069510861,NA,2466.4360735343,2466.4360735343,3078.69384604566,2537.92430134952,2537.92430134952,3151.52711644148,1953.25204339745,2749.32729213898,0.999955163680505,0.99988876916442,1.00007863435248,1.00008156073511,1.00000943107314,1.00008156073511,1.00008156073511,NA,1.00025766582589,1.00025766582589,1.00021176879139,1.00017570201722,1.00017570201722,1.00014778840117,1.00011962726802,1.00112130616724
"GSM1897030",0.234909594550245,0.477594599093277,0.287495806356478,0.241920769988758,19.8413267265792,0.241920769988758,0.758079230011242,0.5,0.00933736040163379,0.00933736040163379,0.0127240767581195,0.0964827606063339,0.0964827606063339,0.112660761904965,0.330975945866762,109.316967065249,0.000290963668864429,0.000572601928994937,0.000374782030320851,0.000162152354234042,0.0303820294918769,0.000162152354234042,0.00016215235423404,NA,1.78520081683298e-05,1.78520081683298e-05,2.06156363777526e-05,8.98740444187596e-05,8.98740444187596e-05,8.97448888980602e-05,0.000318777856802711,0.0260267944835039,0.0186495832520232,0.0310403326651261,0.0231395122201355,0.00896826620125478,1.93989090888471,0.00896826620125478,0.00896826620125479,0,0.00104846818037203,0.00104846818037203,0.00128337202084563,0.00533299751757536,0.00533299751757536,0.00562436123414661,0.0175237891657453,1.43858957649669,0.199764427824093,0.41412246702581,0.243412819861841,0.225652073765524,16.0587031231697,0.225652073765524,0.7395585647814,0.5,0.00765583062144271,0.00765583062144271,0.0105702061067142,0.0874976035138353,0.0874976035138353,0.102811507655446,0.300105496889744,105.621909539198,0.222252459553496,0.457468746840688,0.271246481422876,0.235763180302742,18.5446113871191,0.235763180302742,0.752438305552745,0.5,0.00861435640954657,0.00861435640954657,0.0118174586486993,0.0928135572469731,0.0928135572469731,0.108708135147429,0.3188811765381,108.615712967027,0.234598043916708,0.478625199112685,0.287387269934284,0.24151045020356,19.8481014215446,0.24151045020356,0.75848954979644,0.5,0.00921935357566613,0.00921935357566613,0.0125956632143556,0.0960174649483315,0.0960174649483315,0.112230402308768,0.32987641580671,109.643039158464,0.247228087153475,0.498412523684119,0.303070223320366,0.247561694447255,21.1551406741515,0.247561694447255,0.764236819697258,0.5,0.00992881637607872,0.00992881637607872,0.013481005117538,0.0996434462248349,0.0996434462248349,0.116107730594857,0.341720607003244,110.377295917227,0.27250172132854,0.537082536049025,0.333228275837352,0.2604414352186,23.6513836633962,0.2604414352186,0.774347926234476,0.5,0.01171187809767,0.01171187809767,0.015567882293018,0.108221430835669,0.108221430835669,0.12477131999389,0.367905091065546,111.102373120997,4108.2866124067,2938.64497167795,3811.98234383537,3058.93652139768,4076.81546322108,3058.93652139768,3058.93652139774,NA,3449.34278780247,3449.34278780247,3875.35634627656,3521.06620873918,3521.06620873918,3927.59740045696,3021.89761473286,3055.14940290421,1.00049838956761,1.00000766686485,0.999925573346916,1.00008941533936,1.00011052705964,1.00008941533936,1.00008941533936,NA,1.00011177471821,1.00011177471821,1.00007737000317,1.00011756234185,1.00011756234185,1.00008440391526,1.00011899675057,1.00187099576645
"GSM1897031",0.217646550790006,0.245321911333267,0.537031537876727,0.316544908699837,19.1995813823109,0.316544908699837,0.683455091300163,0.5,0.0113665551198251,0.0113665551198251,0.0131301466696514,0.106479548481113,0.106479548481113,0.114467485545208,0.501967123890242,226.578250750606,0.00039961126219094,0.0010339386804696,0.000712834656890462,0.000182864755309937,0.0305367194086682,0.000182864755309937,0.000182864755309935,NA,2.06617284163784e-05,2.06617284163784e-05,2.07686003806192e-05,9.68531029979515e-05,9.68531029979515e-05,9.05388476801737e-05,0.000499354901468607,0.0247158363693855,0.0224725943875308,0.050706899490142,0.0383129325201423,0.00933294566598465,1.75682378793594,0.00933294566598465,0.00933294566598465,0,0.00114400292804709,0.00114400292804709,0.00120137110152304,0.00535391988553667,0.00535391988553667,0.00522922945701655,0.0254766877279534,1.37815477210336,0.174297223398666,0.145228599736431,0.462020577624496,0.297987425834766,15.991052160439,0.297987425834766,0.66545428108992,0.5,0.0092726656490408,0.0092726656490408,0.0109396233552938,0.0962946811770888,0.0962946811770888,0.104592654346856,0.453139077364204,223.156397988698,0.201953680161528,0.210825392192865,0.510942638173673,0.310278931813192,17.9650679055875,0.310278931813192,0.677114075434132,0.5,0.010570189490291,0.010570189490291,0.0122933066453926,0.102811426846437,0.102811426846437,0.110875184980992,0.48452658354967,225.871942190852,0.217559983095426,0.245610648766927,0.536881077738463,0.316624761606748,19.1442350524468,0.316624761606748,0.683375238393252,0.5,0.0113030593626827,0.0113030593626827,0.0130587615199621,0.106315847173877,0.106315847173877,0.114274938282828,0.501536780970552,226.895025418648,0.232708963786364,0.280499499294451,0.562940872165791,0.322885924565868,20.3362697505542,0.322885924565868,0.689721068186808,0.5,0.0121138155010572,0.0121138155010572,0.0139158950757416,0.110062779754285,0.110062779754285,0.117965652101379,0.518907039736212,227.603191883201,0.262857608779143,0.343902755125617,0.611541083550337,0.33454571891008,22.8527064392669,0.33454571891008,0.702012574165234,0.5,0.0137528357716076,0.0137528357716076,0.0156337430275561,0.117272485137532,0.117272485137532,0.125034967205859,0.552956594543011,228.317869678905,3162.50330176212,2405.16317795473,2888.77140766762,2604.81843341218,3309.8754338216,2604.81843341218,2604.81843341223,NA,3065.63873287481,3065.63873287481,3346.10759784939,3055.74182042042,3055.74182042042,3335.84199993701,2602.95879703235,3109.17640946989,1.00093372192394,1.00128744417106,1.0010432390098,1.00094856535537,1.00042717467711,1.00094856535537,1.00094856535537,NA,1.00053254006183,1.00053254006183,1.00039687879479,1.00054017381368,1.00054017381368,1.00040239981857,1.00094276224332,1.00014795897949
"GSM1897032",0.358682794425686,0.477779625467928,0.163537580106385,0.275366884654291,25.739751038137,0.275366884654291,0.724633115345709,0.5,0.00782554725058704,0.00782554725058704,0.00980324944334612,0.0883457032413168,0.0883457032413168,0.0988953401916032,0.400365038192983,233.840355986761,0.000336285791075002,0.000512278400025316,0.000265990860988027,0.000116570762089093,0.0352061074456478,0.000116570762089093,0.000116570762089094,NA,1.20932383910544e-05,1.20932383910544e-05,1.41505636449209e-05,6.70626924163533e-05,6.70626924163533e-05,7.02812463220564e-05,0.000261794511943679,0.0255214910938869,0.0226041512578407,0.0313852011581103,0.0193380717201495,0.00769380412782513,2.46255470774126,0.00769380412782513,0.00769380412782513,0,0.000810258246520591,0.000810258246520591,0.000956326486989179,0.00453723954647115,0.00453723954647115,0.00479207702707956,0.0172151014305886,1.42189394990569,0.31441411012932,0.413052674898976,0.12646343893321,0.260987489791197,20.8957671670611,0.260987489791197,0.708585595695338,0.5,0.00647701715095823,0.00647701715095823,0.00817245262726481,0.0804799176870643,0.0804799176870643,0.090401618493893,0.369046101995858,230.303995648926,0.343546929158869,0.45768270920606,0.150394316868915,0.270172869891307,24.0430678216834,0.270172869891307,0.7197534024235,0.5,0.00724195212390586,0.00724195212390586,0.0091187235811299,0.085099659951446,0.085099659951446,0.0954920079422287,0.388640340168549,233.103307380231,0.358347017371394,0.478448163742373,0.163219735882332,0.275090106007421,25.6973097541319,0.275090106007421,0.724909893992579,0.5,0.00775308463904106,0.00775308463904106,0.00972864484277296,0.0880516021377618,0.0880516021377618,0.0986338929711773,0.399454123790727,234.1718365788,0.373686398706427,0.498647425548302,0.176314507273621,0.2802465975765,27.4161178160157,0.2802465975765,0.729827130108693,0.5,0.00832161593399477,0.00832161593399477,0.0103980075196092,0.0912228914405615,0.0912228914405615,0.101970620864855,0.41105103941436,234.899315985571,0.402779026972499,0.538273383315084,0.201999996355077,0.291414404304662,30.5905719516974,0.291414404304662,0.739012510208803,0.5,0.00962652397426257,0.00962652397426257,0.0119641455754531,0.0981148509019616,0.0981148509019616,0.109380736749637,0.437129305292654,235.620091496289,4518.13677768518,3753.51144282605,5285.58306964623,4356.15154491627,4892.55543208356,4356.15154491627,4356.15154491626,NA,4489.12492678428,4489.12492678428,4567.35628450886,4577.42720760282,4577.42720760282,4649.09768666426,4324.12356344248,3104.00436789967,1.00085210391166,1.00160034210717,1.00064043457478,1.00092339936191,1.00077878524627,1.00092339936191,1.00092339936191,NA,1.00112627772653,1.00112627772653,1.00101650793631,1.00105483914382,1.00105483914382,1.00095612148064,1.00094562543516,1.00100479456082
"GSM1897033",0.428991501670425,0.467493020553728,0.103515477775847,0.236933871670824,19.1030527860698,0.236933871670824,0.763066128329176,0.5,0.0095383294348665,0.0095383294348665,0.0131899459448026,0.0975537250775532,0.0975537250775532,0.114733725842617,0.321327832637273,160.635947142093,0.000351771213396771,0.000453758360383731,0.000196911489100415,0.000120548906473061,0.0234766982148308,0.000120548906473061,0.000120548906473061,NA,1.35839593583744e-05,1.35839593583744e-05,1.69840011383488e-05,6.83000301096759e-05,6.83000301096759e-05,7.28822485613182e-05,0.000230574932129483,0.0255776727650292,0.0239440186779956,0.0289657287067767,0.0149730786591085,0.00789879821665122,1.67646681549783,0.00789879821665122,0.00789879821665123,0,0.000917390578839065,0.000917390578839065,0.00118334169677798,0.00464788755425671,0.00464788755425671,0.00511090640144706,0.0150718449636784,1.43441403237018,0.382101723401036,0.411141481603502,0.0754652722975701,0.222197072434975,15.8310754668453,0.222197072434975,0.746868217093445,0.5,0.00799752602331478,0.00799752602331478,0.0111583109329869,0.0894288880803059,0.0894288880803059,0.105632906473407,0.293848064886828,156.9550962347,0.412443102590372,0.44774351936065,0.0932261616250465,0.23141926762028,17.9686474098156,0.23141926762028,0.757914815860503,0.5,0.00889270671222614,0.00889270671222614,0.0123601190256684,0.0943011490493475,0.0943011490493475,0.111176072180795,0.310728275209527,159.910876931423,0.42918140622838,0.467909405542417,0.103003867342753,0.23680165293538,19.088569532839,0.23680165293538,0.76319834706462,0.5,0.00944043252949682,0.00944043252949682,0.0130968430979312,0.0971618882479861,0.0971618882479861,0.114441439593165,0.320850089570531,160.973947533979,0.445231365746649,0.487051115886717,0.113376125008566,0.242085184139497,20.2263424397815,0.242085184139497,0.76858073237972,0.5,0.0100703418009155,0.0100703418009155,0.0139131229149061,0.100351092673903,0.100351092673903,0.117953901650286,0.330989369591457,161.696397219997,0.475434287531309,0.523366159724983,0.134000682928523,0.253131782906555,22.4048246878385,0.253131782906555,0.777802927565025,0.5,0.0116119363864393,0.0116119363864393,0.0157917256382158,0.107758695173633,0.107758695173633,0.125665132924766,0.352876719114339,162.43240361963,4633.11938981205,4074.92516789698,5782.0267864923,4293.34203572034,5099.36252494509,4293.34203572034,4293.34203572034,NA,4560.95518064217,4560.95518064217,4854.45316056566,4630.94299544603,4630.94299544603,4917.59013769407,4272.7615543893,3145.04596201115,0.999882824962693,0.999665993106902,0.999971326374282,1.00050429884253,1.00017059680313,1.00050429884253,1.00050429884253,NA,1.00026867828217,1.00026867828217,1.0001284506506,1.00027802077075,1.00027802077075,1.00014198437814,1.00049296289911,1.0011054901755
"GSM1897034",0.407439235739797,0.488534228037152,0.104026536223051,0.242450318955488,21.0995246333079,0.242450318955488,0.757549681044512,0.5,0.00876644082382253,0.00876644082382253,0.0119352875055959,0.0935369106810737,0.0935369106810737,0.109148443502045,0.331903491137747,184.35067905534,0.000315995863482493,0.000464999402528838,0.000227034069394004,0.000112301103301132,0.0236335731857328,0.000112301103301132,0.000112301103301132,NA,1.03411646937092e-05,1.03411646937092e-05,1.38006160330972e-05,5.46127794440328e-05,5.46127794440328e-05,6.24935280209584e-05,0.000218623141759963,0.0250790681366874,0.0223502078212845,0.0291182663646214,0.0159622011802178,0.00737899660037536,1.79001115344989,0.00737899660037536,0.00737899660037536,0,0.000783987430465573,0.000783987430465573,0.00102914328144714,0.00415804343760602,0.00415804343760602,0.00468054752326197,0.0143567354509349,1.4322841367172,0.364094010602754,0.432080189795294,0.0735718805783928,0.228260983754628,17.7044123133912,0.228260983754628,0.742574136661411,0.5,0.00741945554983134,0.00741945554983134,0.0101507764280235,0.0861362614212988,0.0861362614212988,0.100751061671938,0.304882995926618,180.764737766875,0.392202504783441,0.468908571025895,0.0932557845439897,0.237434456578858,19.8614751942578,0.237434456578858,0.752669568330186,0.5,0.00821732516322608,0.00821732516322608,0.011204421012095,0.0906494630887444,0.0906494630887444,0.105850937690123,0.322053679174529,183.630682326393,0.407559881431495,0.48855555321527,0.103606793772811,0.242396829291986,21.0825676280329,0.242396829291986,0.757603170708014,0.5,0.00870576799530435,0.00870576799530435,0.0118581381784167,0.0933047051072952,0.0933047051072952,0.108895078756393,0.331593897809312,184.66658239693,0.422157662050341,0.508412743133622,0.114529689713819,0.247330431669814,22.3126210562745,0.247330431669814,0.762565543421142,0.5,0.00927157246079091,0.00927157246079091,0.0125871818555358,0.0962890048698518,0.0962890048698518,0.112192610510463,0.341262758698688,185.408754488945,0.451713690681655,0.544748892570646,0.136619511212521,0.257425863338589,24.628657893587,0.257425863338589,0.771739016245372,0.5,0.0104487575002323,0.0104487575002323,0.0141207737141085,0.102219164039339,0.102219164039339,0.118830861790382,0.361650358314099,186.14777152175,5002.65249858497,3921.26541761423,4943.14662880177,4317.44262122448,5736.57529150874,4317.44262122448,4317.44262122445,NA,5747.504103408,5747.504103408,5561.02363084508,5796.81558103188,5796.81558103188,5609.48811359746,4312.40095308331,3261.63660932242,0.999795668080638,0.999945809816857,1.00032975501959,1.00009664044751,0.999870722893726,1.00009664044751,1.00009664044751,NA,0.999744754250236,0.999744754250236,0.999778273293812,0.999762293781695,0.999762293781695,0.99979988431139,1.00010299560306,1.00004842327031
"GSM1897035",0.303332183016909,0.477369811444997,0.219298005538094,0.25359000417528,19.0389852093299,0.25359000417528,0.74640999582472,0.5,0.0100619637637759,0.0100619637637759,0.0132857568804524,0.100130090034247,0.100130090034247,0.115092014049435,0.354228180978753,128.988189061965,0.000362230677252253,0.000703197452342585,0.000417575772384604,0.000182824633363602,0.0324323154240844,0.000182824633363602,0.0001828246333636,NA,2.08916098631316e-05,2.08916098631316e-05,2.44716465193863e-05,0.000101275270466196,0.000101275270466196,0.0001037940997825,0.000377204870693507,0.0275765951978406,0.0218447691464563,0.036984634470301,0.025353863623511,0.0100704735817368,2.02937061177836,0.0100704735817368,0.0100704735817368,0,0.00122225300210503,0.00122225300210503,0.00146921169556082,0.00599444118955717,0.00599444118955717,0.00629206891757644,0.0206242376636114,1.46913771578638,0.262246801694291,0.403267248883305,0.169860084190757,0.235225286178577,14.9902448839705,0.235225286178577,0.725503997998426,0.5,0.00811097506470609,0.00811097506470609,0.0108884101874831,0.0900609519244896,0.0900609519244896,0.104347545188427,0.317864385288204,125.259275441289,0.288227667188502,0.453727110416864,0.202158921779868,0.246760326554189,17.6660494792637,0.246760326554189,0.739991315632566,0.5,0.00919665464637281,0.00919665464637281,0.0122482114808234,0.0958991900173306,0.0958991900173306,0.110671638097302,0.340135866126323,128.256442439886,0.30289967831737,0.477491391314168,0.218982761401094,0.253145903313077,19.0490507222527,0.253145903313077,0.746854096686923,0.5,0.0099080503301908,0.0099080503301908,0.0131240135608451,0.0995391899192849,0.0995391899192849,0.114560087119573,0.352905319001051,129.344106415446,0.317371206669107,0.501930761313843,0.235804070892405,0.260008684367434,20.4111433354041,0.260008684367434,0.753239673445811,0.5,0.01074812333837,0.01074812333837,0.01415143779099,0.103673156301706,0.103673156301706,0.118959815853506,0.367002680320759,130.07229653991,0.347436635720497,0.550350900660919,0.27024377238718,0.274496002001574,22.9601930633961,0.274496002001574,0.764774713821423,0.5,0.0128970714904442,0.0128970714904442,0.0166775127572226,0.11356527378465,0.11356527378465,0.129141444751277,0.398135105149739,130.8156980758,3636.84224621003,2766.22870928962,3686.52950177603,3034.10332683658,3915.31603878314,3034.10332683658,3034.10332683667,NA,3422.7754721646,3422.7754721646,3604.47794075243,3503.40692560025,3503.40692560025,3674.86685391058,2989.51836250958,2838.20478618984,1.00125034593392,1.00219448232199,1.00147699329443,1.00169879630787,0.999851732611555,1.00169879630787,1.00169879630787,NA,0.999959826216254,0.999959826216254,0.999837924544275,0.99995430561737,0.99995430561737,0.999838515284618,1.0016613274205,1.00052854410425
"GSM1897036",0.227944170830735,0.50669175299647,0.265364076172795,0.267489692457471,15.9509289613552,0.267489692457471,0.732510307542529,0.5,0.0125839796668343,0.0125839796668343,0.0160100092736811,0.111686054765172,0.111686054765172,0.126182325372956,0.385064856080529,136.954819452072,0.000721071793933845,0.00179170027244204,0.00111059478347263,0.000581565872904363,0.0517716476048577,0.000581565872904363,0.000581565872904366,NA,6.38277720250942e-05,6.38277720250942e-05,5.89834524180383e-05,0.000270755421814221,0.000270755421814221,0.00022468327245949,0.00132785970245843,0.0336104272893154,0.0280110480823113,0.0648805600607646,0.0439882812897274,0.021331438730217,2.25353743565579,0.021331438730217,0.021331438730217,0,0.00244472422864117,0.00244472422864117,0.00243514615124122,0.010498505377062,0.010498505377062,0.00938301882577828,0.0479407059948397,1.50106457485823,0.181353456817524,0.349435178421738,0.195433415845157,0.234579452427662,11.48570552663,0.234579452427662,0.682837253048214,0.5,0.00923428350349952,0.00923428350349952,0.0123742131391962,0.0960951793975733,0.0960951793975733,0.111239440553127,0.316646279194274,133.275046750227,0.20868279158165,0.473991212050134,0.234684547504172,0.252132473573361,14.4060147354376,0.252132473573361,0.71975665093378,0.5,0.0108372383956119,0.0108372383956119,0.0142752288998293,0.104102057589886,0.104102057589886,0.119478989318979,0.350856831310825,136.173506197838,0.22527818237,0.516719767951077,0.259128040365594,0.26388091335835,16.0169388043073,0.26388091335835,0.73611908664165,0.5,0.0120682295390323,0.0120682295390323,0.0156084756984987,0.109855493895515,0.109855493895515,0.124933885303678,0.375135908127465,137.280681035411,0.243606013344325,0.550617174221821,0.289875001477648,0.28024334906622,17.5128540869638,0.28024334906622,0.747867526426639,0.5,0.0138231379791156,0.0138231379791156,0.0173538625808208,0.117571841771415,0.117571841771415,0.131734060059834,0.411043648202677,138.056166100546,0.293187808956167,0.608738936043178,0.368005643407633,0.317162746951786,20.2033048535265,0.317162746951786,0.765420547572338,0.5,0.0185800655561085,0.0185800655561085,0.0217661859824596,0.136308714157797,0.136308714157797,0.147533677257583,0.503005838559606,138.883127337374,1509.04330437123,1311.28912904179,1568.78247315201,1345.37226046614,1894.72236334747,1345.37226046614,1345.37226046613,NA,1467.03468826904,1467.03468826904,1704.47126882765,1503.49028414089,1503.49028414089,1743.98881013876,1303.48028891126,1994.57643646308,1.00092033219949,1.00076993953156,1.00043351102747,1.00099038012618,1.00091133781863,1.00099038012618,1.00099038012618,NA,1.0010307318486,1.0010307318486,1.00086068117963,1.00102843493199,1.00102843493199,1.00086926632916,1.00111754726009,1.00050183451811
"GSM1897037",0.332540382212852,0.494063628399397,0.173395989387751,0.261462559484127,25.6836066260186,0.261462559484127,0.738537440515873,0.5,0.00758353381651718,0.00758353381651718,0.00981758950024205,0.0869783864150114,0.0869783864150114,0.0989765008472083,0.370274861922475,201.617878636696,0.000307185829751953,0.000429567075890476,0.00023426311575875,0.000109964108089452,0.0327748891792331,0.000109964108089452,0.000109964108089452,NA,1.0825821112043e-05,1.0825821112043e-05,1.30906821105635e-05,6.11286409342442e-05,6.11286409342442e-05,6.51398676807525e-05,0.000231651943750863,0.0251785915634936,0.0212500879872655,0.0280084282181384,0.0176919780880052,0.00728196631400416,2.35573296385484,0.00728196631400416,0.00728196631400416,0,0.000752366560698485,0.000752366560698485,0.000921007856924986,0.00427742915875435,0.00427742915875435,0.00460916867114964,0.0153150220661956,1.45698986051045,0.292586200811654,0.437451605750984,0.139976247096625,0.247660302315684,21.0295067708487,0.247660302315684,0.723760116891582,0.5,0.00632858255861598,0.00632858255861598,0.00824814525170288,0.0795523887481732,0.0795523887481732,0.0908192999949568,0.341915955988715,197.948566105928,0.318060012487417,0.47584985327231,0.161430644395471,0.256531854481072,24.0848049265807,0.256531854481072,0.733854690910784,0.5,0.00705203407382778,0.00705203407382778,0.00916142583972546,0.0839763899785263,0.0839763899785263,0.0957153375280245,0.359810991845218,200.917913172628,0.331773324625854,0.49460954304027,0.173005064707935,0.261406368047995,25.6603069686812,0.261406368047995,0.738593631952005,0.5,0.0075142705190694,0.0075142705190694,0.00974267378428148,0.0866848921038235,0.0866848921038235,0.0987049835837974,0.369923139167529,201.955081466327,0.346657243933017,0.512976778068514,0.18521429969586,0.266145309089216,27.2883287547869,0.266145309089216,0.743468145518928,0.5,0.00803803730321164,0.00803803730321164,0.0103799886022988,0.0896551019361327,0.0896551019361327,0.101882229048032,0.379954077518445,202.675400530704,0.375398892059329,0.547128060271154,0.209110994347081,0.276239883108418,30.3098445028009,0.276239883108418,0.752339697684316,0.5,0.0092447541191833,0.0092447541191833,0.0118880583612262,0.096149644358459,0.096149644358459,0.10903237278918,0.402016763566363,203.430052877443,4785.40951665118,4251.23879562818,5703.54608725552,4385.26072180929,5166.1814343361,4385.26072180929,4385.2607218093,NA,4829.89041126224,4829.89041126224,4949.96486947787,4896.39189895626,4896.39189895626,5006.69872170976,4370.82437617137,3348.49914960732,0.999696128864508,1.00037343148228,1.00062361661032,1.00137264598156,0.999845554503536,1.00137264598156,1.00137264598156,NA,1.00005585818644,1.00005585818644,0.999965573091348,1.00001183449659,1.00001183449659,0.999930402414063,1.0013621392747,1.00040390586838
"GSM1897038",0.262322254973173,0.433165007350842,0.304512737675986,0.304201597433161,17.4716457325245,0.304201597433161,0.695798402566839,0.5,0.0123576547500124,0.0123576547500124,0.014575123232975,0.110814079208632,0.110814079208632,0.12044495470604,0.470678195305744,197.02313653862,0.000738957003805858,0.00163814878811371,0.000944215645812891,0.000410845156510401,0.0487778326591385,0.000410845156510401,0.000410845156510392,NA,4.4557965079439e-05,4.4557965079439e-05,4.29289995680011e-05,0.000195874456902054,0.000195874456902054,0.000174566791131939,0.00108768646639856,0.0282773683907589,0.0326227130672421,0.0671738206173322,0.0423388511313363,0.0168635726541751,2.34479666402327,0.0168635726541751,0.0168635726541751,0,0.00199897329398249,0.00199897329398249,0.0020228117774291,0.00882634336503328,0.00882634336503328,0.00825497649387682,0.0441936179125438,1.45056245179183,0.206640489481334,0.281509687746053,0.230266857998858,0.274645900090242,13.1950540326288,0.274645900090242,0.659833093894898,0.5,0.00916552474074673,0.00916552474074673,0.0112754886298994,0.0957367469755426,0.0957367469755426,0.106186103747053,0.398467578404384,193.364655346401,0.239653279951835,0.391927035102212,0.27501042399043,0.291991704407172,15.8382549595737,0.291991704407172,0.684866970409018,0.5,0.0109266786053,0.0109266786053,0.013133586024642,0.104530754335837,0.104530754335837,0.114601858731008,0.438515068436678,196.29034567047,0.259027658400535,0.440794794309043,0.300870466186961,0.302832567359646,17.4040017003982,0.302832567359646,0.697167432640354,0.5,0.0121236809038621,0.0121236809038621,0.0143645125313834,0.110107587855714,0.110107587855714,0.11985204430418,0.465277409438179,197.36087495176,0.282030250010234,0.480778006481698,0.330546615864257,0.315133029590982,19.0351667498873,0.315133029590982,0.708008295592828,0.5,0.0135675384258144,0.0135675384258144,0.0157845672186233,0.116479776896288,0.116479776896288,0.125636647591654,0.497485805453918,198.087407604843,0.333101099009044,0.546007752830966,0.398024632260945,0.340166906105102,22.1719881317267,0.340166906105102,0.725354099909758,0.5,0.0167355608726959,0.0167355608726959,0.0189464931043184,0.129365995708151,0.129365995708151,0.137646260754751,0.570238995623138,198.810464127429,1948.95500665262,1681.48659967046,2010.64664469086,1684.77858382041,2310.81605485038,1684.77858382041,1684.77858382049,NA,2012.62696248031,2012.62696248031,2220.28851186408,2030.51417831676,2030.51417831676,2236.1885747446,1650.86539266121,2631.44855143207,1.00048100810536,1.0012754908293,1.00149152355295,1.0022835714628,1.00169069930504,1.0022835714628,1.0022835714628,NA,1.00155036193659,1.00155036193659,1.0012839191182,1.00167083579958,1.00167083579958,1.00138150340109,1.00228836917331,1.0012631066804
"GSM1897039",0.222873270200587,0.348226954241271,0.428899775558142,0.210265518605853,19.8250332906136,0.210265518605853,0.789734481394147,0.5,0.00841824557025441,0.00841824557025441,0.012675350973351,0.0916849893503915,0.0916849893503915,0.112512227470756,0.272920989489903,57.9130606373001,0.000224348289329832,0.000337319086074882,0.000266458878776201,7.94751190223404e-05,0.0172374826590692,7.94751190223404e-05,7.94751190223405e-05,NA,7.97641740690466e-06,7.97641740690466e-06,1.11133143664349e-05,4.30166625713427e-05,4.30166625713427e-05,4.91508762007284e-05,0.000137301484543238,0.0245338056799046,0.0167658997728127,0.0235901869153067,0.0207552247690747,0.00577444795050552,1.41862121125755,0.00577444795050552,0.00577444795050552,0,0.000641804554188321,0.000641804554188321,0.000913738700409716,0.00347991548740492,0.00347991548740492,0.00404372190942093,0.00997392510734421,1.40297746559892,0.190786803429673,0.302369083912649,0.388699110477456,0.199191375077027,17.1461858068454,0.199191375077027,0.778303580953475,0.5,0.00727721425462393,0.00727721425462393,0.0110105390131395,0.0853065897485711,0.0853065897485711,0.104931115545178,0.254066916739081,54.4459358899448,0.211514983385022,0.331885603505159,0.414940286481095,0.206313275780347,18.862976418365,0.206313275780347,0.78591517699228,0.5,0.00796975533262273,0.00796975533262273,0.0120356381002722,0.0892734861674113,0.0892734861674113,0.109707055825546,0.266047231554757,57.2283704449326,0.222601443838725,0.348469991851628,0.428697616324384,0.210232878924777,19.8021563232296,0.210232878924777,0.789767121075223,0.5,0.00837816212420035,0.00837816212420035,0.0126248877149014,0.0915323009844564,0.0915323009844564,0.112360525602715,0.272765264425364,58.2079415667884,0.233811337750912,0.36455545733485,0.44266572009356,0.21408482300772,20.7716448528531,0.21408482300772,0.793686724219653,0.5,0.00881575309811466,0.00881575309811466,0.0132534757258907,0.0938922419479724,0.0938922419479724,0.115123740926212,0.279456457770717,58.9652888308273,0.256386860896764,0.393973571041319,0.470274067287946,0.221696419046525,22.7055187786176,0.221696419046525,0.800808624922973,0.5,0.00977945289985312,0.00977945289985312,0.0145805022070968,0.0988911163190051,0.0988911163190051,0.120749750339687,0.292947781372442,59.6680308320993,5584.80747763773,4890.81160491715,6067.28631357559,5279.0839475343,6773.06453585097,5279.0839475343,5279.08394753429,NA,6474.25564022675,6474.25564022675,6760.15789276796,6544.31157786579,6544.31157786579,6768.61845300063,5276.93493990833,3270.1791767524,0.999857298857937,0.999861065962275,1.00008086768097,1.00033740383622,1.00002393937016,1.00033740383622,1.00033740383622,NA,1.00038884306348,1.00038884306348,1.00014639569045,1.00035263351628,1.00035263351628,1.00011565244569,1.00034948696785,1.00097818555971
"GSM1897040",0.320824097355167,0.541096065663424,0.138079836981409,0.255733636424793,26.5134384422086,0.255733636424793,0.744266363575207,0.5,0.0072342340343023,0.0072342340343023,0.0095035171243453,0.084964534408918,0.084964534408918,0.0973892960714891,0.358374770366306,224.207560739912,0.000303801645498581,0.000430591231621019,0.000220796093161364,9.85050593760764e-05,0.0321218900073004,9.85050593760764e-05,9.85050593760778e-05,NA,9.25024919951768e-06,9.25024919951768e-06,1.19937980292069e-05,5.35485077131912e-05,5.35485077131912e-05,6.07080690735269e-05,0.00020222356605538,0.025194541776704,0.0208022026030011,0.0265890638382494,0.0162599544984563,0.00690877778757485,2.32912906119267,0.00690877778757485,0.00690877778757485,0,0.00067067597653352,0.00067067597653352,0.000853279053111549,0.00390689582116749,0.00390689582116749,0.00434102414257981,0.0141644857001696,1.45631369285084,0.280135387215831,0.489141501258952,0.107447612797456,0.242323843995075,22.0025348359776,0.242323843995075,0.730351553037858,0.5,0.0061046443860305,0.0061046443860305,0.00804512411766617,0.0781322237366278,0.0781322237366278,0.0896946158787316,0.33145225562822,220.562267349542,0.306572088745826,0.523153744992339,0.126967623840716,0.251117330408094,24.9313344493077,0.251117330408094,0.739727306712359,0.5,0.00675914953514254,0.00675914953514254,0.00890245194654107,0.0822140470646723,0.0822140470646723,0.094352805715866,0.34881325973444,223.475919185084,0.320733016233513,0.540648370428208,0.137723807580914,0.255821325704561,26.5305030859355,0.255821325704561,0.744178674295439,0.5,0.00716952805646493,0.00716952805646493,0.00942311570319886,0.0846730657057952,0.0846730657057952,0.0970727340755916,0.358353934703258,224.546463826593,0.335016563536823,0.558966071466864,0.148910056514222,0.260272693287641,28.0821510198318,0.260272693287641,0.748882669591906,0.5,0.00764057436408187,0.00764057436408187,0.0100275418708764,0.0874103790285286,0.0874103790285286,0.100137614661032,0.367553021572089,225.283998337095,0.361949531846966,0.594054259859394,0.170983760976326,0.269648446962142,31.0747225707959,0.269648446962142,0.757676156004925,0.5,0.00870475233415324,0.00870475233415324,0.0113623272072963,0.0932992622369386,0.0932992622369386,0.106594217502947,0.387500732492211,226.020568815728,4688.54836206609,3813.07835676753,5423.20326949367,4919.09686337267,5257.56834789981,4919.09686337267,4919.09686337253,NA,5256.76587848177,5256.76587848177,5061.37722308987,5323.15260315989,5323.15260315989,5113.18567043639,4906.11915215378,3341.15741735996,1.00005627536661,1.00041189501137,1.00032904936084,1.00007080111696,1.00002252596353,1.00007080111696,1.00007080111696,NA,0.999979960698,0.999979960698,1.00009709575207,0.999963490630746,0.999963490630746,1.00007891234779,1.00009884087646,1.00186509464174
