"Tumor","psi_1_mean","psi_1_lower","psi_1_upper","psi_2_mean","psi_2_lower","psi_2_upper","psi_3_mean","psi_3_lower","psi_3_upper","X_mean","X_lower","X_upper","N_mean","N_lower","N_upper","phi_mean","phi_lower","phi_upper"
"TARGET.30.PAIFXV.01A",0.226814784574098,0.152208235748995,0.306058926373928,0.446259176781346,0.290210607080064,0.5902015353826,0.326926038644555,0.245958363322709,0.42077724642533,0.353519127729243,0.324674367010196,0.388323194444805,21.0004079235063,14.9525238467897,26.8336004467419,0.617241009111007,0.523981547030586,0.749499532046003
"TARGET.30.PAIPGU.01A",0.365240408351442,0.321280050956175,0.409776704416432,0.54104442605503,0.48335976782177,0.595856420500109,0.0937151655935277,0.0677342373816454,0.122199243591977,0.241337379767223,0.224256037969615,0.260499092924137,17.7401760838978,14.5859896997097,20.8700761218122,0.329856710262944,0.297567668559259,0.368025447115022
"TARGET.30.PAISNS.01A",0.270776881278803,0.23639725230378,0.306611896750348,0.44230927562265,0.395154730343465,0.488945508729334,0.286913843098547,0.252285587809781,0.322700916828353,0.23814594111566,0.226395221996488,0.250332345627749,22.3161692207202,18.9813767365353,25.6067016255848,0.323546805841136,0.301461724778867,0.347238723751082
