"","psi[1].mean","psi[2].mean","psi[3].mean","X.mean","N.mean","mu_left.mean","mu_right.mean","mu_middle.mean","var_left.mean","var_right.mean","var_middle.mean","sigma_left.mean","sigma_right.mean","sigma_middle.mean","phi.mean","lp__.mean","psi[1].se_mean","psi[2].se_mean","psi[3].se_mean","X.se_mean","N.se_mean","mu_left.se_mean","mu_right.se_mean","mu_middle.se_mean","var_left.se_mean","var_right.se_mean","var_middle.se_mean","sigma_left.se_mean","sigma_right.se_mean","sigma_middle.se_mean","phi.se_mean","lp__.se_mean","psi[1].sd","psi[2].sd","psi[3].sd","X.sd","N.sd","mu_left.sd","mu_right.sd","mu_middle.sd","var_left.sd","var_right.sd","var_middle.sd","sigma_left.sd","sigma_right.sd","sigma_middle.sd","phi.sd","lp__.sd","psi[1].2.5%","psi[2].2.5%","psi[3].2.5%","X.2.5%","N.2.5%","mu_left.2.5%","mu_right.2.5%","mu_middle.2.5%","var_left.2.5%","var_right.2.5%","var_middle.2.5%","sigma_left.2.5%","sigma_right.2.5%","sigma_middle.2.5%","phi.2.5%","lp__.2.5%","psi[1].25%","psi[2].25%","psi[3].25%","X.25%","N.25%","mu_left.25%","mu_right.25%","mu_middle.25%","var_left.25%","var_right.25%","var_middle.25%","sigma_left.25%","sigma_right.25%","sigma_middle.25%","phi.25%","lp__.25%","psi[1].50%","psi[2].50%","psi[3].50%","X.50%","N.50%","mu_left.50%","mu_right.50%","mu_middle.50%","var_left.50%","var_right.50%","var_middle.50%","sigma_left.50%","sigma_right.50%","sigma_middle.50%","phi.50%","lp__.50%","psi[1].75%","psi[2].75%","psi[3].75%","X.75%","N.75%","mu_left.75%","mu_right.75%","mu_middle.75%","var_left.75%","var_right.75%","var_middle.75%","sigma_left.75%","sigma_right.75%","sigma_middle.75%","phi.75%","lp__.75%","psi[1].97.5%","psi[2].97.5%","psi[3].97.5%","X.97.5%","N.97.5%","mu_left.97.5%","mu_right.97.5%","mu_middle.97.5%","var_left.97.5%","var_right.97.5%","var_middle.97.5%","sigma_left.97.5%","sigma_right.97.5%","sigma_middle.97.5%","phi.97.5%","lp__.97.5%","psi[1].n_eff","psi[2].n_eff","psi[3].n_eff","X.n_eff","N.n_eff","mu_left.n_eff","mu_right.n_eff","mu_middle.n_eff","var_left.n_eff","var_right.n_eff","var_middle.n_eff","sigma_left.n_eff","sigma_right.n_eff","sigma_middle.n_eff","phi.n_eff","lp__.n_eff","psi[1].Rhat","psi[2].Rhat","psi[3].Rhat","X.Rhat","N.Rhat","mu_left.Rhat","mu_right.Rhat","mu_middle.Rhat","var_left.Rhat","var_right.Rhat","var_middle.Rhat","sigma_left.Rhat","sigma_right.Rhat","sigma_middle.Rhat","phi.Rhat","lp__.Rhat"
"TARGET.30.PAIFXV.01A",0.108561616158663,0.663208434782539,0.228229949058799,0.280053467837248,18.0087453027202,0.280053467837248,0.719946532162752,0.5,0.0114430930978539,0.0114430930978539,0.0141640366718342,0.10653719007142,0.10653719007142,0.118694487026739,0.413805995791465,340.858005032707,0.000463616004540554,0.00117269746415123,0.000761883540051593,0.000600767730449412,0.0543463402655841,0.000600767730449412,0.000600767730449415,NA,5.87185060846798e-05,5.87185060846798e-05,5.39268876224697e-05,0.000247738334371824,0.000247738334371824,0.00021145151938838,0.00165325917286584,0.0390654404163737,0.0231577795650448,0.0495791922718833,0.0325486350460843,0.0225709334840414,2.41749801996637,0.0225709334840414,0.0225709334840414,0,0.00221534025490382,0.00221534025490382,0.00216177904133308,0.00964011649414645,0.00964011649414645,0.00869855616774166,0.0598242959952887,1.61490223413423,0.0678637709677715,0.55013879153815,0.175987519466381,0.24875048149019,12.6339492637113,0.24875048149019,0.659839474108046,0.5,0.00869688513688893,0.00869688513688893,0.011135984161532,0.0932570916170247,0.0932570916170247,0.105527172529509,0.344080777722761,336.723011394393,0.0930641366006536,0.638129911874469,0.207222100684067,0.266063461759564,16.5651272618193,0.266063461759564,0.71146542086425,0.5,0.0100425853458161,0.0100425853458161,0.0127363131074338,0.10021270052132,0.10021270052132,0.11285527504202,0.379779111974999,340.064315419232,0.107088844172303,0.667510202138112,0.225168484710157,0.276432733534052,18.1091912387249,0.276432733534052,0.723567266465948,0.5,0.0109824290820897,0.0109824290820897,0.0138051443993739,0.104797085273906,0.104797085273906,0.117495295221913,0.402447880577449,341.237608150123,0.121975703555109,0.694961011369778,0.244770961242345,0.28853457913575,19.6289144352215,0.28853457913575,0.733936538240436,0.5,0.0122279072620244,0.0122279072620244,0.0150919456774413,0.110579868243087,0.110579868243087,0.122849280281736,0.43027330445233,342.052548831748,0.159349458105074,0.745677004091157,0.300604021650214,0.340160525891954,22.4497447303721,0.340160525891954,0.75124951850981,0.5,0.0174288539024422,0.0174288539024422,0.0197879534593433,0.132018383515755,0.132018383515755,0.140669660760915,0.570219053671371,342.860752136894,2495.03700671621,1787.42127200944,1825.10720457132,1411.51613799019,1978.75327605068,1411.51613799019,1411.51613799018,NA,1423.41285209568,1423.41285209568,1606.98525683019,1514.18220322685,1514.18220322685,1692.28195669712,1309.40293841749,1708.86211251892,1.00016679561458,1.00056576351442,1.000795076695,1.00116913586724,1.00082923110782,1.00116913586724,1.00116913586724,NA,1.00138322018067,1.00138322018067,1.00122136496697,1.00120531098042,1.00120531098042,1.00110223180361,1.00146547058485,1.00226446902025
"TARGET.30.PAIPGU.01A",0.594368391822684,0.371038897510173,0.0345927106671427,0.251899157410412,19.4455237230444,0.251899157410412,0.748100842589588,0.5,0.00975111768098905,0.00975111768098905,0.0129324628743733,0.0986582851719189,0.0986582851719189,0.113636647953941,0.350554950094672,355.619674244208,0.000372805004478332,0.00040167728486141,0.000103032826161948,0.000107597744476476,0.0222335355933711,0.000107597744476476,0.000107597744476474,NA,1.3656675612649e-05,1.3656675612649e-05,1.5298866482904e-05,6.81145327044883e-05,6.81145327044883e-05,6.65053794378904e-05,0.000218223508867752,0.0258899864775404,0.0228131643687198,0.0242087093954277,0.0078970544567546,0.00642727826777545,1.48599937081684,0.00642727826777545,0.00642727826777545,0,0.000836176351056117,0.000836176351056117,0.00100126187472976,0.00420269624852202,0.00420269624852202,0.0043792137827104,0.0129997002823228,1.44498665442898,0.551034712253921,0.322541757491417,0.0205169903637206,0.239744264182574,16.5644764462771,0.239744264182574,0.734819951095598,0.5,0.00828458145613357,0.00828458145613357,0.0111371208520629,0.0910196762010471,0.0910196762010471,0.105532558255491,0.326471675765289,351.976936066847,0.578900679737335,0.355145126204209,0.0291211015819312,0.247507430124064,18.4444881242165,0.247507430124064,0.743971252333423,0.5,0.00917533199277848,0.00917533199277848,0.0122384355340466,0.0957879532757393,0.0957879532757393,0.110627462837876,0.341613138199987,354.93870271419,0.593710672657623,0.371620542383288,0.0341450158173816,0.251710736779149,19.4362392116254,0.251710736779149,0.748289263220851,0.5,0.00968213362761736,0.00968213362761736,0.01286257064958,0.0983978334489815,0.0983978334489815,0.113413273690963,0.350006824001449,355.964385847944,0.609502063379861,0.387634073192456,0.0396589472202743,0.256028747666577,20.4274475534691,0.256028747666577,0.752492569875936,0.5,0.0102663623850686,0.0102663623850686,0.0135541847753864,0.101323059492812,0.101323059492812,0.116422441022848,0.358778849187892,356.657075929021,0.639528239959956,0.417147030485436,0.0512863830743849,0.265180048904402,22.4474532808856,0.265180048904402,0.760255735817426,0.5,0.0115788047069474,0.0115788047069474,0.0150925386166312,0.107604854476545,0.107604854476545,0.12285169355831,0.377894521741753,357.414108798287,3744.61861503652,3632.35869706739,5874.61000447238,3568.18917232996,4467.04359660597,3568.18917232996,3568.18917233014,NA,3748.91655385903,3748.91655385903,4283.28379961375,3806.94359011565,3806.94359011565,4335.8948605693,3548.65361359718,3115.04284864517,1.0000378562222,1.00008537015077,0.999675721161905,1.00032306178826,1.00012210513083,1.00032306178826,1.00032306178826,NA,1.00021168911588,1.00021168911588,1.00011804835655,1.00021281167357,1.00021281167357,1.00011747961476,1.00031959021712,1.00001162637457
"TARGET.30.PAISNS.01A",0.359708377711439,0.403623353909705,0.236668268378856,0.257368268967955,21.2026714342572,0.257368268967955,0.742631731032045,0.5,0.00909029636706303,0.00909029636706303,0.0118860716467664,0.0952277677389063,0.0952277677389063,0.108912659073671,0.361746186113019,164.370927792265,0.000367267113163753,0.000527750846176716,0.000263757950362687,0.000122772689018121,0.0276233206849173,0.000122772689018121,0.000122772689018122,NA,1.40874408084057e-05,1.40874408084057e-05,1.61095583434099e-05,7.25988748650841e-05,7.25988748650841e-05,7.29417392262094e-05,0.000256973046885415,0.0267691831211907,0.020935536672696,0.027870038679993,0.0179787100612,0.00707683655980679,1.88420670477691,0.00707683655980679,0.00707683655980679,0,0.000903490083192471,0.000903490083192471,0.00107920863106839,0.00468736225915638,0.00468736225915638,0.00490992400020867,0.0146820610401028,1.4836123893407,0.320589264490426,0.348194672740707,0.202513916061825,0.244425692714232,17.5311445640923,0.244425692714232,0.727547055776998,0.5,0.00757136071213633,0.00757136071213633,0.0100401550189224,0.0870135662251356,0.0870135662251356,0.10020057394498,0.335547450221849,160.592655069652,0.345540796647936,0.386238888355408,0.224532701748333,0.252619890153651,19.920533517347,0.252619890153651,0.738157001642679,0.5,0.00845130775613241,0.00845130775613241,0.0111162819353271,0.0919309945303434,0.0919309945303434,0.105433779857452,0.351841019218252,163.675752814377,0.359380234185522,0.404160171193053,0.236308457191001,0.25698771877089,21.1857307098745,0.25698771877089,0.74301228122911,0.5,0.00899991377975197,0.00899991377975197,0.0118003954375372,0.094867875383148,0.094867875383148,0.108629625045025,0.360748058211161,164.705130185668,0.373351878506146,0.422106461961,0.248750621113993,0.261842998357321,22.4895339539982,0.261842998357321,0.747380109846349,0.5,0.00962675627937087,0.00962675627937087,0.0125498646812002,0.0981160347522054,0.0981160347522054,0.11202617855193,0.370838985762924,165.46373875915,0.401571235944102,0.45625908341162,0.273028411898317,0.272452944223002,24.9000139470679,0.272452944223002,0.755574307285768,0.5,0.0111299912540532,0.0111299912540532,0.0142603353280408,0.105498773699992,0.105498773699992,0.119416645931965,0.393625521435843,166.184892117271,3249.40701719613,2788.79933554301,4646.28599718395,3322.57501698989,4652.70287638021,3322.57501698989,3322.57501698984,NA,4113.22599268589,4113.22599268589,4487.90393233415,4168.667512235,4168.667512235,4531.0338924734,3264.36642830063,3071.64248273198,1.00208472674615,1.00240447445045,1.00066437254155,1.00132955852236,1.00036217489856,1.00132955852236,1.00132955852236,NA,1.00059450939886,1.00059450939886,1.00044247898542,1.00055550707233,1.00055550707233,1.00041711880371,1.00136548037619,1.00094556371256
"TARGET.30.PAITCI.01A",0.235441035844596,0.43492763144087,0.329631332714534,0.290423792442881,18.9489267904199,0.290423792442881,0.709576207557119,0.5,0.0110116529989091,0.0110116529989091,0.0133487469246653,0.104735245468638,0.104735245468638,0.115365190654799,0.435579193667341,238.696016426287,0.000571924839990975,0.00105976667582567,0.000537248990421436,0.000269078686774138,0.0402844736013126,0.000269078686774138,0.000269078686774138,NA,2.99280740265e-05,2.99280740265e-05,3.0221819501065e-05,0.000139291682926668,0.000139291682926668,0.000128299412726706,0.000656850606534893,0.0288892459975986,0.0273211802225555,0.0474219103372677,0.0277986969149105,0.0118893460928431,2.02554526051656,0.0118893460928431,0.0118893460928431,0,0.00138325237711881,0.00138325237711881,0.00147154370790636,0.00649512346778781,0.00649512346778781,0.0062948123824301,0.0287570785515724,1.43657852432349,0.184996438784735,0.33007167426324,0.279271957320957,0.269081181395094,15.001681819672,0.269081181395094,0.684260491873676,0.5,0.00872638803386868,0.00872638803386868,0.0108838865242227,0.0934151381204089,0.0934151381204089,0.104325866992196,0.386270942139725,235.008644040506,0.216892270297688,0.405432382361461,0.310218666492702,0.28207864969386,17.5843900854779,0.28207864969386,0.702035187182178,0.5,0.0100370706662503,0.0100370706662503,0.0123274242218399,0.100185181869443,0.100185181869443,0.111028934164317,0.415236939599985,237.970563217978,0.234391643723903,0.43836722374647,0.328095237580612,0.28965000516129,18.9528193168472,0.28965000516129,0.71034999483871,0.5,0.0108443087967523,0.0108443087967523,0.013190649677125,0.104136011045701,0.104136011045701,0.114850553664724,0.432917656482764,239.008781635917,0.252042482140748,0.466869658737953,0.347119411383613,0.297964812817822,20.2799867608461,0.297964812817822,0.71792135030614,0.5,0.0118071486802454,0.0118071486802454,0.0142171550380005,0.108660704396273,0.108660704396273,0.119235712086041,0.453083111126981,239.760830437161,0.294488310088715,0.519256949307606,0.387799413808748,0.315739508126324,22.9697359940394,0.315739508126324,0.730918818604906,0.5,0.0141264635542454,0.0141264635542454,0.0166647984600244,0.118854800288542,0.118854800288542,0.12909220887374,0.499128812645566,240.514358077576,2282.02812974241,2002.33884160637,2677.30384011456,1952.34848485967,2528.18306333824,1952.34848485967,1952.34848485967,NA,2136.21672831641,2136.21672831641,2370.85567508641,2174.32495878067,2174.32495878067,2407.22255503492,1916.70959486111,2472.78481755595,1.00054896753528,1.00036438389717,1.00021679953066,1.00042530308769,1.00038465719375,1.00042530308769,1.00042530308769,NA,1.00066362965762,1.00066362965762,1.00058841472464,1.00057972664052,1.00057972664052,1.00053141030556,1.00050893395058,1.0009248899459
"TARGET.30.PAIVHE.01A",0.181895232211749,0.526852119921763,0.291252647866487,0.401960923425714,14.1526853324238,0.401960923425714,0.598039076574286,0.5,0.0174444803861275,0.0174444803861275,0.0181775326148239,0.131458060668898,0.131458060668898,0.134364529224295,0.880802196202055,453.130502736551,0.0010377113480755,0.00211343542812799,0.00136584262242744,0.00101442806636202,0.0607769643412891,0.00101442806636202,0.00101442806636202,NA,8.24717395745351e-05,8.24717395745351e-05,7.30501294875032e-05,0.000316703085333071,0.000316703085333071,0.000274131950786692,0.0101706854817012,0.0517251281103242,0.0537965837391242,0.106264203315925,0.072134906395361,0.0400355246949447,2.51726159145023,0.0400355246949447,0.0400355246949447,0,0.00330760204033008,0.00330760204033008,0.00294890410196666,0.0127780703232158,0.0127780703232158,0.0111230106683529,0.325652119769895,1.80667061959347,0.0867620577831203,0.306782206120676,0.165334638768201,0.325779312512691,10.7517712565829,0.325779312512691,0.520101440536568,0.5,0.0110526418408923,0.0110526418408923,0.0123630120871792,0.105131545343096,0.105131545343096,0.111189082496172,0.527142642023301,448.389688203901,0.144805702397253,0.454685633883747,0.239307573721864,0.373811971447399,12.1843543335512,0.373811971447399,0.570349213006836,0.5,0.0149811038377953,0.0149811038377953,0.0159999608565627,0.122397319559222,0.122397319559222,0.126490951677571,0.688417506927554,452.337654315845,0.177788943833657,0.531081350901207,0.286617046071295,0.401071110738385,13.6695732295067,0.401071110738385,0.598928889261615,0.5,0.0175374575538648,0.0175374575538648,0.0182887933581435,0.132429066119973,0.132429066119973,0.135236065295193,0.810103398484787,453.547204150168,0.215538038640946,0.604491338924492,0.336415540451185,0.429650786993164,15.6250382271417,0.429650786993164,0.626188028552601,0.5,0.0201313881050326,0.0201313881050326,0.020518116377262,0.141885122912173,0.141885122912173,0.143241461781174,0.98056825288813,454.411276299805,0.295719123585117,0.719773207231911,0.446072360577934,0.479898559463432,20.2216094203487,0.479898559463432,0.674220687487309,0.5,0.0231040528351257,0.0231040528351257,0.0232519827939169,0.152000173742924,0.152000173742924,0.15248600849855,1.60690849303597,455.283830783509,2687.54820502082,2528.11027907738,2789.26400786713,1557.57345265994,1715.45247179747,1557.57345265994,1557.57345265995,NA,1608.48195055785,1608.48195055785,1629.59363224137,1627.89338804201,1627.89338804201,1646.36223034972,1025.19710270061,1219.98590781147,1.0017242301334,1.00149948721404,1.00069241531761,1.00151823708448,1.00127610694437,1.00151823708448,1.00151823708448,NA,1.00135749871859,1.00135749871859,1.00137003128273,1.0013218722432,1.0013218722432,1.00134401867227,1.00364981827871,1.00353209255693
"TARGET.30.PAIVMJ.01A",0.139673257918404,0.573696851019649,0.286629891061946,0.38407610849714,15.4247489386743,0.38407610849714,0.61592389150286,0.5,0.0158404943783268,0.0158404943783268,0.0167611040144558,0.125118511694369,0.125118511694369,0.128949235440135,0.772501265541784,471.887451845298,0.000935200667649562,0.00257916379080113,0.00180284223198495,0.00108030795350609,0.0715369123719177,0.00108030795350609,0.00108030795350608,NA,8.15439733901802e-05,8.15439733901802e-05,7.00307864638377e-05,0.000333213018766372,0.000333213018766372,0.000276678153159672,0.00522847591268027,0.0342386584973329,0.0465927381210454,0.113366574610188,0.0816040245531773,0.0436898044269541,2.9749186943773,0.0436898044269541,0.0436898044269541,0,0.00335301165260128,0.00335301165260128,0.0029325234804672,0.0136336218287123,0.0136336218287123,0.0115418952420547,0.216573783132328,1.50994773293994,0.0609152986935012,0.333187109926161,0.16051853672991,0.303529530083009,11.5092374575911,0.303529530083009,0.541098632566336,0.5,0.00953696437953429,0.00953696437953429,0.0110388575170769,0.0976573823124444,0.0976573823124444,0.105065967452721,0.467047979899626,468.076223975877,0.106584625386209,0.496427929620847,0.2230657629872,0.348996202022084,13.1142901877807,0.348996202022084,0.582597120067499,0.5,0.0131813048097159,0.0131813048097159,0.0145039577122357,0.114809863711437,0.114809863711437,0.120432378087772,0.59865155487628,471.144445921313,0.134420530006726,0.5820135993598,0.277189511377508,0.38794024526062,14.7277380363328,0.38794024526062,0.61205975473938,0.5,0.0160971960061564,0.0160971960061564,0.0169747723246287,0.126874725627217,0.126874725627217,0.130287268465608,0.747787935149274,472.233216766326,0.168858050060263,0.660428802739759,0.337944993313524,0.417402879932501,17.2366747314,0.417402879932501,0.651003797977916,0.5,0.0185363583214014,0.0185363583214014,0.019063174379708,0.136148295326838,0.136148295326838,0.138069454862627,0.900316643108083,473.001391424359,0.242324828227489,0.765135348801783,0.469069541628064,0.458901367433664,22.6472712090445,0.458901367433664,0.696470469916991,0.5,0.0214701239563224,0.0214701239563224,0.0217216823708383,0.146526871105134,0.146526871105134,0.147382774985711,1.2493168803039,473.719590087875,2482.14329847058,1932.02260309866,2048.83842143316,1635.55462811015,1729.37755698489,1635.55462811015,1635.55462811018,NA,1690.77721442126,1690.77721442126,1753.49684614325,1674.08908323276,1674.08908323276,1740.22146104411,1715.77976871993,1944.86897416263,1.00048866474533,1.00203439135907,1.00262973532134,1.00351741798607,1.00323718581987,1.00351741798607,1.00351741798607,NA,1.00324152548425,1.00324152548425,1.00302821680698,1.00331444504801,1.00331444504801,1.00309252232187,1.00335328988601,1.00120518960026
"TARGET.30.PAIVZR.01A",0.0578005341040001,0.674642654251477,0.267556811644523,0.308408732893092,21.1927359860445,0.308408732893092,0.691591267106908,0.5,0.0102963080443168,0.0102963080443168,0.0120465807772188,0.101030433997108,0.101030433997108,0.109449467138272,0.485548983786524,481.487838445018,0.000413244011872947,0.00218174446353039,0.00182973473492427,0.000921777739870563,0.0838640539578875,0.000921777739870563,0.000921777739870573,NA,6.94366393523449e-05,6.94366393523449e-05,6.03499742229914e-05,0.000312874570637375,0.000312874570637375,0.000257688930014802,0.0030610753701984,0.0492986140132098,0.0174139953439124,0.0622099022389573,0.0515764101579077,0.0261233272239281,2.88554101660554,0.0261233272239281,0.0261233272239281,0,0.00204343764185182,0.00204343764185182,0.00188083982996156,0.00944301842619815,0.00944301842619815,0.00820995406719234,0.082399891461431,1.72962340652809,0.0298931989657714,0.493060558204295,0.205103879094503,0.275283635260154,14.3580200702544,0.275283635260154,0.610595593012287,0.5,0.00782497472451334,0.00782497472451334,0.00951487255577339,0.0884588871980207,0.0884588871980207,0.0975442082110289,0.399884546331471,477.073679782781,0.0460816890260113,0.654796810628207,0.238110772154824,0.292333636533088,19.5180187759504,0.292333636533088,0.683900979185923,0.5,0.00896841210024748,0.00896841210024748,0.0107918025941106,0.0947017005243844,0.0947017005243844,0.10388360117972,0.439337664169696,480.666821393212,0.0561997959845352,0.686088557079478,0.257716496057532,0.302664610648281,21.4141267967678,0.302664610648281,0.697335389351719,0.5,0.00981362657939191,0.00981362657939191,0.0116745362710884,0.0990637500714014,0.0990637500714014,0.108048768021938,0.464851666624244,481.941712869091,0.0670434163232022,0.711041384707013,0.281865033663611,0.316099020814077,23.1657313802657,0.316099020814077,0.707666363466912,0.5,0.0109357062938784,0.0109357062938784,0.0128086770935325,0.104573927401359,0.104573927401359,0.113175426190703,0.500105321135135,482.766472612564,0.097808603607999,0.753965780825357,0.42080167231519,0.389404406987713,26.2746556574003,0.389404406987713,0.724716364739846,0.5,0.0165338571051131,0.0165338571051131,0.0174118714753803,0.128584046852913,0.128584046852913,0.131954050614469,0.754363930161164,483.551591744234,1775.75771317477,813.038801925385,794.558643781072,803.164582220185,1183.86668558045,803.164582220185,803.164582220167,NA,866.054837090403,866.054837090403,971.291187469077,910.921895122031,910.921895122031,1015.05583077286,724.611518436247,1230.93094107445,1.00229811118812,1.00345489444205,1.00335727472586,1.00302114740583,1.00189341855285,1.00302114740583,1.00302114740583,NA,1.00297239733085,1.00297239733085,1.00260707005982,1.00277003254529,1.00277003254529,1.00243373591631,1.00333064610997,1.00215307584534
"TARGET.30.PAIXFZ.01A",0.374885603130912,0.507891466189833,0.117222930679256,0.308987807151384,30.2411300566528,0.308987807151384,0.691012192848616,0.5,0.00717199736811061,0.00717199736811061,0.00839047625650607,0.0844949203094839,0.0844949203094839,0.0914225995809208,0.481693980357635,454.784227663257,0.000469830949078366,0.000605396918626795,0.000235987719353521,0.000186747153693109,0.0701707109453168,0.000186747153693109,0.000186747153693113,NA,2.19105561072311e-05,2.19105561072311e-05,2.28699528850468e-05,0.000122194342246568,0.000122194342246568,0.000119058006910243,0.000513696704990879,0.031274327471294,0.0248890947274495,0.0315033592542008,0.0151535612015991,0.0088680807049099,3.55415928305169,0.0088680807049099,0.0088680807049099,0,0.00100081759106328,0.00100081759106328,0.00107210858016278,0.00571050665356093,0.00571050665356093,0.00569109751687234,0.0238665426552169,1.49559981317673,0.329330827369831,0.440416957964968,0.0885668644276444,0.294206463619055,22.6302340533164,0.294206463619055,0.67085586153977,0.5,0.00569837704356137,0.00569837704356137,0.00676742873164757,0.0754875952642731,0.0754875952642731,0.0822643831145665,0.443867341402609,451.084407166809,0.357864210270052,0.488372365551498,0.1069339981991,0.303127329208082,27.9901647617275,0.303127329208082,0.686289937852714,0.5,0.00650616123424105,0.00650616123424105,0.00766289369281418,0.0806607787822057,0.0806607787822057,0.0875379556538428,0.466025459974299,454.045590406248,0.373788101370407,0.509308585642571,0.116719371420015,0.308105242685509,30.3831580109547,0.308105242685509,0.691894757314491,0.5,0.00700921814825517,0.00700921814825517,0.00822824276238147,0.0837210735015684,0.0837210735015684,0.0907096619019473,0.478830507832694,455.122265047608,0.390238947698474,0.529373996313026,0.126932380375931,0.313710062147286,32.624751391199,0.313710062147286,0.696872670791918,0.5,0.00764784953193395,0.00764784953193395,0.00893170876841644,0.087451984147805,0.087451984147805,0.0945077180347347,0.493651916371751,455.894103262491,0.428345340942071,0.564911500300801,0.14800689479904,0.329144138460229,36.9416524757202,0.329144138460229,0.705793536380945,0.5,0.00965566910705145,0.00965566910705145,0.0110471681172633,0.0982632640426145,0.0982632640426145,0.105105509446163,0.536893906352184,456.647862690454,2806.30556895881,2707.90434614538,4123.35387363055,2255.02463730442,2565.44094038945,2255.02463730442,2255.0246373043,NA,2086.4263531256,2086.4263531256,2197.59168721611,2183.97210903448,2183.97210903448,2284.94020095662,2158.5666450339,2286.94039593137,1.00093028049674,1.00173929852621,1.0011713172095,1.00084664462383,1.0001986782978,1.00084664462383,1.00084664462383,NA,1.00018627529466,1.00018627529466,1.00022128379361,1.00016098645777,1.00016098645777,1.0001928161562,1.00074854233453,1.00067101391618
"TARGET.30.PAKGCI.01A",0.441523630512625,0.429585543294298,0.128890826193077,0.311424674449387,27.5660883896141,0.311424674449387,0.688575325550613,0.5,0.00790141503729243,0.00790141503729243,0.00920215685069694,0.0886855084451856,0.0886855084451856,0.0957479985687528,0.488293735603573,422.227124975403,0.000847001431608643,0.00112053982923665,0.000318126961628491,0.000291122414506345,0.077826089916857,0.000291122414506345,0.000291122414506341,NA,2.98022485248148e-05,2.98022485248148e-05,2.9740877100908e-05,0.000160092203387166,0.000160092203387166,0.000149093727498971,0.000810604349478219,0.0331775288918672,0.0318199657312634,0.0401149607868945,0.0166084230073783,0.0100348417998091,3.24112499125989,0.0100348417998091,0.0100348417998091,0,0.00110086387245902,0.00110086387245902,0.00115064154266316,0.00602496196105647,0.00602496196105647,0.00587213172676044,0.0274860648484082,1.52483188314177,0.387845902072475,0.339120644746824,0.0986404169302284,0.295500870142289,21.0369707893635,0.295500870142289,0.665593089390659,0.5,0.0062545696188419,0.0062545696188419,0.00741503282516278,0.079085836840456,0.079085836840456,0.0861105848605655,0.447022188972424,418.27320902558,0.4200606169344,0.407808558918052,0.117638676512881,0.304650052094268,25.4489100601373,0.304650052094268,0.683270454410908,0.5,0.0071323395281628,0.0071323395281628,0.00838947130226047,0.0844531795022583,0.0844531795022583,0.0915940571336734,0.469907771798322,421.481726797585,0.438804911936857,0.433686494356378,0.128073205119691,0.31010940329447,27.58872193847,0.31010940329447,0.68989059670553,0.5,0.00774564004759865,0.00774564004759865,0.00906167385064008,0.0880093179361948,0.0880093179361948,0.095192824567655,0.484079999460281,422.575748506766,0.459565229934458,0.456308674005315,0.139116829473604,0.316729545589092,29.7992556383211,0.316729545589092,0.695349947905732,0.5,0.00845282969148801,0.00845282969148801,0.0098236034270305,0.0919392717584027,0.0919392717584027,0.0991140929748904,0.50182257187925,423.343365363954,0.513769065435446,0.496711490425784,0.164218684550657,0.334406910609341,33.7152924218649,0.334406910609341,0.704499129857711,0.5,0.0105532827619376,0.0105532827619376,0.0118838403340623,0.102729171833165,0.102729171833165,0.109013028169149,0.552537294193215,424.105933700131,1411.33829717192,1281.61667104333,2725.56058298665,1188.1458934109,1734.36753746318,1188.1458934109,1188.14589341094,NA,1364.48628568865,1364.48628568865,1496.83026147354,1416.34239414189,1416.34239414189,1551.21799189055,1149.7602082057,2112.30125111221,1.00118072772208,1.00108021963838,1.00054285519334,1.00153602807414,1.00019053911492,1.00153602807414,1.00153602807414,NA,1.00065239254842,1.00065239254842,1.00049621588047,1.00055867864422,1.00055867864422,1.00041648254232,1.00158674360142,1.0014727790861
"TARGET.30.PAKHAV.01A",0.151814573861944,0.416397473402256,0.4317879527358,0.325805883316501,19.2579247944857,0.325805883316501,0.674194116683499,0.5,0.0115637128861848,0.0115637128861848,0.0131514285442667,0.107310172605024,0.107310172605024,0.114491974541553,0.528759334976104,369.135075324477,0.000517706905262491,0.00133904080733035,0.000875921463986856,0.000288982687927427,0.0412440034495489,0.000288982687927427,0.000288982687927427,NA,3.01442367606893e-05,3.01442367606893e-05,2.92207790436423e-05,0.000137924823394047,0.000137924823394047,0.000125732956276843,0.000852071942895307,0.0283081945204688,0.0257462318262436,0.061467817831269,0.042569867815688,0.0135213598697132,2.18333849786951,0.0135213598697132,0.0135213598697132,0,0.00150986755987218,0.00150986755987218,0.00151719146407188,0.00694591767776778,0.00694591767776778,0.00655909197633524,0.0395035986727568,1.42984800371006,0.106546623534016,0.284811266714284,0.357904655263864,0.30117020938517,15.1894055302487,0.30117020938517,0.646335742257407,0.5,0.0089696788834274,0.0089696788834274,0.0105062867276519,0.0947083886537444,0.0947083886537444,0.102500179149479,0.46107948164154,365.440383600477,0.134217870264329,0.379669930445707,0.401746512190282,0.316210176580661,17.7783856708456,0.316210176580661,0.665310756802547,0.5,0.0104978288322557,0.0104978288322557,0.0120865295719916,0.102458912897806,0.102458912897806,0.109938753727407,0.500407628870642,368.46555150764,0.14988391882892,0.421162902353215,0.427956333971669,0.325131599107552,19.1890164894591,0.325131599107552,0.674868400892448,0.5,0.0114275145785942,0.0114275145785942,0.0130282862708597,0.10689955368688,0.10689955368688,0.114141518606533,0.525287201266143,369.46741065466,0.167127746542091,0.458731109425181,0.458345788364623,0.334689243197453,20.6841838744318,0.334689243197453,0.683789823419339,0.5,0.0124597858732349,0.0124597858732349,0.0140620191725852,0.111623410954897,0.111623410954897,0.118583384883046,0.553390510826365,370.180756481138,0.2067170664661,0.524718678344015,0.524133169420716,0.353664257742593,23.7952767394175,0.353664257742593,0.69882979061483,0.5,0.0149463299710541,0.0149463299710541,0.0164588403394287,0.122255183791488,0.122255183791488,0.128292011955692,0.614352256557366,370.873576031655,2473.20112545515,2107.21071656971,2361.96939529011,2189.25873277926,2802.33800128435,2189.25873277926,2189.25873277926,NA,2508.81781005969,2508.81781005969,2695.85916676297,2536.14681328991,2536.14681328991,2721.37999511334,2149.41755161127,2551.26402001726,1.00076051759239,1.00100532994453,1.00079644962297,1.00149298329969,1.00083092913157,1.00149298329969,1.00149298329969,NA,1.00071810411299,1.00071810411299,1.0005537156998,1.00079597265472,1.00079597265472,1.0006197133692,1.00141954599595,1.00057903472289
"TARGET.30.PAKINP.01A",0.0783525231518998,0.422487268772849,0.499160208075252,0.25587111064345,24.8884851549501,0.25587111064345,0.74412888935655,0.5,0.00769554474203545,0.00769554474203545,0.0101046459910529,0.0876539504686734,0.0876539504686734,0.10044673936042,0.358573997087753,332.383766072609,0.000167446032658292,0.000338066593648596,0.000259782284785614,7.70679443693332e-05,0.0275547539445444,7.70679443693332e-05,7.70679443693335e-05,NA,9.10581108365768e-06,9.10581108365768e-06,1.14717397771706e-05,5.12839705228265e-05,5.12839705228265e-05,5.65391129791831e-05,0.000158398320323943,0.024713921129745,0.0121426286606918,0.0229560966905047,0.019602747764992,0.00530086417086138,1.90838819417867,0.00530086417086138,0.00530086417086138,0,0.000620149268366543,0.000620149268366543,0.000785659509460419,0.00351158805629804,0.00351158805629804,0.00388592723381516,0.0108750159828894,1.4169071361623,0.0555571865955071,0.377972825676111,0.460702445249566,0.245549061164745,21.1668183600052,0.245549061164745,0.733671200972905,0.5,0.0066050255294982,0.0066050255294982,0.00868813354408968,0.0812713081553529,0.0812713081553529,0.0932101578839325,0.337750027868583,328.79221761665,0.0700591752158598,0.406894498383081,0.485765231655796,0.252248408365283,23.6002955682886,0.252248408365283,0.740594724472186,0.5,0.00726267405516741,0.00726267405516741,0.00955772230546494,0.0852213239462334,0.0852213239462334,0.0977636041952184,0.351090750437428,331.705175990544,0.0780930713182784,0.42260626246133,0.498951222024314,0.255772459778766,24.8724952970861,0.255772459778766,0.744227540221234,0.5,0.00765084682284239,0.00765084682284239,0.010051263333817,0.0874691192373848,0.0874691192373848,0.100255989017194,0.358253882892876,332.723036561933,0.0862030202260572,0.43764679711113,0.512569291400308,0.259405275527814,26.156859556451,0.259405275527814,0.747751591634717,0.5,0.00807735858851968,0.00807735858851968,0.01059308767386,0.0898741263525359,0.0898741263525359,0.102922726707814,0.365747110836161,333.413055986473,0.103166065139425,0.467513438246929,0.537590484952746,0.266328799027096,28.7748801324332,0.266328799027096,0.754450938835255,0.5,0.00904680600010536,0.00904680600010536,0.0118109389776102,0.0951146991554036,0.0951146991554036,0.108678143973883,0.380346547622119,334.139690723892,5258.66739982665,4610.96234122363,5693.96560316947,4730.92215070748,4796.67581960038,4730.92215070748,4730.92215070744,NA,4638.26117541238,4638.26117541238,4690.40310859987,4688.607119341,4688.607119341,4723.79830956281,4713.6644561306,3286.99817130352,0.999741800091916,1.00048500191348,1.00027877720004,1.00010232758796,1.00024148910204,1.00010232758796,1.00010232758796,NA,1.00044368148656,1.00044368148656,1.00045235444826,1.00038204852339,1.00038204852339,1.00039564274684,1.00008876514774,1.00038599888425
"TARGET.30.PAKYZS.01A",0.263017107526938,0.530400854496654,0.206582037976407,0.427106872730328,14.0692108936166,0.427106872730328,0.572893127269672,0.5,0.0177631681424365,0.0177631681424365,0.0182217647050599,0.132754051888703,0.132754051888703,0.134593799102887,1.11782642831477,488.740923909268,0.0015660846332314,0.00236378911515824,0.00125257306967235,0.00117560176979901,0.0631760403215451,0.00117560176979901,0.001175601769799,NA,8.03502228650753e-05,8.03502228650753e-05,7.09362452164711e-05,0.000312331550507299,0.000312331550507299,0.000271165283419619,0.0150678995021136,0.0459694263311998,0.0754524786576578,0.113704117760308,0.0661982042859044,0.0436504820409773,2.39858895622949,0.0436504820409773,0.0436504820409773,0,0.00303856301135167,0.00303856301135167,0.00270077819614183,0.0118130137128326,0.0118130137128326,0.0103095700208999,0.499997271015705,1.76287719277674,0.130683571482222,0.31010237135166,0.0884920232653558,0.341388078609051,11.2562783622163,0.341388078609051,0.503314921006129,0.5,0.0113623285866129,0.0113623285866129,0.0124358532378005,0.106594223983068,0.106594223983068,0.111516156839352,0.574073813249564,484.393054749563,0.209840191403164,0.449744490792282,0.159410094692396,0.394247450995643,12.28290935121,0.394247450995643,0.53669830493066,0.5,0.0155522749898983,0.0155522749898983,0.0163049741842463,0.124708760632143,0.124708760632143,0.127690932260574,0.776753088427857,487.793996644869,0.257845533014986,0.532907436641009,0.203110418815099,0.429308579325003,13.3036727298673,0.429308579325003,0.570691420674997,0.5,0.0184219068906666,0.0184219068906666,0.0187918032202741,0.135727325503864,0.135727325503864,0.137083198165926,0.978141941057098,489.086350757841,0.310110308067429,0.611458522301374,0.247767970707974,0.46330169506934,15.3327443109613,0.46330169506934,0.605752549004357,0.5,0.0202192715518059,0.0202192715518059,0.0203534840903173,0.142194484955622,0.142194484955622,0.142665637380001,1.30593876581675,490.083108398664,0.424477875761314,0.745037467158561,0.34733565608653,0.496685078993871,20.1031642418619,0.496685078993871,0.658611921390949,0.5,0.0221522574840308,0.0221522574840308,0.0222098274377391,0.148836344605787,0.148836344605787,0.149029619329126,2.50808720407949,491.065369098791,2321.22140090112,2313.84854650544,2793.09866545591,1378.66142989742,1441.47413843719,1378.66142989742,1378.66142989743,NA,1430.08655058305,1430.08655058305,1449.57751592977,1430.50605978807,1430.50605978807,1445.48280870492,1101.1077973458,1470.63856391347,1.00262178590351,1.00370357840791,1.00246745131279,1.00207031993656,1.00102410895787,1.00207031993656,1.00207031993656,NA,1.00102037248214,1.00102037248214,1.00086827187034,1.00106698778566,1.00106698778566,1.00090806232,1.00242130882553,1.001184458299
"TARGET.30.PAKZRH.01A",0.491387317066508,0.388894754814237,0.119717928119255,0.369960433592102,17.0982451741918,0.369960433592102,0.630039566407898,0.5,0.0138280152146662,0.0138280152146662,0.0148244988341029,0.117336808376105,0.117336808376105,0.121548707621225,0.677763077938004,466.579083611579,0.00161006973673564,0.00204964820170609,0.000557616238411691,0.00041837431973251,0.0449344102550044,0.00041837431973251,0.000418374319732509,NA,4.07291137584063e-05,4.07291137584063e-05,3.76098069316338e-05,0.000174299761443873,0.000174299761443873,0.000155116174177701,0.00161106829594788,0.0327425245854913,0.0661095349809871,0.0839164495314062,0.0289808159417173,0.0172207331555566,2.04100506567032,0.0172207331555566,0.0172207331555566,0,0.00181692981437181,0.00181692981437181,0.00172590446473101,0.00775216916683841,0.00775216916683841,0.0071004796890286,0.0663013407334418,1.48507545390278,0.367100163453906,0.222834916756773,0.0677764282056346,0.333380547374621,13.6497559532095,0.333380547374621,0.59903974347498,0.5,0.0102722366618872,0.0102722366618872,0.0114878234040043,0.101352043203693,0.101352043203693,0.107181264197682,0.549447806555017,462.822237309926,0.443783761199907,0.332271809828828,0.0997427956454932,0.358924690705953,15.6545853445591,0.358924690705953,0.618094237126134,0.5,0.0126171605821214,0.0126171605821214,0.0136669270781085,0.112326134899556,0.112326134899556,0.116905633208639,0.632657121081796,465.853747778278,0.491067822732896,0.389646920562617,0.118114101435823,0.371257157614789,16.9130815103496,0.371257157614789,0.628742842385211,0.5,0.0137948636868957,0.0137948636868957,0.0147814577648826,0.117451537609558,0.117451537609558,0.121579018603532,0.678395577265905,466.912858356639,0.536915786738119,0.448163418291308,0.138209223617793,0.381905762873866,18.2923343873767,0.381905762873866,0.641075309294047,0.5,0.0150320439322833,0.0150320439322833,0.0159697618640321,0.122605236152139,0.122605236152139,0.126371523151019,0.721562586493362,467.6637198731,0.621820416556683,0.546427509995023,0.179794265816648,0.40096025652502,21.7621730410349,0.40096025652502,0.666619452625379,0.5,0.0174386711836241,0.0174386711836241,0.0183153458130641,0.132055560970986,0.132055560970986,0.135334200418981,0.809543440103763,468.420276226671,1685.92725141019,1676.23749059106,2701.16051399721,1694.23338738038,2063.1465260807,1694.23338738038,1694.23338738039,NA,1990.06097096506,1990.06097096506,2105.86873310909,1978.1211986062,1978.1211986062,2095.37235398871,1693.62290606981,2057.18199797177,1.0006697351748,1.00076584055303,1.00066975604591,1.00061652090788,1.00059878001752,1.00061652090788,1.00061652090788,NA,1.00057007245267,1.00057007245267,1.0005458546832,1.00058940435871,1.00058940435871,1.00055736720217,1.00050653410285,1.00158784930879
"TARGET.30.PALBFW.01A",0.109952688902781,0.530469520502621,0.359577790594598,0.397656268710327,18.5826693205578,0.397656268710327,0.602343731289673,0.5,0.0131918647680808,0.0131918647680808,0.013779394545784,0.11440119991493,0.11440119991493,0.117058606697394,0.820726030296184,578.225595498957,0.000904086532385312,0.0033601101499642,0.00261073284945105,0.00101044377039716,0.08709874242291,0.00101044377039716,0.00101044377039717,NA,6.27334654930057e-05,6.27334654930057e-05,5.4229136606365e-05,0.00028721558173531,0.00028721558173531,0.000240436668315832,0.00457800090993133,0.027481649570958,0.0386692520178195,0.124789372216748,0.0988414035474064,0.0349194299678275,3.08984196730608,0.0349194299678275,0.0349194299678275,0,0.00225863480275621,0.00225863480275621,0.001998185724194,0.0102099586929701,0.0102099586929701,0.00875709596214273,0.165142195996584,1.38030151108465,0.0488288580054123,0.293126287880655,0.187045547475079,0.317142019578449,14.719519537169,0.317142019578449,0.553174708442993,0.5,0.00826125655791688,0.00826125655791688,0.00938326921140483,0.0908914547836708,0.0908914547836708,0.0968672762083714,0.502949155098715,574.713778863986,0.0803313642822641,0.439113967059119,0.282581344035225,0.377838817132858,16.4241833904695,0.377838817132858,0.576917322083748,0.5,0.0118331078192703,0.0118331078192703,0.0125612685222444,0.108780089259336,0.108780089259336,0.112077065098736,0.704633407647223,577.600467534963,0.105706536194659,0.526644206641721,0.362271788327649,0.406708067730548,17.7527642885574,0.406708067730548,0.593291932269452,0.5,0.0135966340376892,0.0135966340376892,0.0140823139393872,0.116604605558812,0.116604605558812,0.118668925752866,0.839437234036702,578.543319358106,0.134838348818252,0.629478315638023,0.430701158211238,0.423082677916252,19.9024485182134,0.423082677916252,0.622161182867142,0.5,0.0148210178699905,0.0148210178699905,0.0152214569248156,0.121741602872574,0.121741602872574,0.123375268691766,0.935938496360684,579.210288533335,0.193774707366368,0.751889444689089,0.548292642003569,0.446825291557008,26.6431662121296,0.446825291557008,0.682857980421551,0.5,0.0167292526764408,0.0167292526764408,0.0169842500249611,0.129341612162976,0.129341612162976,0.130323635706768,1.12051261017931,579.950948864328,1829.41208369362,1379.26644502821,1433.35227512207,1194.29053298677,1258.48709437192,1194.29053298677,1194.29053298676,NA,1296.26403904242,1296.26403904242,1357.70783360043,1263.66505505952,1263.66505505952,1326.53531069885,1301.2608431829,2522.68097497108,1.00139154290474,1.00074121996862,1.00039695997595,1.00047128346746,1.00026310738994,1.00047128346746,1.00047128346746,NA,1.00034862871767,1.00034862871767,1.00029046811883,1.00032583840724,1.00032583840724,1.0002780598578,1.0005218894947,1.00164291952263
"TARGET.30.PALEAC.01A",0.215812875408147,0.443113816073662,0.341073308518191,0.324183340620068,16.094338728363,0.324183340620068,0.675816659379932,0.5,0.0138368324879846,0.0138368324879846,0.0157787854106803,0.11732989517786,0.11732989517786,0.125363632591487,0.524828999058442,299.779711140354,0.000726259712136523,0.00155021363830721,0.000868596434535922,0.000334691694746796,0.0374566742118372,0.000334691694746796,0.000334691694746796,NA,3.99131616942959e-05,3.99131616942959e-05,3.91721218604653e-05,0.000165361550628977,0.000165361550628977,0.000152455083083216,0.000984427419329464,0.0325757348951486,0.0370224166663686,0.0751579798367235,0.0444912324598748,0.0164342324814674,1.99110278472365,0.0164342324814674,0.0164342324814674,0,0.00200967415605256,0.00200967415605256,0.00201856539369697,0.0083986309992962,0.0083986309992962,0.00792167143075478,0.0477942958619047,1.5155745316779,0.145050846570416,0.285209213148948,0.25827790007032,0.293620619183389,12.3231984751252,0.293620619183389,0.642071176124478,0.5,0.0105158955258274,0.0105158955258274,0.0124711557275598,0.102547040533724,0.102547040533724,0.111674328827367,0.442445984475143,295.843631854852,0.191142254932514,0.394493963827854,0.310528138038549,0.312766859086619,14.7381909169026,0.312766859086619,0.664999076570059,0.5,0.0124453873619476,0.0124453873619476,0.0143939003843167,0.111558896381901,0.111558896381901,0.119974582241988,0.491126757627205,299.065398612017,0.214084393261256,0.446816033641428,0.338339727647875,0.323562716351481,16.0686766237524,0.323562716351481,0.676437283648519,0.5,0.0136099777281734,0.0136099777281734,0.0155582196252837,0.116661809182756,0.116661809182756,0.124732592473995,0.520821309552104,300.109913724785,0.239470510757262,0.493690507117845,0.369355932695403,0.335000923429941,17.3684681245051,0.335000923429941,0.687233140913381,0.5,0.0149907557112982,0.0149907557112982,0.0169627331955194,0.122436741672172,0.122436741672172,0.130241058005124,0.554334110543877,300.895775297324,0.293693165013725,0.583824254250539,0.433325166644611,0.357928823875522,20.0462576319659,0.357928823875522,0.706379380816611,0.5,0.0183834169638158,0.0183834169638158,0.0202869409695304,0.135585460001128,0.135585460001128,0.142432232900812,0.629139963046332,301.645878346418,2598.63702627602,2350.53698861667,2623.69161984759,2411.06534759087,2825.71874274433,2411.06534759087,2411.06534759088,NA,2535.23973085045,2535.23973085045,2655.40918478326,2579.57363190509,2579.57363190509,2699.91338689958,2357.13649536715,2164.54267825936,1.00158160608478,1.00176474843739,1.00138852505179,1.00066109239414,1.00029215281212,1.00066109239414,1.00066109239414,NA,1.00032417860898,1.00032417860898,1.00029192149604,1.00033262621928,1.00033262621928,1.00029166263517,1.00066080197481,1.00076766114033
"TARGET.30.PALETP.01A",0.0829301426482656,0.586555476934057,0.330514380417678,0.335659219654602,18.5049047072122,0.335659219654602,0.664340780345398,0.5,0.0126437273973079,0.0126437273973079,0.0141223391439442,0.111492670185288,0.111492670185288,0.118180882599679,0.571869239201275,453.722432150733,0.000594512863306002,0.00323659488594193,0.002829095839228,0.0013524713746759,0.128845868958917,0.0013524713746759,0.0013524713746759,NA,0.000114684085504035,0.000114684085504035,0.0001013914192697,0.000506097377746145,0.000506097377746145,0.000423838769310978,0.00451694541846682,0.0410707999083068,0.0250327744256208,0.100454008935697,0.0853928738539458,0.0384040910843005,3.88953412710639,0.0384040910843005,0.0384040910843005,0,0.00331408857157562,0.00331408857157562,0.00298231879490193,0.0145992648643421,0.0145992648643421,0.0124754794137736,0.129218295190231,1.48346347667265,0.04276689549232,0.344876703127851,0.221081043634896,0.280277836314442,12.4812253426681,0.280277836314442,0.589518185570305,0.5,0.00787549236625078,0.00787549236625078,0.00954596605245017,0.0887439708604762,0.0887439708604762,0.0977034597751648,0.411122121268386,450.195759971076,0.0658540319548459,0.529064999963302,0.266130370469979,0.302833375726656,15.1688986411719,0.302833375726656,0.632676830337339,0.5,0.00979996688443863,0.00979996688443863,0.0116398097188087,0.0989947821002185,0.0989947821002185,0.107887949828462,0.465279460485327,452.9697174676,0.0796801709974373,0.615519074830393,0.304575220653638,0.328676499819496,18.1946888101436,0.328676499819496,0.671323500180504,0.5,0.012097997089811,0.012097997089811,0.0137402735276529,0.109990895485784,0.109990895485784,0.117218912782394,0.535527257701895,453.973678253498,0.0963521516978683,0.661358460142116,0.381034026955975,0.367323169662661,21.478014339813,0.367323169662661,0.697166624273344,0.5,0.0153064189446104,0.0153064189446104,0.0164810910829332,0.12371911260654,0.12371911260654,0.128378701819041,0.663345887176566,454.741423272339,0.143286124148313,0.718917729927919,0.533139785036012,0.410481814429695,26.1890728156414,0.410481814429695,0.719722163685558,0.5,0.0193389070334593,0.0193389070334593,0.0200300846599407,0.139064398812101,0.139064398812101,0.141527681583721,0.860083157807131,455.839085726754,1772.94580439211,963.291791404065,911.062014211648,806.304007260136,911.284902235361,806.304007260136,806.304007260136,NA,835.068132193762,835.068132193762,865.178515598351,832.1350235056,832.1350235056,866.389395579041,818.38625856648,1304.63009893193,1.00263447834492,1.00243657206321,1.0020818164203,1.00223916400572,1.00179505102811,1.00223916400572,1.00223916400572,NA,1.00215483267496,1.00215483267496,1.00209128496977,1.00209717412875,1.00209717412875,1.00203737957454,1.00226011011665,1.00375753776181
"TARGET.30.PALEVG.01A",0.0614320365287301,0.529962215095608,0.408605748375662,0.313662433738636,19.6128201543164,0.313662433738636,0.686337566261364,0.5,0.0112592304120925,0.0112592304120925,0.0130429064616095,0.10565948446258,0.10565948446258,0.113866774377705,0.496850117023421,426.769603659773,0.000333073206509542,0.00164833640167005,0.00142743960717161,0.00055777418569286,0.0700355422453351,0.00055777418569286,0.000557774185692863,NA,5.65442572809896e-05,5.65442572809896e-05,5.25861547953719e-05,0.000254695772087544,0.000254695772087544,0.000222457361210539,0.00164489103591966,0.0381107617533542,0.0158592640402942,0.0608197327749301,0.0531434025107565,0.0204983889818082,2.88256885769512,0.0204983889818082,0.0204983889818082,0,0.0021407782205541,0.0021407782205541,0.00205592557880351,0.00976297442652873,0.00976297442652873,0.00879055252262829,0.0591841176415138,1.5735603203856,0.0339283951672302,0.369264186628824,0.333782701565222,0.283752320156001,13.924708463218,0.283752320156001,0.635522264175259,0.5,0.00825185421674229,0.00825185421674229,0.00998578873961493,0.0908397171749458,0.0908397171749458,0.0999289184095632,0.419091840856848,422.795196763099,0.0506135525774157,0.502716977466343,0.372436117276738,0.299049139997641,17.6070419118479,0.299049139997641,0.675345702094814,0.5,0.00969724914128013,0.00969724914128013,0.011545715117932,0.0984746116472525,0.0984746116472525,0.107450989375274,0.455773849035432,425.948840155636,0.0601749612839232,0.541421873066735,0.398168188780021,0.309778350417265,19.6879166187101,0.309778350417265,0.690221649582735,0.5,0.0108293225410759,0.0108293225410759,0.0126981439858506,0.104064030948477,0.104064030948477,0.112686041663451,0.48320906504225,427.093024029326,0.0708017074372844,0.570695390338335,0.432313989817549,0.324654297905186,21.6530546150088,0.324654297905186,0.700950860002359,0.5,0.0123786524938116,0.0123786524938116,0.014198864403899,0.111259392796225,0.111259392796225,0.119158987888141,0.523924316319305,427.951756376047,0.0964186115258832,0.615241106557184,0.550308311987807,0.364477735824741,25.0355787640485,0.364477735824741,0.716247679843999,0.5,0.016530014353992,0.016530014353992,0.0179536972561998,0.128569103376843,0.128569103376843,0.133991407388218,0.652736081414615,428.8189771675,2267.18345378223,1361.43626857565,1386.06382024475,1350.58722845958,1694.0350420596,1350.58722845958,1350.58722845957,NA,1433.39652648881,1433.39652648881,1528.52289678499,1469.33502730662,1469.33502730662,1561.48847680017,1294.60144295288,1704.79252473636,1.00026135555118,1.00084557052466,1.00073061920566,1.00081282732249,1.00051176139324,1.00081282732249,1.00081282732249,NA,1.00072585161918,1.00072585161918,1.00064283032316,1.00069236329513,1.00069236329513,1.00060723153391,1.00080829502619,1.00091897947434
"TARGET.30.PALFSE.01A",0.115666002317342,0.497405950278121,0.386928047404537,0.358152039508102,18.4116954549751,0.358152039508102,0.641847960491898,0.5,0.0128114883807844,0.0128114883807844,0.0139150740078567,0.112725974590345,0.112725974590345,0.117604124924059,0.637534658848814,472.782663883105,0.000668276964439089,0.00205842771898686,0.00153246376006065,0.000583939045716567,0.0653221939074738,0.000583939045716567,0.000583939045716562,NA,5.41383401031638e-05,5.41383401031638e-05,4.96127792211572e-05,0.000237712145124507,0.000237712145124507,0.000209226179542689,0.0021725569139692,0.0297568080923813,0.0306409766318823,0.0865868827826411,0.0659992155092783,0.0239970761410663,2.91098305764435,0.0239970761410663,0.0239970761410663,0,0.00231936104767718,0.00231936104767718,0.00217098358012736,0.0102154822671754,0.0102154822671754,0.00918446258619754,0.0888785697616992,1.44246114679492,0.0639893727531697,0.303969884147893,0.282362119201533,0.315749169169916,13.5114761628122,0.315749169169916,0.593463370377431,0.5,0.00885231098214837,0.00885231098214837,0.0101268996693666,0.0940867205408479,0.0940867205408479,0.10063249792106,0.499155029054931,469.094763840107,0.0938074213030141,0.443473792354161,0.338058191704797,0.340082157339315,16.2406830338126,0.340082157339315,0.624812022748644,0.5,0.0110890232515317,0.0110890232515317,0.0123107413798544,0.10530443129164,0.10530443129164,0.110953780370184,0.569973949692952,472.068681071057,0.112945630404379,0.506672111924952,0.378556233825907,0.357560356035048,18.1125493616062,0.357560356035048,0.642439643964952,0.5,0.0126704174813528,0.0126704174813528,0.013802584885294,0.112562948966491,0.112562948966491,0.117484402728904,0.627844869962243,473.091638727324,0.134948433199526,0.560820109687944,0.426978231543129,0.375187977251356,20.3074690955988,0.375187977251356,0.659917842660685,0.5,0.0143575462081582,0.0143575462081582,0.0153934412416057,0.119822978624279,0.119822978624279,0.124070307654716,0.693899660620578,473.83977294347,0.182892272839468,0.636846953586613,0.536650827581167,0.406536629622569,24.6867265675828,0.406536629622569,0.684250830830084,0.5,0.0177200700686359,0.0177200700686359,0.0185027895536939,0.13311675277538,0.13311675277538,0.136024959304125,0.838519249919347,474.603014163375,2102.28806523187,1769.42829072289,1854.80014289552,1688.81324895137,1985.90207951304,1688.81324895137,1688.8132489514,NA,1835.38359775858,1835.38359775858,1914.81122719658,1846.77933474558,1846.77933474558,1926.97219825845,1673.6004726518,2349.82521616576,1.0038069699701,1.00402838669545,1.00320296294686,1.00219525505537,1.00037326659241,1.00219525505537,1.00219525505537,NA,1.00074532484081,1.00074532484081,1.00049073726468,1.00071654357556,1.00071654357556,1.00046163696073,1.00224335298782,1.00065853325676
"TARGET.30.PALHVD.01A",0.140595266379195,0.459689093225392,0.399715640395413,0.240870286909744,18.6908819358203,0.240870286909744,0.759129713090256,0.5,0.00986202547868296,0.00986202547868296,0.0134773858404595,0.0991842165975772,0.0991842165975772,0.11598093929131,0.328905553024984,170.57300405566,0.00023640335652863,0.000542345429492569,0.000405399466763279,0.000153595313352628,0.0252273207163911,0.000153595313352628,0.000153595313352626,NA,1.70248131408946e-05,1.70248131408946e-05,1.90715724509916e-05,8.40262701461296e-05,8.40262701461296e-05,8.09702935151015e-05,0.000299831019892803,0.0264244471481762,0.0141071413240115,0.0286741035240439,0.0236081503482435,0.00841498905571719,1.61441356764132,0.00841498905571719,0.00841498905571719,0,0.000994438315717568,0.000994438315717568,0.00118857304513171,0.00495173924727905,0.00495173924727905,0.00508043186289357,0.0163445535537453,1.41502188764086,0.113587280866924,0.400837084401499,0.355045197548276,0.225645637090315,15.498874954626,0.225645637090315,0.741463916823745,0.5,0.00819417904092486,0.00819417904092486,0.0114371400971226,0.0905217048055768,0.0905217048055768,0.106944565533241,0.300093766172366,167.003611472997,0.130953355308361,0.441068818209604,0.383593702618871,0.235002004213841,17.5984625360906,0.235002004213841,0.753743654513219,0.5,0.00917146827494464,0.00917146827494464,0.0126382763913156,0.0957677830738699,0.0957677830738699,0.112420088912641,0.317442917782209,169.85698690723,0.140233240731275,0.460144621426865,0.399174174090349,0.240515033504931,18.6752988506553,0.240515033504931,0.759484966495069,0.5,0.00975497821054586,0.00975497821054586,0.013386666634623,0.0987672932227133,0.0987672932227133,0.115700763326839,0.327954665042242,170.877205862382,0.149984374839068,0.479453828893012,0.415190269628053,0.246256345486781,19.781178403946,0.246256345486781,0.764997995786159,0.5,0.0104609547715293,0.0104609547715293,0.0142057864138614,0.102278809004754,0.102278809004754,0.119188029658438,0.339141787612234,171.636367989354,0.169072661824926,0.512559267504002,0.44800343468055,0.258536083176255,21.8586113206241,0.258536083176255,0.774354362909685,0.5,0.0121535566261841,0.0121535566261841,0.0161302030467873,0.110243169955812,0.110243169955812,0.127004736315412,0.363944024784094,172.373313105713,3560.99002527327,2795.29552070444,3391.23259929086,3001.58870457322,4095.3152689976,3001.58870457322,3001.58870457329,NA,3411.85833832857,3411.85833832857,3883.99578304171,3472.84469632024,3472.84469632024,3936.85876809657,2971.61814033312,2867.57308639968,1.00041001869124,1.00124223547354,1.00065195428644,1.00113590438382,0.999759188502419,1.00113590438382,1.00113590438382,NA,0.999943979697347,0.999943979697347,0.999751886993206,0.999946467872138,0.999946467872138,0.99975155998669,1.00111764268025,1.00218548979805
"TARGET.30.PALIIN.01A",0.25355898233972,0.493687579208481,0.2527534384518,0.260861884713406,21.4403789408105,0.260861884713406,0.739138115286594,0.5,0.00908456874781845,0.00908456874781845,0.0117736583142032,0.0951708265324697,0.0951708265324697,0.10837291057738,0.369091792927064,203.366925086446,0.000301232818555851,0.000500478049376835,0.000284585292836773,0.000148787066789078,0.0323690632114877,0.000148787066789078,0.000148787066789077,NA,1.70878512132373e-05,1.70878512132373e-05,1.91347919336125e-05,8.70577645824865e-05,8.70577645824865e-05,8.62161353588004e-05,0.00031559146691611,0.0271055622909673,0.0192893485878172,0.0285450126492607,0.0190097083024936,0.00835664043596332,2.07795909283314,0.00835664043596332,0.00835664043596332,0,0.00100808730783567,0.00100808730783567,0.00118279980495287,0.00520441261660138,0.00520441261660138,0.00538276777913762,0.017610331995085,1.44435136791769,0.217016691894947,0.436034133384575,0.215127775673405,0.245498522840292,17.2791632137877,0.245498522840292,0.721497301566937,0.5,0.0074423585132538,0.0074423585132538,0.00981658812353301,0.0862691052069146,0.0862691052069146,0.0990786966009605,0.337650729294865,199.75274255249,0.240333199763071,0.474881287513912,0.239933431280139,0.255172975810486,20.0643725001625,0.255172975810486,0.733891948071576,0.5,0.00838748665192693,0.00838748665192693,0.0109419576462132,0.0915832225229617,0.0915832225229617,0.104603812768521,0.357028080472969,202.633937305425,0.253473478178798,0.49378835096118,0.252395402096817,0.260498658478709,21.4555311269369,0.260498658478709,0.739501341521291,0.5,0.00896294174465386,0.00896294174465386,0.0116520070522617,0.0946728141771475,0.0946728141771475,0.107944462814213,0.368024540130515,203.7101676874,0.266345449439974,0.512986152024688,0.265208699979552,0.266108051928424,22.8478310855407,0.266108051928424,0.744827024189515,0.5,0.00964742485280414,0.00964742485280414,0.0124598962696858,0.09822130548881,0.09822130548881,0.111623905454136,0.379874425043661,204.438357708382,0.292451380070873,0.548885348104442,0.290877401012706,0.278502698433063,25.4670968364085,0.278502698433063,0.754501477159708,0.5,0.0114229367344221,0.0114229367344221,0.0144682932353767,0.106878139638106,0.106878139638106,0.120284218548895,0.407098846090883,205.170662751708,4100.44085751089,3253.04754548656,4461.96337367867,3154.51842105261,4121.10543682707,3154.51842105261,3154.51842105266,NA,3480.33770001585,3480.33770001585,3820.98207295031,3573.78497987848,3573.78497987848,3897.93133837615,3113.75603892743,2839.41500006309,1.00081756629222,1.00067072958238,0.99990623508976,1.00034057992132,1.00045553056438,1.00034057992132,1.00034057992132,NA,1.00052584447512,1.00052584447512,1.00059764928684,1.00049166739795,1.00049166739795,1.00056432401609,1.00032762093737,1.00010385514564
"TARGET.30.PALKKV.01A",0.249686786442572,0.548031784948229,0.202281428609199,0.435440599564009,14.703713702085,0.435440599564009,0.564559400435991,0.5,0.0170523191721771,0.0170523191721771,0.0174356245423315,0.13004727528949,0.13004727528949,0.131677871332342,1.22358184472827,525.768812388814,0.00212427217261214,0.00348477889221462,0.00166975264255999,0.00178742155654985,0.0920198337443663,0.00178742155654985,0.00178742155654985,NA,9.921669486485e-05,9.921669486485e-05,8.28550810844617e-05,0.000412697039531209,0.000412697039531209,0.000334233077926039,0.0172709284603956,0.0418267316894716,0.0842204840745908,0.125219190282688,0.0721281660404935,0.050421084569821,2.64517122428947,0.050421084569821,0.050421084569821,0,0.00288203268135276,0.00288203268135276,0.00246431107394788,0.0118339709022402,0.0118339709022402,0.00982724862647851,0.534161831483234,1.65327781319,0.0979740773008131,0.317434342977547,0.0849806799969349,0.304187187352533,12.0886593751151,0.304187187352533,0.502802066142165,0.5,0.00942909128046897,0.00942909128046897,0.0110410643256005,0.0971035080552547,0.0971035080552547,0.105076468934703,0.468724466652033,521.762948568969,0.189149745604253,0.45830391985762,0.149315059513065,0.412636725506778,13.0381481220618,0.412636725506778,0.525808389695354,0.5,0.015763234465284,0.015763234465284,0.0162470660697233,0.125551720214328,0.125551720214328,0.127463979457384,0.872266553136867,524.9240418628,0.248179283378731,0.543377582447007,0.196527365706862,0.446031538457122,13.8024311218027,0.446031538457122,0.553968461542878,0.5,0.0179128720886857,0.0179128720886857,0.0181127511395594,0.133838978211191,0.133838978211191,0.134583621362385,1.11310413746278,526.107472167746,0.30549847005819,0.635124843329849,0.246572390959825,0.474191610304645,15.3873936118839,0.474191610304645,0.587363274493222,0.5,0.019095237414253,0.019095237414253,0.0191745022116803,0.138185518081203,0.138185518081203,0.138472026819964,1.48195450409818,526.995196330323,0.419468883415581,0.797492966143182,0.363287218582777,0.497197933857834,22.6427446477902,0.497197933857834,0.695812812647467,0.5,0.0206411666040712,0.0206411666040712,0.020680539714699,0.143670340028263,0.143670340028263,0.143807300608837,2.59212565879245,527.928236201143,1571.86464801414,1291.19348860714,1865.97362429868,795.738523741826,826.313200136689,795.738523741826,795.738523741826,NA,843.778181854761,843.778181854761,884.611872825918,822.239407112179,822.239407112179,864.500065912389,956.564664737835,1562.36972330318,1.00249226031858,1.00283920007896,1.001358261847,1.00482107727675,1.00504894417715,1.00482107727675,1.00482107727675,NA,1.00457496197133,1.00457496197133,1.00429069174928,1.00484040241665,1.00484040241665,1.00450576188514,1.00260712162343,1.00111074260039
"TARGET.30.PALKXJ.01A",0.0980070593836957,0.578791052135029,0.323201888481276,0.254489157260737,23.4816606667072,0.254489157260737,0.745510842739263,0.5,0.00814365086870678,0.00814365086870678,0.0107304039963552,0.0901400824943015,0.0901400824943015,0.103484904548285,0.355877291658867,304.858253757806,0.000195583922571735,0.000388217669504366,0.000285443667511517,0.000115431851623893,0.028950148970558,0.000115431851623893,0.000115431851623893,NA,1.15731097518448e-05,1.15731097518448e-05,1.39574748678685e-05,6.26990021300533e-05,6.26990021300533e-05,6.62370507667598e-05,0.000236998311518343,0.0258713513985841,0.0127510575230817,0.0253518095933764,0.0205933856577616,0.00764036020855825,2.05801642481151,0.00764036020855825,0.00764036020855825,0,0.000784397257840668,0.000784397257840668,0.000964578357858491,0.00429170117373858,0.00429170117373858,0.00461315370824966,0.0156451136330256,1.44107299666165,0.0737032922092043,0.528478842651023,0.284158278522805,0.240143059838765,19.4348468425753,0.240143059838765,0.729794950271553,0.5,0.00682595678831879,0.00682595678831879,0.00906239329448221,0.0826193486877394,0.0826193486877394,0.0951966033012477,0.327238424563659,301.218493476613,0.0892797822069471,0.561580431294844,0.309364267058768,0.249416505925171,22.1136888301702,0.249416505925171,0.740764782613401,0.5,0.00760689525978856,0.00760689525978856,0.0100669170640755,0.0872175169237542,0.0872175169237542,0.10033402744793,0.345407961911516,304.13474495899,0.09779002365543,0.578895950828073,0.322890005992903,0.254278420800435,23.4640977318827,0.254278420800435,0.745721579199565,0.5,0.00806164932351718,0.00806164932351718,0.0106545754673241,0.0897866878949029,0.0897866878949029,0.103221003030956,0.355204497696733,305.179766948515,0.106669856202098,0.595920089190745,0.336877344375902,0.259235217386599,24.8338193733004,0.259235217386599,0.750583494074829,0.5,0.00859581932976721,0.00859581932976721,0.0113052147031484,0.0927136415506396,0.0927136415506396,0.106325983193085,0.365393823646689,305.922402471156,0.122920570420327,0.627224025535664,0.364212172989856,0.270205049728448,27.5865318866884,0.270205049728448,0.759856940161235,0.5,0.00988785754209487,0.00988785754209487,0.0128634921791789,0.0994377068355107,0.0994377068355107,0.113417336304944,0.388710353916325,306.655009076485,4250.36381891275,4264.49227912501,5204.92744473862,4381.03117761579,5053.54418566404,4381.03117761579,4381.0311776158,NA,4593.79901287724,4593.79901287724,4775.96700631105,4685.30310547632,4685.30310547632,4850.58228782665,4357.79644106167,3102.65674370102,1.00034550567832,0.999823132537472,0.999674505532358,0.999921576076206,1.00059414620868,0.999921576076206,0.999921576076206,NA,1.00091861298307,1.00091861298307,1.00078409935559,1.00086120940037,1.00086120940037,1.00073433375684,0.999950535059179,1.00115453334689
"TARGET.30.PALLJJ.01A",0.201882180751054,0.551883560581708,0.246234258667238,0.413915358011866,12.2624586193658,0.413915358011866,0.586084641988134,0.5,0.0204426126549781,0.0204426126549781,0.0211988769164,0.142005572562574,0.142005572562574,0.144972417301054,1.05992626215778,406.475097862084,0.00175480382579802,0.0035862990784548,0.00211609927958026,0.00233603204568567,0.105967821910907,0.00233603204568567,0.00233603204568566,NA,0.000168601113386792,0.000168601113386792,0.000138692763358797,0.000644340730099767,0.000644340730099767,0.000508551417016962,0.0167176162447742,0.0459689796578161,0.0687355066569628,0.122681384068811,0.0814343062950454,0.0608897523466922,2.73606202735632,0.0608897523466922,0.0608897523466922,0,0.0044332092647976,0.0044332092647976,0.00372826071006385,0.0166452590618118,0.0166452590618118,0.0134869520471985,0.51350705524759,1.70330634155218,0.091810116003346,0.318571502477517,0.107116312615505,0.277756631525984,9.5729222131216,0.277756631525984,0.504354571321513,0.5,0.0102671678770068,0.0102671678770068,0.0125814207878192,0.10132703391582,0.10132703391582,0.112166932652732,0.405417532202708,402.241248205023,0.150044549515774,0.46261492112764,0.183693000838457,0.38220188402674,10.4081944062035,0.38220188402674,0.537471116541761,0.5,0.0180875118590769,0.0180875118590769,0.01910703811166,0.134489820644912,0.134489820644912,0.138228209660871,0.722817911536323,405.587576798998,0.19666356155185,0.549235453750015,0.243923241680951,0.424405164759073,11.2491178445274,0.424405164759073,0.575594835240927,0.5,0.0217340517832843,0.0217340517832843,0.0222239648915316,0.14742473259584,0.14742473259584,0.149077043473161,0.944610069663532,406.833839009945,0.245170069785732,0.643823093008059,0.301576681049457,0.462528883458239,13.0841843307921,0.462528883458239,0.61779811597326,0.5,0.0238606772014169,0.0238606772014169,0.0240195359813219,0.154469016962362,0.154469016962362,0.154982373127887,1.2955188552962,407.757455530944,0.34884111045444,0.777441052683051,0.414153840097618,0.495645428678487,19.8705698490101,0.495645428678487,0.722243368474016,0.5,0.0260506189954436,0.0260506189954436,0.0261153276329399,0.161402041483019,0.161402041483019,0.161602375084439,2.37169096988845,408.676384586404,1534.28179283636,1170.21140027272,1480.95793703569,679.408260827389,666.659176999091,679.408260827389,679.408260827391,NA,691.37805083047,691.37805083047,722.611627847982,667.344288409566,667.344288409566,703.327970678963,943.504826953981,1372.95340481954,1.00031280553729,1.00088894002621,1.00089737924947,1.00423758338786,1.00599791879949,1.00423758338786,1.00423758338786,NA,1.00504791679077,1.00504791679077,1.00497541272474,1.00538610860161,1.00538610860161,1.00522679492817,1.00251693764365,1.00282606308144
"TARGET.30.PALNVP.01A",0.149495751825598,0.41340559295699,0.437098655217411,0.226944832084884,19.2080989776866,0.226944832084884,0.773055167915116,0.5,0.00918528453966281,0.00918528453966281,0.0130879221410071,0.0957603927979596,0.0957603927979596,0.114322471037396,0.302608949833883,145.417373065697,0.000193348877749743,0.000390127330342164,0.000288769363504599,0.000109218347291831,0.0202440488183659,0.000109218347291831,0.000109218347291834,NA,1.19150689614397e-05,1.19150689614397e-05,1.4293143308673e-05,6.12349185773614e-05,6.12349185773614e-05,6.17742891219654e-05,0.000200673095020049,0.0236096529381138,0.0137956415443478,0.0246151110857778,0.0207612381292268,0.00649366265651601,1.42580680829917,0.00649366265651601,0.00649366265651601,0,0.000753793039656219,0.000753793039656219,0.000983541875819929,0.00390302639565582,0.00390302639565582,0.00427750441747313,0.0119204933516456,1.41524758782591,0.122698585788726,0.362594614374574,0.39715928899245,0.214663596624964,16.4711427772127,0.214663596624964,0.759597871207155,0.5,0.00787795938185147,0.00787795938185147,0.0113311466194266,0.0887578693985259,0.0887578693985259,0.106447858674282,0.280469625760925,141.795673620878,0.140072383967971,0.397341381307671,0.423004859779173,0.222653575979486,18.2564764402498,0.222653575979486,0.768948892447206,0.5,0.00865778590920073,0.00865778590920073,0.0124019849956525,0.093047224079366,0.093047224079366,0.111364199774674,0.294670372693405,144.714135370856,0.149396075295703,0.413263651810254,0.43698347456976,0.226802423735704,19.1858622166515,0.226802423735704,0.773197576264296,0.5,0.00912003288900247,0.00912003288900247,0.0130304281974913,0.0954988632837527,0.0954988632837527,0.114150900991701,0.30220642121043,145.741428496814,0.158751898601628,0.42999346301199,0.450840249810347,0.231051107552794,20.1580634411526,0.231051107552794,0.777346424020514,0.5,0.00964877474157567,0.00964877474157567,0.0136937705825554,0.0982281769219697,0.0982281769219697,0.117020385327944,0.31004336388947,146.472543247915,0.176399183305218,0.461352163707796,0.478538329238023,0.240402128792845,22.0630805221259,0.240402128792845,0.785336403375036,0.5,0.0108341580750359,0.0108341580750359,0.0151780604195159,0.10408726182567,0.10408726182567,0.123199271165481,0.327737156956621,147.173171502974,5090.96945811804,3980.98781590778,5168.97305609723,3534.99045911053,4960.51327782052,3534.99045911053,3534.99045911029,NA,4002.31369887296,4002.31369887296,4735.11154944018,4062.60582914472,4062.60582914472,4794.74395918429,3528.6628228045,3593.23516046963,1.00035601714856,1.00037560572283,1.00040473977999,1.00054572397515,0.999837889017455,1.00054572397515,1.00054572397514,NA,1.00018806114754,1.00018806114754,0.999953209316175,1.00015236512123,1.00015236512123,0.999922781682391,1.00056216513247,1.00015923064528
"TARGET.30.PALRIA.01A",0.14866845981485,0.54479349892363,0.30653804126152,0.299783804055505,19.9942247549303,0.299783804055505,0.700216195944495,0.5,0.0108544199754285,0.0108544199754285,0.0128822056639997,0.103603015274667,0.103603015274667,0.113052183829703,0.460725929760072,337.651068833875,0.000585293651219215,0.00173128719126769,0.00119586166408445,0.000624584301925835,0.0815136714668542,0.000624584301925835,0.000624584301925837,NA,6.74292163750845e-05,6.74292163750845e-05,6.36744493445396e-05,0.000302126326247463,0.000302126326247463,0.000265697766858528,0.0017393734203486,0.0395438653811127,0.0239226344184674,0.0582941735514448,0.0417260984611212,0.0210911187010973,3.27724554651767,0.0210911187010973,0.0210911187010973,0,0.00241601884371086,0.00241601884371086,0.00237789235390636,0.0109931936994733,0.0109931936994733,0.0100708526497911,0.0577028129018551,1.61882714007162,0.108409989351981,0.396225641660438,0.243605030821715,0.270994297585084,13.3177184519011,0.270994297585084,0.644641054053579,0.5,0.00778319572200328,0.00778319572200328,0.0096429637440741,0.0882224218736072,0.0882224218736072,0.0981985933890677,0.390430596901444,333.570413232572,0.133482500196214,0.519708449721875,0.279300780612891,0.285358216409826,17.879184107171,0.285358216409826,0.690958347346953,0.5,0.00918299578827256,0.00918299578827256,0.0112176106761265,0.0958279488490319,0.0958279488490319,0.105913222374522,0.422818791340521,336.843492927434,0.146765033552189,0.553995879191626,0.299456121006082,0.295113664535877,20.1909467972243,0.295113664535877,0.704886335464123,0.5,0.0102788744492459,0.0102788744492459,0.0123817868916456,0.101384784110836,0.101384784110836,0.111273477913174,0.446076367104481,338.00171662066,0.16133572193943,0.58159419051092,0.325122271157278,0.309041652653047,22.2863858828213,0.309041652653047,0.714641783590174,0.5,0.0118533628499028,0.0118533628499028,0.0139827410402789,0.108873150270001,0.108873150270001,0.118248640672751,0.481276385568581,338.836013110203,0.203613957623355,0.631828973085559,0.41392521736389,0.355358945946421,25.9256393247032,0.355358945946421,0.729005702414916,0.5,0.017029619883245,0.017029619883245,0.018771984180433,0.130497585732079,0.130497585732079,0.137010890729836,0.620176457276861,339.703850547298,1670.59193505229,1133.73633957569,1217.45710719757,1140.29469158238,1616.43056747422,1140.29469158238,1140.29469158238,NA,1283.82080482907,1283.82080482907,1394.61388587888,1323.94706405908,1323.94706405908,1436.66884811378,1100.54628180118,1675.87921896023,1.00258140049187,1.00228866942615,1.00176677810457,1.00149714867626,1.00175767832139,1.00149714867626,1.00149714867626,NA,1.00179317381778,1.00179317381778,1.00182772411828,1.0018384592885,1.0018384592885,1.00183507575809,1.00134321828193,1.00012140783104
"TARGET.30.PALSAE.01A",0.237202637241688,0.47617506714599,0.286622295612321,0.227045020322637,20.3805364242375,0.227045020322637,0.772954979677363,0.5,0.00865866381610087,0.00865866381610087,0.0123355748134764,0.0929772229966167,0.0929772229966167,0.110987342894001,0.302800750965548,113.158361026428,0.000226597823627296,0.000382308254141897,0.000240984975559388,0.000105110630786323,0.0203726154185328,0.000105110630786323,0.000105110630786325,NA,9.629956321952e-06,9.629956321952e-06,1.25904673343773e-05,5.11361343327889e-05,5.11361343327889e-05,5.62594243104421e-05,0.000193562089681729,0.0253160409927157,0.0164034681751849,0.0242081209614207,0.0183014923325971,0.00667918558498339,1.51900808655211,0.00667918558498339,0.00667918558498339,0,0.000698172455549621,0.000698172455549621,0.000930736607918692,0.00372847926546377,0.00372847926546377,0.00416973669957846,0.0122643403443604,1.41986292833594,0.206114613974908,0.42917521222455,0.25105066000176,0.21435057189058,17.4505895598348,0.21435057189058,0.759642878610172,0.5,0.00742673493775943,0.00742673493775943,0.0106848338072693,0.0861785062394353,0.0861785062394353,0.103367469771648,0.279921407694926,109.545439354125,0.225998140388619,0.459840970479659,0.274281120566672,0.222590525663025,19.346643348752,0.222590525663025,0.768519767611197,0.5,0.00817351650690402,0.00817351650690402,0.0116944850370091,0.090407502491879,0.090407502491879,0.10814104233358,0.294556718531039,112.471401672933,0.236912644475039,0.476095849804416,0.286247878466051,0.226946305178484,20.3959575132311,0.226946305178484,0.773053694821516,0.5,0.00860155663090595,0.00860155663090595,0.0122573308941511,0.0927445773662569,0.0927445773662569,0.110712830748752,0.302469819135136,113.4568047218,0.24803443007062,0.492619244442346,0.299107904077062,0.231480232388803,21.3775980054012,0.231480232388803,0.777409474336975,0.5,0.00908872547440806,0.00908872547440806,0.0129221382490456,0.0953348072548946,0.0953348072548946,0.113675583345536,0.310841782400577,114.203717087431,0.269708972302603,0.523236606329294,0.322897149536108,0.240357121389828,23.3976498404503,0.240357121389828,0.785649428109421,0.5,0.0101859986572688,0.0101859986572688,0.014326163545693,0.100925708603862,0.100925708603862,0.119691952718847,0.327650477696098,114.932322298576,5240.34514727021,4009.54241617632,5767.57266219056,4037.88305496998,5559.38304055597,4037.88305496998,4037.88305496987,NA,5256.25936870446,5256.25936870446,5464.7448669982,5316.27791548775,5316.27791548775,5493.21625479728,4014.65087531882,3145.58380313069,1.00008002688926,0.9999941451488,1.00000414942523,1.00011008484029,1.00016537998,1.00011008484029,1.00011008484029,NA,0.999937200996661,0.999937200996661,1.00020756356121,0.999931238323706,0.999931238323706,1.00019648050175,1.00013055420252,0.999864522321052
"TARGET.30.PALUDH.01A",0.51363704773228,0.426724473168932,0.0596384790987879,0.252895963993355,18.4331960363899,0.252895963993355,0.747104036006645,0.5,0.0103514767779376,0.0103514767779376,0.0136877908718105,0.101591858142847,0.101591858142847,0.116858308591242,0.352671297516309,287.948720884255,0.000420775526366049,0.000476232144941657,0.000147637204022582,0.000143791841225884,0.0292837434938855,0.000143791841225884,0.000143791841225884,NA,2.05958384224736e-05,2.05958384224736e-05,2.3087418825266e-05,9.90249829549812e-05,9.90249829549812e-05,9.69345303580407e-05,0.000294574345489909,0.027679708822797,0.0248921232074244,0.0274272735514798,0.0108617119394161,0.00811405332880153,1.74464341918399,0.00811405332880153,0.00811405332880153,0,0.00114105325848464,0.00114105325848464,0.00133669215322688,0.00552946280311156,0.00552946280311156,0.0056507146739698,0.0165323888318182,1.48950776572694,0.46729253516519,0.371360167660391,0.0398487998335666,0.238170300010043,14.9271001351178,0.238170300010043,0.72949075132993,0.5,0.00848539292872066,0.00848539292872066,0.0114615604590164,0.0921161925381774,0.0921161925381774,0.107058677635957,0.323456903025999,284.20416534922,0.496916473540836,0.409136866185452,0.0519924379571254,0.247374514633166,17.259814996675,0.247374514633166,0.742140893764751,0.5,0.00953580840841848,0.00953580840841848,0.0127429576140276,0.0976514639330934,0.0976514639330934,0.112884709389673,0.341350000710857,287.191084766846,0.512882648255715,0.427409111206377,0.0592295091148654,0.252408309927421,18.4568663513948,0.252408309927421,0.747591690072579,0.5,0.0102092575138784,0.0102092575138784,0.0135450945597274,0.101040870510987,0.101040870510987,0.11638339469034,0.351413560040533,288.286616866033,0.529630774325963,0.445330555026746,0.0666907641046059,0.257859106235249,19.618679397291,0.257859106235249,0.752625485366834,0.5,0.0110140361521957,0.0110140361521957,0.014484512155529,0.104947778201803,0.104947778201803,0.120351618824878,0.362544168023506,289.052109505948,0.565794229343378,0.478343914281404,0.0821836682923528,0.27050924867007,21.8120386884442,0.27050924867007,0.761829699989957,0.5,0.0130091912638868,0.0130091912638868,0.0167480620982014,0.114057841680134,0.114057841680134,0.129414304070494,0.389372684617526,289.801950480807,3499.63652050952,3316.86551910042,5412.58759528665,3184.25050139399,3549.44266340592,3184.25050139399,3184.25050139399,NA,3069.39568974227,3069.39568974227,3352.06193442312,3118.00156720013,3118.00156720013,3398.20626574489,3149.78840067771,2895.75962892812,1.00117362641297,1.00095950043664,1.00014582354259,1.00163476184227,1.00121199694367,1.00163476184227,1.00163476184227,NA,1.00164468738995,1.00164468738995,1.00142677804014,1.00159119760589,1.00159119760589,1.00137568927893,1.00166089142266,1.00171773192503
"TARGET.30.PALVUC.01A",0.178247037600661,0.52999920462323,0.291753757776109,0.324662340027069,18.7206085246689,0.324662340027069,0.675337659972931,0.5,0.0122662872549243,0.0122662872549243,0.0139297939279526,0.109909482915459,0.109909482915459,0.117381579827046,0.531437225129816,369.123099138478,0.000834402186849428,0.00212161209075281,0.001367409310302,0.000812107493856654,0.0958854110719676,0.000812107493856654,0.000812107493856652,NA,8.71305462300881e-05,8.71305462300881e-05,8.08002630333056e-05,0.00037466507558868,0.00037466507558868,0.000329068622972237,0.00266849216075987,0.0411112908414351,0.0343672827475097,0.0791027332287988,0.0518534711073133,0.0281353848500724,3.73247955685159,0.0281353848500724,0.0281353848500724,0,0.00313876623800466,0.00313876623800466,0.0029892339287132,0.0136461019046749,0.0136461019046749,0.0123035591377181,0.0906095910463675,1.66629066362151,0.121036768642331,0.336129998436434,0.213618146790365,0.28413377596165,11.9297863276517,0.28413377596165,0.613145505353076,0.5,0.00797723800265408,0.00797723800265408,0.00963534956847025,0.0893153850273956,0.0893153850273956,0.0981598164462125,0.419974608361339,365.019030341462,0.155001750171821,0.488907612193769,0.255958388878975,0.303001349585111,15.9008591983713,0.303001349585111,0.657203721866079,0.5,0.00988435666630642,0.00988435666630642,0.0116781894121234,0.0994201019046964,0.0994201019046964,0.10806567175617,0.46570561020528,368.268276088739,0.173976557319995,0.544557470551676,0.282337708305878,0.319003447375945,18.6770499554906,0.319003447375945,0.680996552624055,0.5,0.0116260235752832,0.0116260235752832,0.0133854115402189,0.107824039674259,0.107824039674259,0.115695339318684,0.508065056808155,369.472929047056,0.196489175012426,0.584898075459318,0.319812057665553,0.342796278133921,21.4074280848217,0.342796278133921,0.696998650414889,0.5,0.0141075189601134,0.0141075189601134,0.0157224208405246,0.11877507661483,0.11877507661483,0.125389077833171,0.578532771357697,370.335375567356,0.257862118117284,0.649934746396376,0.41788340882952,0.386854494646924,25.946126667142,0.386854494646924,0.71586622403835,0.5,0.0197582462769992,0.0197582462769992,0.0209559495679006,0.140564028627477,0.140564028627477,0.144761699197428,0.742966731635931,371.269437250744,1696.44398661397,1390.11591785164,1437.99906021588,1200.26926120489,1515.26923793366,1200.26926120489,1200.26926120489,NA,1297.70826799158,1297.70826799158,1368.65584626211,1326.57190664246,1326.57190664246,1397.94013729652,1152.965940095,1642.77957787797,1.00165247098668,1.00213731399519,1.00219518567229,1.00168388802941,1.00122443166258,1.00168388802941,1.00168388802941,NA,1.00160027653198,1.00160027653198,1.00157893116978,1.00148993073647,1.00148993073647,1.00148302102905,1.00187127096322,1.00309942675376
"TARGET.30.PALVVH.01A",0.43868105406139,0.417983438813814,0.143335507124796,0.300569827989723,23.5567727041539,0.300569827989723,0.699430172010277,0.5,0.00902717715174111,0.00902717715174111,0.010728431895847,0.0948535605228138,0.0948535605228138,0.103435868902677,0.460088906023035,349.244598308461,0.000549525740269663,0.000785735074893982,0.000298939399082003,0.00019391741835736,0.0462431371712573,0.00019391741835736,0.000193917418357357,NA,2.18012901960875e-05,2.18012901960875e-05,2.2296845655191e-05,0.000112259363143809,0.000112259363143809,0.00010579170363921,0.00049831343723123,0.028603169556968,0.0279277231207311,0.0373103486117386,0.0181276560764157,0.00898851048894832,2.42738591191319,0.00898851048894832,0.00898851048894832,0,0.00105454933650587,0.00105454933650587,0.00113580604038809,0.00547566943445982,0.00547566943445982,0.00542739369038445,0.0228470311845804,1.4559576203694,0.388355239953236,0.338887166705462,0.109428009729218,0.284592694648065,18.8045717579152,0.284592694648065,0.679856133080542,0.5,0.00730310094988579,0.00730310094988579,0.00883821213342174,0.0854581824630307,0.0854581824630307,0.0940117659288352,0.421038709641659,345.566000171147,0.41967975506544,0.395082659309921,0.130967513452628,0.294392083701658,21.8869386387235,0.294392083701658,0.693881042565718,0.5,0.00827204969635833,0.00827204969635833,0.00991069709947055,0.0909508092070037,0.0909508092070037,0.0995524841180393,0.444318531160071,348.547594980142,0.437259654564492,0.420237621465783,0.142449872850181,0.299801004077754,23.5412556425764,0.299801004077754,0.700198995922246,0.5,0.00890398516439181,0.00890398516439181,0.0106196544433249,0.0943609302856975,0.0943609302856975,0.103051707615208,0.457648123463638,349.550449933657,0.456215263559136,0.443284302849904,0.155058755837717,0.306118957434281,25.2252690235122,0.306118957434281,0.705607916298342,0.5,0.00965174074393231,0.00965174074393231,0.0114223375015243,0.0982432732482118,0.0982432732482118,0.106875336263557,0.473681655057396,350.309889353064,0.496662778988215,0.486037206133184,0.180449034239315,0.320143866919458,28.286263812991,0.320143866919458,0.715407305351936,0.5,0.011476228456238,0.011476228456238,0.0132946394233193,0.107127160214683,0.107127160214683,0.11530238249752,0.511225413902926,351.060497282301,2582.8249938741,2254.79121058512,3677.19780063654,2148.53195677687,2755.3899847558,2148.53195677687,2148.53195677694,NA,2339.74977346281,2339.74977346281,2594.90517932893,2379.19093069684,2379.19093069684,2631.96087445667,2102.10474449211,2591.010342294,1.00067472668403,1.00046778818148,0.999740159734567,1.00146646794658,1.0009341651417,1.00146646794658,1.00146646794658,NA,1.00126687452715,1.00126687452715,1.00104045974685,1.00124309715234,1.00124309715234,1.001017578945,1.00147742297504,1.00025698244413
"TARGET.30.PALXTB.01A",0.234181303407799,0.535251164815915,0.230567531776287,0.441348102600319,17.2277195894232,0.441348102600319,0.558651897399681,0.5,0.0146268382546952,0.0146268382546952,0.0148832271670023,0.120499818335441,0.120499818335441,0.121646890747887,1.26706460142199,599.73995094618,0.00138249685248803,0.00215682666760499,0.00128801333238847,0.00103771477214104,0.0763075384303708,0.00103771477214104,0.00103771477214103,NA,6.10690176799509e-05,6.10690176799509e-05,5.48873190712749e-05,0.000264780087296627,0.000264780087296627,0.000234625491589761,0.0152666564793566,0.0434420435291926,0.0716171405140792,0.111290453180266,0.070536180193743,0.0401630944884708,3.02418130673903,0.0401630944884708,0.0401630944884708,0,0.00238587893765922,0.00238587893765922,0.00216561166560668,0.0103269243481217,0.0103269243481217,0.00923427297347443,0.562810513258043,1.73447867830857,0.109841797029922,0.314529745935126,0.110540946641711,0.355915730775316,13.9646213986211,0.355915730775316,0.502098219719747,0.5,0.00913626996435734,0.00913626996435734,0.00991812600662294,0.0955838373513792,0.0955838373513792,0.0995897885808312,0.622104885227613,595.411513090795,0.18325739591685,0.457726867493249,0.181176903576784,0.412555766877368,15.1313431301684,0.412555766877368,0.524703195901452,0.5,0.0131172501293387,0.0131172501293387,0.0135427829009696,0.114530564091215,0.114530564091215,0.116373463043827,0.871803422007108,598.874129282484,0.229110687383261,0.536615380620209,0.224391956970872,0.446474579063429,16.1982363139064,0.446474579063429,0.553525420936571,0.5,0.0152588258764136,0.0152588258764136,0.0154337790450208,0.123526620101103,0.123526620101103,0.124232761549123,1.11722570670604,600.104096980248,0.280372059582378,0.617069911205468,0.274010541163113,0.475296804098548,18.4600168104051,0.475296804098548,0.587444233122632,0.5,0.0164522281945722,0.0164522281945722,0.0165219966177342,0.128266239494417,0.128266239494417,0.128537918986694,1.50383774511088,601.022512800722,0.385390306712326,0.73881043506066,0.384805219043272,0.497901780280253,25.2063748285104,0.497901780280253,0.644084269224684,0.5,0.0178735184400909,0.0178735184400909,0.0179023829490713,0.133691878735182,0.133691878735182,0.133799786803898,2.73675993470451,601.974580532245,2683.52503412674,2662.47373693166,2999.0462100289,1497.95351292887,1570.65485472878,1497.95351292887,1497.95351292888,NA,1526.3528363414,1526.3528363414,1556.74373770782,1521.14757357814,1521.14757357814,1549.01286939981,1359.05344536524,1594.10688724248,1.00000232821023,1.00085983755262,1.00126656722071,1.0029255631117,1.00206861497366,1.0029255631117,1.0029255631117,NA,1.0022042077151,1.0022042077151,1.00217054445817,1.00216798751519,1.00216798751519,1.00214847754957,1.00443715250877,1.00478557994558
"TARGET.30.PALZRG.01A",0.153794646462205,0.516020390611141,0.330184962926655,0.25930789258571,17.7418793833513,0.25930789258571,0.74069210741429,0.5,0.0109961955965707,0.0109961955965707,0.0142909674029903,0.104591293313111,0.104591293313111,0.119326724946628,0.36633580386035,202.005807728313,0.000341135616792871,0.00085688669544436,0.000581203065045283,0.00029435252568579,0.0396780991438216,0.00029435252568579,0.000294352525685795,NA,3.62181634408764e-05,3.62181634408764e-05,3.67384813171294e-05,0.000163250463310052,0.000163250463310052,0.000147599356578765,0.000645102978791634,0.0309435502460343,0.018172855041037,0.0388478739412731,0.0287995791086319,0.013223204081496,2.04254702414885,0.013223204081496,0.013223204081496,0,0.00164126059405123,0.00164126059405123,0.00176824834561256,0.00754082672323479,0.00754082672323479,0.00721849221311475,0.0284879952887347,1.52848842401114,0.120947734323528,0.4320003816092,0.279709326896013,0.238382701578872,13.5064720040374,0.238382701578872,0.709537070562729,0.5,0.00865301373061689,0.00865301373061689,0.0116139530991088,0.0930215766885066,0.0930215766885066,0.107768052302408,0.323862677809856,198.218762956449,0.141200872880355,0.494764664230515,0.311145058786675,0.250317406547017,16.4486749577582,0.250317406547017,0.733651211640283,0.5,0.009869958597088,0.009869958597088,0.0130781312849903,0.0993476652823261,0.0993476652823261,0.114359657579251,0.347208806730115,201.246646507816,0.152883440017492,0.519094540771254,0.328126032281954,0.257540195663825,17.7918006465404,0.257540195663825,0.742459804336175,0.5,0.0107180441282088,0.0107180441282088,0.0140514164604603,0.103527987161809,0.103527987161809,0.11853867071092,0.361886078552379,202.353888259801,0.16527935458558,0.541678039654028,0.346005259015986,0.266348788359717,19.1158809166281,0.266348788359717,0.749682593452983,0.5,0.0117763430839268,0.0117763430839268,0.0151987926699198,0.108518860477839,0.108518860477839,0.123283383568819,0.380389321856068,203.134580038163,0.190903731808646,0.582848171833803,0.393788599670812,0.290462929437271,21.5258317339062,0.290462929437271,0.761617298421128,0.5,0.0149615923413663,0.0149615923413663,0.0185096448647281,0.122317588024457,0.122317588024457,0.136050155683773,0.43485371346524,203.895191759358,2837.86802558155,2055.35910913914,2455.36742456281,2018.07762918075,2649.97886999378,2018.07762918075,2018.07762918068,NA,2053.53560084793,2053.53560084793,2316.56303235608,2133.67897605212,2133.67897605212,2391.79556382475,1950.13951855318,2439.96742139031,1.00092482736664,1.00094473504835,1.00058605783739,1.00099005731455,1.00143165292162,1.00099005731455,1.00099005731455,NA,1.00155280183429,1.00155280183429,1.00153136038465,1.00152187695269,1.00152187695269,1.00150668933792,1.00105250458615,1.00059239693377
"TARGET.30.PALZZV.01A",0.231502493807904,0.521173488077224,0.247324018114872,0.218773118415368,18.1333219989647,0.218773118415368,0.781226881584632,0.5,0.00948361226440506,0.00948361226440506,0.0138741083579072,0.0972917597048791,0.0972917597048791,0.117694680328443,0.287930499583295,100.214169117446,0.000269188175466919,0.00046468161796163,0.000268918016186389,0.000133638737984959,0.0207679350004086,0.000133638737984959,0.000133638737984959,NA,1.27085949780001e-05,1.27085949780001e-05,1.64105260767465e-05,6.42955024654609e-05,6.42955024654609e-05,6.89476741699976e-05,0.000238818192377808,0.0249621784894859,0.0174046355736527,0.0264321227103806,0.0187637452252691,0.00808607822197699,1.43130675485892,0.00808607822197699,0.00808607822197699,0,0.000832069799094941,0.000832069799094941,0.00111378217840861,0.00423414677744879,0.00423414677744879,0.00469822726783199,0.0144131377218143,1.44687892295223,0.197784839060339,0.469155009833399,0.211586015748058,0.203289334358575,15.3016615932622,0.203289334358575,0.764859529096516,0.5,0.00806678209299334,0.00806678209299334,0.0119246115837032,0.0898152664243012,0.0898152664243012,0.109199869885402,0.26092531212375,96.6222155733501,0.219679883735428,0.503783362327901,0.234809690425835,0.21339712348846,17.1831496279411,0.21339712348846,0.775976840660571,0.5,0.00889501736153166,0.00889501736153166,0.0130850832230425,0.0943133996920373,0.0943133996920373,0.114390048611856,0.278255273201558,99.494629492497,0.231358174525516,0.520786120159327,0.246946651272968,0.218680536781016,18.0882768594869,0.218680536781016,0.781319463218984,0.5,0.00941755287138359,0.00941755287138359,0.0138211064518842,0.0970440769488371,0.0970440769488371,0.117563201946015,0.287558597533884,100.557109174044,0.243133725627905,0.539002860246189,0.259844060554922,0.224023159339429,19.105724882479,0.224023159339429,0.78660287651154,0.5,0.0099658622225282,0.0099658622225282,0.0145491371207873,0.0998291651898895,0.0998291651898895,0.120619804009439,0.297145573441487,101.286776162767,0.266339259486599,0.573800279017839,0.285398656584092,0.235140470903484,20.9650434569775,0.235140470903484,0.796710665641425,0.5,0.0113853933097086,0.0113853933097086,0.0163380949535179,0.106702358501149,0.106702358501149,0.127820557628972,0.317704246104632,102.006209606493,4180.40069016991,3235.58712045139,4868.54577084631,3661.09623648627,4749.8381353982,3661.09623648627,3661.0962364863,NA,4286.71331788451,4286.71331788451,4606.33502716115,4336.81232353329,4336.81232353329,4643.32199333806,3642.35489507282,3359.69158766716,1.00086471237195,1.00156820337467,1.00064743694203,1.00096953589176,1.00036578222987,1.00096953589176,1.00096953589176,NA,1.00087162679645,1.00087162679645,1.00048812948223,1.00081142809263,1.00081142809263,1.00045526048439,1.00102105225676,1.00191703439854
"TARGET.30.PAMCXF.01A",0.150819645902873,0.449318036625442,0.399862317471685,0.301811070878168,22.2599281261697,0.301811070878168,0.698188929121832,0.5,0.00963850752348162,0.00963850752348162,0.0114192463511982,0.0979075201609034,0.0979075201609034,0.10663255907157,0.463672565158533,338.821887824208,0.000419125944926798,0.00113827221434957,0.000773243742976289,0.000311985447225003,0.0599903357228431,0.000311985447225003,0.000311985447225004,NA,3.47348785816899e-05,3.47348785816899e-05,3.43926177436339e-05,0.000169858824833221,0.000169858824833221,0.000155869472499626,0.000830121300966074,0.0355057791978044,0.0193048030427092,0.0444344057051313,0.032688424227007,0.012160826550231,2.79940956296815,0.012160826550231,0.012160826550231,0,0.00146135579790985,0.00146135579790985,0.00152210996487501,0.00725476383996796,0.00725476383996796,0.0069821050386031,0.031620373316961,1.54563395444566,0.116095549001795,0.344470012235952,0.343866538367329,0.282050696548265,16.6928423270905,0.282050696548265,0.669484387028963,0.5,0.00747448081867522,0.00747448081867522,0.00907482784344492,0.0864550797732439,0.0864550797732439,0.0952618908167889,0.415172807832658,334.975077801089,0.137595879447132,0.425638236325386,0.37798182626922,0.293368175605915,20.3403196001869,0.293368175605915,0.691589584865313,0.5,0.00858172167285469,0.00858172167285469,0.0103228444795648,0.0926375823942165,0.0926375823942165,0.101601399953391,0.441834757541809,338.072281564829,0.149706049833661,0.454815110911992,0.39689143984147,0.300212339972799,22.3110556082618,0.300212339972799,0.699787660027201,0.5,0.00939061810651538,0.00939061810651538,0.0112052071581967,0.0969052016481768,0.0969052016481768,0.105854651093375,0.458676497881737,339.176797500479,0.162513156734205,0.478684896202119,0.417991301681204,0.308410415134687,24.2181310762144,0.308410415134687,0.706631824394085,0.5,0.0104508563004391,0.0104508563004391,0.0122908589951579,0.102229429717848,0.102229429717848,0.110864146565308,0.479626296599426,339.938605012559,0.193066282374511,0.522069029451707,0.475185701786956,0.330515612971037,27.5487319950584,0.330515612971037,0.717949303451735,0.5,0.0131063255686426,0.0131063255686426,0.01497647884694,0.114482861066001,0.114482861066001,0.122378424760394,0.540923643915476,340.720639278488,2121.49327324652,1523.86495894252,1787.12587276968,1519.34889840618,2177.56084556713,1519.34889840618,1519.34889840618,NA,1770.02892606192,1770.02892606192,1958.67144923374,1824.19108582224,1824.19108582224,2006.55295077198,1450.94473174443,1895.02613366496,1.00004969325699,1.00099186333184,1.00139368358478,1.00214741028175,1.00094324786951,1.00214741028175,1.00214741028175,NA,1.00128589565107,1.00128589565107,1.00100794336163,1.00124666578776,1.00124666578776,1.00098326880949,1.0022198920979,1.0004405916344
"TARGET.30.PAMLNB.01A",0.111514940527045,0.535604492265032,0.352880567207923,0.238623074214937,19.5861222172149,0.238623074214937,0.761376925785063,0.5,0.00935287178382697,0.00935287178382697,0.0128655642311822,0.0965874140803488,0.0965874140803488,0.113312478275175,0.32459661701261,212.488534524438,0.000190322870889808,0.000436865263881283,0.000336517766617287,0.000142266675537584,0.0259191864973315,0.000142266675537584,0.000142266675537597,NA,1.5574623962469e-05,1.5574623962469e-05,1.82316327937831e-05,7.83914058569017e-05,7.83914058569017e-05,7.87260041643676e-05,0.000275685426826541,0.0256641921862943,0.013021422456154,0.0266892253089822,0.0223527127105429,0.00861968874958519,1.7189265506005,0.00861968874958519,0.00861968874958519,0,0.000957119627088485,0.000957119627088485,0.00116628939905047,0.0048730066050011,0.0048730066050011,0.00508426292949925,0.0166044329167087,1.47220343734493,0.0866161098195175,0.480674785255738,0.310409554481666,0.223158065696135,16.1351318119257,0.223158065696135,0.743160114703427,0.5,0.00781505672485061,0.00781505672485061,0.010927102095076,0.0884028094803579,0.0884028094803579,0.104532780002363,0.295580694702132,208.763292568895,0.102564427752963,0.518254784881505,0.337767501137547,0.232649466118416,18.4586084723383,0.232649466118416,0.755977700397109,0.5,0.00867674185796194,0.00867674185796194,0.0120493643226699,0.0931490303302076,0.0931490303302076,0.109769596531368,0.313023720050418,211.764400304966,0.111251302683495,0.535980246373503,0.35264641547548,0.238161337382017,19.6011280278484,0.238161337382017,0.761838662617983,0.5,0.0092397192175438,0.0092397192175438,0.0127543679976978,0.0961234582059051,0.0961234582059051,0.112935238066884,0.32343978794115,212.823886043534,0.120232883355689,0.553473728313481,0.367749819001239,0.244022299602891,20.7479824915342,0.244022299602891,0.767350533881584,0.5,0.00989767726768963,0.00989767726768963,0.0135438162345393,0.0994870708453697,0.0994870708453697,0.11637790262637,0.334758882783585,213.577593011557,0.138181049264116,0.58738349050195,0.397161034411201,0.256839885296573,22.878893034006,0.256839885296573,0.776841934303865,0.5,0.0115654730516537,0.0115654730516537,0.0154941405456289,0.107542889256957,0.107542889256957,0.124475461619459,0.360443981915078,214.294610200848,4680.95965321171,3732.30311460557,4412.09115819119,3670.93590641951,4398.16893107347,3670.93590641951,3670.93590641884,NA,3776.56796421295,3776.56796421295,4092.24405209511,3864.17773594621,3864.17773594621,4170.80212142863,3627.60905638097,3290.6406409338,1.00049337378723,1.00099398808422,1.00062223418927,1.00205952451212,1.00034813993047,1.00205952451212,1.00205952451212,NA,1.0008770392044,1.0008770392044,1.00051148145993,1.0008010088294,1.0008010088294,1.00046626335587,1.00212078680602,1.00079090840394
"TARGET.30.PAMMXF.01A",0.297272164612071,0.451541797363419,0.25118603802451,0.294517474186653,16.2092826032744,0.294517474186653,0.705482525813347,0.5,0.0130318185477589,0.0130318185477589,0.0156613011152211,0.113852477036403,0.113852477036403,0.124903838658649,0.446210515420264,220.167168481502,0.000845123394056017,0.00154649625311303,0.000737698431202612,0.000394422308893312,0.0412318436828322,0.000394422308893312,0.000394422308893322,NA,4.23338848965664e-05,4.23338848965664e-05,4.08850427421522e-05,0.000182721553671902,0.000182721553671902,0.000161665755076102,0.000992853768488783,0.0310294058531973,0.0355982937284419,0.0616184499897156,0.0324874690090338,0.0161351329872531,1.99653058737804,0.0161351329872531,0.0161351329872531,0,0.00192472533568023,0.00192472533568023,0.00196093641749593,0.00833310869495473,0.00833310869495473,0.00776786624650854,0.0401624418138712,1.47482069618062,0.235056082550155,0.310269576938375,0.194078045902925,0.266226672628381,12.5952841410422,0.266226672628381,0.670643800802805,0.5,0.00984347908312626,0.00984347908312626,0.0123158182081985,0.0992143088611093,0.0992143088611093,0.110976656140721,0.380128069568863,216.466072971172,0.272858888664884,0.416183695695874,0.228692462883954,0.282912296774299,14.8011608460422,0.282912296774299,0.695193882589751,0.5,0.0116011764618778,0.0116011764618778,0.0142440038497933,0.10770875758889,0.10770875758889,0.119348246109797,0.417153332103395,219.452697039163,0.294387147940471,0.458230668429112,0.249151508541754,0.29331731479592,16.1373244862969,0.29331731479592,0.70668268520408,0.5,0.0128445345818305,0.0128445345818305,0.0154920352641919,0.113333730991933,0.113333730991933,0.124467004720187,0.441711701503723,220.501442439004,0.318369187819914,0.493308050202547,0.270363759567405,0.304806117410249,17.5512449068375,0.304806117410249,0.717087703225701,0.5,0.0142190534066699,0.0142190534066699,0.0168905670761024,0.119243672387573,0.119243672387573,0.129963714454644,0.470307382067201,221.255676692723,0.377591608891803,0.555485907079237,0.322396616452256,0.329356199197195,20.2990979385698,0.329356199197195,0.733773327371619,0.5,0.0172020225682136,0.0172020225682136,0.0198486987096682,0.131156481218007,0.131156481218007,0.140885409848273,0.537514875349222,222.00095111365,1774.26349445702,1587.53677584249,1939.42967613913,1673.48628079225,2344.69537476056,1673.48628079225,1673.48628079216,NA,2067.09900000863,2067.09900000863,2300.37220767,2079.86206901494,2079.86206901494,2308.699494308,1636.32528621639,2259.07956545183,1.00154075875401,1.00196656934578,1.00164354229115,1.00123449495051,1.00051814357684,1.00123449495051,1.00123449495051,NA,1.00034329727724,1.00034329727724,1.00022731268056,1.00040220140884,1.00040220140884,1.00029440471568,1.0012610832981,1.00008384827977
"TARGET.30.PAMYCE.01A",0.464441141389103,0.424608303577228,0.110950555033669,0.26239313678279,21.4832286673127,0.26239313678279,0.73760686321721,0.5,0.00908189776190415,0.00908189776190415,0.0117266767016472,0.0951872463530691,0.0951872463530691,0.108184519790434,0.372222783580228,267.413676935104,0.000358365117180491,0.000470723514660641,0.000188926045969713,0.000121947754148323,0.0280283815559861,0.000121947754148323,0.000121947754148326,NA,1.4400818029671e-05,1.4400818029671e-05,1.61502773258697e-05,7.39972330577302e-05,7.39972330577302e-05,7.33187332583916e-05,0.000259316485606155,0.0257874694804005,0.0227027905798629,0.0269910658040645,0.0132591285933835,0.00714015646151388,1.86155075641026,0.00714015646151388,0.00714015646151388,0,0.000889710532545452,0.000889710532545452,0.00104346674844502,0.00461395217721471,0.00461395217721471,0.0047738064491461,0.0151140721511175,1.43394118465261,0.421343624938108,0.370450707263082,0.0862517598417662,0.249332340371979,17.8492377489791,0.249332340371979,0.722598995699356,0.5,0.00762031934633188,0.00762031934633188,0.00998137207465598,0.0872944405209267,0.0872944405209267,0.0999068169451302,0.345240050976889,263.766164138762,0.448923333680953,0.40649971068696,0.101861623834538,0.257513803846179,20.2189768843126,0.257513803846179,0.733097198760063,0.5,0.00845466812309389,0.00845466812309389,0.0109902420748183,0.0919492692831955,0.0919492692831955,0.104834355412805,0.36183165637615,266.723926335818,0.464011679010413,0.425079853220352,0.110511781973712,0.261994932979948,21.5094205009915,0.261994932979948,0.738005067020052,0.5,0.00898309189385474,0.00898309189385474,0.0116228142915261,0.0947791743656455,0.0947791743656455,0.107809156807343,0.371158067488724,267.733010524224,0.479684735727669,0.44293578514726,0.119446463173572,0.266902801239937,22.7474516300986,0.266902801239937,0.742486196153821,0.5,0.00960085451877872,0.00960085451877872,0.0123646216834975,0.0979839503063739,0.0979839503063739,0.11119632045834,0.381576284931457,268.466329623015,0.509296273103557,0.47614996944979,0.138308763774791,0.277401004300644,25.0466567507394,0.277401004300644,0.750667659628021,0.5,0.0110735246671964,0.0110735246671964,0.014006200374172,0.105230816127927,0.105230816127927,0.118347794098709,0.404618085638678,269.211474689924,4013.34992273489,3287.82187443985,4925.45430805649,3428.21336733151,4411.16925764371,3428.21336733151,3428.21336733131,NA,3817.00859997561,3817.00859997561,4174.4307404527,3887.90116661329,3887.90116661329,4239.35424062903,3397.05616925932,3092.04084982663,1.00020491140533,1.00020446051732,1.00013868138637,1.00004208113251,1.0000319502292,1.00004208113251,1.00004208113251,NA,1.00014619519911,1.00014619519911,1.00008660577863,1.00012970648959,1.00012970648959,1.0000750094635,1.00007392254879,1.00091231932583
"TARGET.30.PAMZGT.01A",0.0597062559858984,0.262558935265447,0.677734808748654,0.327068512598574,24.820699286735,0.327068512598574,0.672931487401426,0.5,0.00893417907899533,0.00893417907899533,0.0101448939462904,0.0944215820930484,0.0944215820930484,0.100631283769754,0.531270468890172,554.42058472245,0.000198218271973717,0.00070814379976466,0.000598029727239412,0.000137811473118435,0.0384712659723091,0.000137811473118435,0.000137811473118437,NA,1.5701313082077e-05,1.5701313082077e-05,1.57539195152672e-05,8.27120996920231e-05,8.27120996920231e-05,7.79963387844501e-05,0.000400457454924283,0.026769096945081,0.0119414646509697,0.0366226276943998,0.0321447300246958,0.00702200074686718,2.10500962658409,0.00702200074686718,0.00702200074686718,0,0.000821093128637745,0.000821093128637745,0.000862858759854953,0.0043296948302635,0.0043296948302635,0.00427094290067655,0.0203808547528786,1.39725490649122,0.0381528219309782,0.188136423858752,0.616782069618581,0.313966495164724,20.8963665225003,0.313966495164724,0.65863622930185,0.5,0.00744304047633886,0.00744304047633886,0.00856877939472399,0.086273057646962,0.086273057646962,0.0925677016796351,0.494340653705042,550.945623885565,0.0515092809196257,0.238159573467353,0.655347522202813,0.322203527813185,23.3568179385058,0.322203527813185,0.668189699190717,0.5,0.00836368263484411,0.00836368263484411,0.00954706857178587,0.0914531718000019,0.0914531718000019,0.0977091017855363,0.516984308505752,553.711988268206,0.059027496280001,0.26395434982039,0.676828371842295,0.32686881745639,24.7276659717465,0.32686881745639,0.67313118254361,0.5,0.00890225500316622,0.00890225500316622,0.0101101333359046,0.0943517620562807,0.0943517620562807,0.100549158799551,0.530279255387244,554.72289946244,0.0671789591486879,0.287953126084251,0.699583779996853,0.331810300809283,26.1860484320821,0.331810300809283,0.677796472186815,0.5,0.0094615018949535,0.0094615018949535,0.0107035128150488,0.0972702518431851,0.0972702518431851,0.103457782760536,0.544757797096589,555.459980534735,0.0849785746482854,0.331036630605894,0.741283935605214,0.34136377069815,29.1756840197401,0.34136377069815,0.686033504835276,0.5,0.0106582435927917,0.0106582435927917,0.0119638024067151,0.103238769812203,0.103238769812203,0.109379168060452,0.573997191696122,556.192452539412,3629.34140465952,2674.58306218896,2889.17614086895,2596.27679954286,2993.88570654484,2596.27679954286,2596.27679954277,NA,2734.72013689903,2734.72013689903,2999.8682406552,2740.1635349191,2740.1635349191,2998.46577798381,2590.19238382904,2724.48138924315,1.00035639019692,1.00057988976749,1.00044064169969,1.00056088765947,1.00134020237199,1.00056088765947,1.00056088765947,NA,1.00121432363763,1.00121432363763,1.00124206167892,1.00124074628853,1.00124074628853,1.00127361142867,1.00054869039951,1.00042348813093
"TARGET.30.PAMZMG.01A",0.32628985733796,0.450676647804126,0.223033494857914,0.326801828340763,20.5793094968556,0.326801828340763,0.673198171659237,0.5,0.010947079564639,0.010947079564639,0.0124193670513148,0.104250508399628,0.104250508399628,0.111131408448887,0.532542783439241,363.861443956125,0.00104275918990828,0.00172784666984134,0.000723646099578294,0.000437338494529092,0.0710270341129682,0.000437338494529092,0.000437338494529095,NA,4.79539577528299e-05,4.79539577528299e-05,4.62390029337291e-05,0.000222762580819534,0.000222762580819534,0.000202137937262397,0.00131831758376782,0.0358777083272043,0.0421682871092056,0.0674280433492847,0.031886811016272,0.0169023614448076,3.03720068377422,0.0169023614448076,0.0169023614448076,0,0.00188636166866181,0.00188636166866181,0.00187783987347116,0.00888374516597888,0.00888374516597888,0.00831779752704195,0.050016725222727,1.52298342600057,0.255548057953013,0.303995051758253,0.168406489688899,0.297305925226636,15.1601029510648,0.297305925226636,0.638599087353862,0.5,0.00787188225862156,0.00787188225862156,0.00930590986547752,0.0887236285175822,0.0887236285175822,0.0964671439617656,0.451455138477301,360.131904480427,0.295491738960828,0.40817946036235,0.200920251284611,0.314136447042757,18.4320392251543,0.314136447042757,0.661404157417518,0.5,0.00955425424455998,0.00955425424455998,0.0110443783583866,0.0977458656035666,0.0977458656035666,0.105092237371551,0.494797640119628,363.140554916222,0.322419646632967,0.458192047237032,0.220269743230474,0.325691450688329,20.366915442103,0.325691450688329,0.674308549311671,0.5,0.0107680660613424,0.0107680660613424,0.0122748091578039,0.103769292323597,0.103769292323597,0.110791737758435,0.526890548851308,364.214012381706,0.353077092428201,0.49905387167612,0.242311392400518,0.338595842582482,22.6359503564204,0.338595842582482,0.685863552957243,0.5,0.0121071218696704,0.0121071218696704,0.0135633391914045,0.11003236737205,0.11003236737205,0.116461749907014,0.565348292248961,364.958365611671,0.417789699136623,0.563889240940864,0.292670697928082,0.361400912646138,26.8646487831535,0.361400912646138,0.702694074773364,0.5,0.0151561864046655,0.0151561864046655,0.0164906531842671,0.123110464231673,0.123110464231673,0.128415938201629,0.64151129966053,365.722814645316,1635.32421785008,1522.89764155433,1941.64453369766,1493.68616294309,1828.51959048259,1493.68616294309,1493.68616294307,NA,1547.39437241875,1547.39437241875,1649.30202281434,1590.40489126001,1590.40489126001,1693.24978773793,1439.42956127467,1801.94264906171,1.00159581605227,1.00188545885732,1.00148903433646,1.002010267484,1.00146429491464,1.002010267484,1.002010267484,NA,1.00222846441371,1.00222846441371,1.00209394603284,1.00204538575733,1.00204538575733,1.00192438385623,1.00209793098402,1.00046303997889
"TARGET.30.PAMZMJ.01A",0.112962417598629,0.460304123947411,0.42673345845396,0.267632336279543,21.9020990167013,0.267632336279543,0.732367663720457,0.5,0.00903068302945014,0.00903068302945014,0.0115127538119436,0.0949016446380068,0.0949016446380068,0.107180449987972,0.383458835216629,283.812193380293,0.000227600802821116,0.000561439402591784,0.000404598592419031,0.000161694812712079,0.0315594393651679,0.000161694812712079,0.000161694812712075,NA,1.70525208095556e-05,1.70525208095556e-05,1.80561561357281e-05,8.68057015514273e-05,8.68057015514273e-05,8.20866284526508e-05,0.000357256072212616,0.0307560654567551,0.0142268392330812,0.0292972293888014,0.0237158751026901,0.00818979403199253,1.99809029763954,0.00818979403199253,0.00818979403199253,0,0.000953723956691788,0.000953723956691788,0.00108862435792521,0.00493598216585336,0.00493598216585336,0.00501079742463636,0.0178277174098382,1.49899655164743,0.0857396046579885,0.399049367686709,0.38270013576429,0.253089300270425,17.949495672528,0.253089300270425,0.71494646568889,0.5,0.00751683505977899,0.00751683505977899,0.00973602938944911,0.0866996831583414,0.0866996831583414,0.098671319993461,0.352790683668506,279.996335210983,0.103228778473635,0.442430908429945,0.411041739357271,0.262090090915334,20.578211590081,0.262090090915334,0.727358034640392,0.5,0.00835964703955738,0.00835964703955738,0.0107449935478744,0.0914311054259419,0.0914311054259419,0.10365806068715,0.371358014837275,283.119651673267,0.112534162707342,0.461384472465801,0.426137485855265,0.267198797499077,21.9333149386927,0.267198797499077,0.732801202500923,0.5,0.00891928819756511,0.00891928819756511,0.0113981858513463,0.0944419832358001,0.0944419832358001,0.106762286652463,0.382211608600031,284.174094210307,0.122164501672699,0.47973197744876,0.441418819172778,0.272641965359608,23.2666496368255,0.272641965359608,0.737909909084666,0.5,0.0095687135184225,0.0095687135184225,0.0121487719632993,0.0978198012566747,0.0978198012566747,0.110221467795758,0.394041039195902,284.892549524165,0.141664827094092,0.515017890624882,0.476469630502814,0.28505353431111,25.6778189567886,0.28505353431111,0.746910699729575,0.5,0.0111814074365691,0.0111814074365691,0.0139279690015541,0.105742174320644,0.105742174320644,0.118016815463861,0.422109549062901,285.61090498878,3907.232624645,2722.99801938803,3435.81343785826,2565.39228335671,4008.40562285834,2565.39228335671,2565.39228335685,NA,3128.01053702019,3128.01053702019,3635.0090107634,3233.33468489854,3233.33468489854,3726.22310661239,2490.18862231305,2375.41620297783,1.00116382846528,1.00195401473486,1.00102372297824,1.00217490652554,1.00029010672592,1.00217490652554,1.00217490652554,NA,1.00109117191537,1.00109117191537,1.00065049378564,1.00093152121202,1.00093152121202,1.00055145618213,1.00232469574173,1.00293922652248
"TARGET.30.PAMZSH.01A",0.118884278622431,0.529431006304515,0.351684715073054,0.408088120160923,19.9647547838989,0.408088120160923,0.591911879839077,0.5,0.0123657424900191,0.0123657424900191,0.0128085986289415,0.110811446530429,0.110811446530429,0.112879827555452,0.875592934976651,625.426303887139,0.000903986801322075,0.00324917959865894,0.00253257426003215,0.0009396224887441,0.0955364530259081,0.0009396224887441,0.000939622488744111,NA,5.67937379448746e-05,5.67937379448746e-05,5.0241415603141e-05,0.000269475238984424,0.000269475238984424,0.000232131789153296,0.00475241383216407,0.030186190258693,0.0415905705034191,0.120685419110671,0.0935255526326562,0.0318122170063181,3.26330445356695,0.0318122170063181,0.0318122170063181,0,0.0019891807651669,0.0019891807651669,0.00179146081564885,0.00930465635752638,0.00930465635752638,0.00817015935773615,0.169346842157277,1.4173407093059,0.0500216339230425,0.297316058650576,0.18481945129262,0.332458594028233,15.9636317618265,0.332458594028233,0.54528601431197,0.5,0.00772859654851257,0.00772859654851257,0.00862216250606133,0.0879124368165536,0.0879124368165536,0.0928556002250975,0.546688790443167,621.887795490969,0.0886845378812504,0.442689382741708,0.281677918142815,0.391220887177147,17.7435272296045,0.391220887177147,0.568997339001609,0.5,0.0112516971589774,0.0112516971589774,0.011772170635574,0.106074017346978,0.106074017346978,0.10849963410078,0.76264438059639,624.735882744279,0.11391666025712,0.531727831921506,0.351405453426028,0.41482360371033,19.1293939387547,0.41482360371033,0.58517639628967,0.5,0.0126684798018268,0.0126684798018268,0.013068892867213,0.112554341543109,0.112554341543109,0.11431925851408,0.884941870971302,625.739462213033,0.14504807037519,0.622558181285311,0.417470574318779,0.431002660998391,21.2365255959109,0.431002660998391,0.608779112822853,0.5,0.0137888576305135,0.0137888576305135,0.0140896450175601,0.117425966590442,0.117425966590442,0.118699810518864,0.990270080050824,626.462107264129,0.210957671523434,0.742218266681058,0.536677194792142,0.45471398568803,28.9950463495138,0.45471398568803,0.667541405971767,0.5,0.0154746969869821,0.0154746969869821,0.0156605968259329,0.124397335123115,0.124397335123115,0.1251423062431,1.20080493289188,627.234941741455,2116.73054176117,1379.62854215743,1363.75447595985,1146.25453666769,1166.74771992652,1146.25453666769,1146.25453666766,NA,1226.72607241631,1226.72607241631,1271.42542395023,1192.23795914111,1192.23795914111,1238.77324658617,1269.77187352503,2204.61070794234,1.00068173237154,1.00191954990448,1.00199596017724,1.00417795746374,1.00522485656812,1.00417795746374,1.00417795746374,NA,1.00486541900392,1.00486541900392,1.00477032703799,1.00505430113921,1.00505430113921,1.00492976808213,1.00324083185379,1.001121172868
"TARGET.30.PANBSP.01A",0.289010055141141,0.270534442619625,0.440455502239233,0.118471659299147,20.4100680773412,0.118471659299147,0.881528340700853,0.5,0.00512905890156842,0.00512905890156842,0.0122826170070079,0.0715928513103936,0.0715928513103936,0.110788784995197,0.135229127984456,89.4283881944096,0.000171354297751882,0.000184793784105095,0.000199968864222971,3.85370863995467e-05,0.0126779696923297,3.85370863995467e-05,3.85370863995489e-05,NA,3.05679570074714e-06,3.05679570074714e-06,7.66948761524495e-06,2.12637043890325e-05,2.12637043890325e-05,3.45141458196786e-05,5.05324786878886e-05,0.0246639909887462,0.0145934316256093,0.0151313244670329,0.0164318236199197,0.00320523397434062,1.06988336326236,0.00320523397434062,0.00320523397434062,0,0.00026941964485575,0.00026941964485575,0.000645889392903795,0.00187696115814521,0.00187696115814521,0.00290915523714448,0.00420133777586715,1.41232105369718,0.259881088702765,0.241238575645879,0.408269922522535,0.112243066734877,18.3428808069125,0.112243066734877,0.875218554501764,0.5,0.0046375097172304,0.0046375097172304,0.011088091468832,0.0680992636987621,0.0680992636987621,0.105300006963614,0.127114707882416,85.8813410743519,0.279308628426339,0.260519800359472,0.429576097627362,0.116298754772404,19.6765134538757,0.116298754772404,0.879362629356394,0.5,0.00494474223939021,0.00494474223939021,0.0118374329344691,0.0703188611922378,0.0703188611922378,0.108799967529722,0.132371927929669,88.721994091997,0.289166222136149,0.270506193115449,0.440591751841918,0.11849079304555,20.3899770155256,0.11849079304555,0.88150920695445,0.5,0.00511889473185951,0.00511889473185951,0.012260926033176,0.0715464515671771,0.0715464515671771,0.110729065891067,0.135236557212934,89.7464410449295,0.298709098778784,0.280548454762901,0.451602600076707,0.120637370643606,21.1194438341508,0.120637370643606,0.883701245227596,0.5,0.00530350169312868,0.00530350169312868,0.0127055029702494,0.0728251446488317,0.0728251446488317,0.112718689526482,0.138057772549007,90.4819056849999,0.317631080879574,0.300456697764452,0.472418786735831,0.124781445498236,22.5467115697693,0.124781445498236,0.887756933265123,0.5,0.00569552523039221,0.00569552523039221,0.0136292659063307,0.075468703647364,0.075468703647364,0.116744447003938,0.14354971510814,91.1798355387863,7253.1198264448,6704.69722748806,6752.22288031805,6917.69996062411,7121.53232802167,6917.69996062411,6917.69996062331,NA,7768.29466772029,7768.29466772029,7092.24294363035,7791.70889942891,7791.70889942891,7104.59840097637,6912.48170699601,3278.99051518829,0.999922837865744,1.00027494086717,1.00002553596465,1.0000052452848,0.999960191523345,1.0000052452848,1.0000052452848,NA,0.999984662432079,0.999984662432079,0.999954370495902,0.999977177833561,0.999977177833561,0.999955744799348,1.00000540453836,0.999700118121697
"TARGET.30.PANNMS.01A",0.578887309048283,0.299728229918328,0.121384461033388,0.336957225924164,19.131205722241,0.336957225924164,0.663042774075836,0.5,0.0117773481153984,0.0117773481153984,0.0131749770299082,0.108391349883122,0.108391349883122,0.114664966494054,0.561156539563196,417.234449150318,0.000843270587839362,0.00113678272129309,0.000350635804451287,0.000198175119763033,0.0308616361178965,0.000198175119763033,0.000198175119763032,NA,2.14941057910951e-05,2.14941057910951e-05,2.12012760591901e-05,9.88533235650934e-05,9.88533235650934e-05,9.21951287472132e-05,0.000611589488325138,0.0262079962273583,0.040677807468093,0.0533589193310233,0.0208719688367516,0.00952671242934899,1.73327190031836,0.00952671242934899,0.00952671242934899,0,0.00116579537592764,0.00116579537592764,0.00119447012138416,0.00535415439487846,0.00535415439487846,0.00518901286927711,0.0293648798367125,1.39470457517213,0.501505081109911,0.190890071744352,0.0826414851000493,0.318556221366686,15.906332818944,0.318556221366686,0.644143963809422,0.5,0.00965221249863155,0.00965221249863155,0.0109904862377779,0.0982456741972861,0.0982456741972861,0.104835519920345,0.506831126161968,413.797763384755,0.550929211386732,0.264694156330315,0.106925090574841,0.330398790554205,17.9592089350087,0.330398790554205,0.656668781277434,0.5,0.0109699747980985,0.0109699747980985,0.0123484505067502,0.104737647471311,0.104737647471311,0.111123582132808,0.54057912199609,416.500743398134,0.578294581068433,0.301198001740446,0.1205574413379,0.336976368574171,19.0579614469447,0.336976368574171,0.663023631425829,0.5,0.0117145606320221,0.0117145606320221,0.0131178773150227,0.108233823878847,0.108233823878847,0.114533302201787,0.560356465028992,417.555270506615,0.605665788702124,0.335529777458843,0.134787938208331,0.343331218722566,20.2454550813414,0.343331218722566,0.669601209445795,0.5,0.0125111109018181,0.0125111109018181,0.0139204349697078,0.111853077298576,0.111853077298576,0.117984892967253,0.5802370974839,418.283863126455,0.66170292068246,0.40074332482828,0.165033740207762,0.355856036190578,22.7469462828922,0.355856036190578,0.681443778633314,0.5,0.0142755337847091,0.0142755337847091,0.0157170105157137,0.119480265097596,0.119480265097596,0.125367501821071,0.621897774803522,418.985122317151,2326.91847031529,2203.22638012135,3543.35212566544,2310.93565458979,3154.24555746608,2310.93565458979,2310.93565458979,NA,2941.75088369019,2941.75088369019,3174.14366534951,2933.58874216889,2933.58874216889,3167.76929805537,2305.34767295757,2832.02326005102,1.00061082508712,1.0006796749934,1.00029962654607,1.00043117696179,1.00037224697392,1.00043117696179,1.00043117696179,NA,1.00048549370556,1.00048549370556,1.00041615253742,1.00047500341144,1.00047500341144,1.00040816373464,1.00047133597794,1.00147693240075
"TARGET.30.PANRHJ.01A",0.142880778678211,0.301097635673895,0.556021585647894,0.243181477349836,21.6896190084539,0.243181477349836,0.756818522650164,0.5,0.00852789818427875,0.00852789818427875,0.0115827018574852,0.0922813428383253,0.0922813428383253,0.107557000884792,0.333224837701891,227.634491764137,0.000184569652026539,0.000348876727769027,0.000273104407687126,7.93584072363747e-05,0.0206793518093955,7.93584072363747e-05,7.93584072363787e-05,NA,9.18392770597849e-06,9.18392770597849e-06,1.1140249340181e-05,4.94002260804139e-05,4.94002260804139e-05,5.15498437199915e-05,0.000155213530195897,0.0227488693936927,0.0130589669187533,0.0227124992944334,0.0201348198715938,0.00527217632229931,1.51198806611499,0.00527217632229931,0.00527217632229931,0,0.000644228513681938,0.000644228513681938,0.000813768288328711,0.00347180859439062,0.00347180859439062,0.00376765080030972,0.0102864090219574,1.37298354433816,0.118278639130461,0.256165832332887,0.516438519622013,0.2332710531335,18.8261595112439,0.2332710531335,0.746276654110373,0.5,0.0073929091368787,0.0073929091368787,0.0100997834550307,0.0859820279877042,0.0859820279877042,0.100497678851737,0.314187568100256,224.155194696462,0.133710804025875,0.286062623274383,0.542389513462126,0.239562856787566,20.6446707203469,0.239562856787566,0.753314319201722,0.5,0.0080695909498563,0.0080695909498563,0.011012295803034,0.0898309019758563,0.0898309019758563,0.104939486386176,0.326123279608621,226.927553354249,0.142703226733364,0.301135821110126,0.555928080239611,0.243119496204823,21.6709607782236,0.243119496204823,0.756880503795177,0.5,0.00848447385180736,0.00848447385180736,0.0115361751899929,0.092111203724059,0.092111203724059,0.107406588201796,0.332998543725136,227.930698444305,0.151702745216887,0.316361707121978,0.569538918068126,0.246685680798278,22.7018965413838,0.246685680798278,0.760437143212434,0.5,0.00895039822016347,0.00895039822016347,0.0121096627510736,0.0946065442776314,0.0946065442776314,0.110043912828951,0.339988506204776,228.660589659222,0.169010669351955,0.345551516880662,0.595682046024214,0.253723345889627,24.7530059586995,0.253723345889627,0.7667289468665,0.5,0.00990304819691548,0.00990304819691548,0.013279394573266,0.0995140602975694,0.0995140602975694,0.115236255437697,0.354076292093068,229.367767457411,5006.07159641662,4238.24299676118,5435.4822104781,4413.61012502276,5345.92526631299,4413.61012502276,4413.61012502232,NA,4920.65563881348,4920.65563881348,5335.94938228802,4939.16659465321,4939.16659465321,5341.78718591701,4392.06162741384,3642.59619454408,1.00034571445035,0.999796503955121,1.00023850251933,1.00040728775892,0.99986776155541,1.00040728775892,1.00040728775893,NA,0.999939093439653,0.999939093439653,0.999817537836939,0.999950731348793,0.999950731348793,0.999830102487124,1.00040893765507,0.999929872169215
"TARGET.30.PANRRW.01A",0.065829704699735,0.467071841889867,0.467098453410398,0.358545735661214,20.1771001043116,0.358545735661214,0.641454264338786,0.5,0.0117987522745268,0.0117987522745268,0.0127981161925497,0.108041321792074,0.108041321792074,0.112690269996303,0.640997328483711,530.346548847572,0.00046813738615538,0.00288324318487999,0.00254919211074322,0.000816779116431952,0.117536369026018,0.000816779116431952,0.000816779116431979,NA,7.16182544634212e-05,7.16182544634212e-05,6.58711676275467e-05,0.000341050073761387,0.000341050073761387,0.000299861084075895,0.00283255704333218,0.0283034918300234,0.0204801379981662,0.104150523546731,0.0930015263333082,0.0276741568651694,3.78554506551593,0.0276741568651694,0.0276741568651694,0,0.0023938670485782,0.0023938670485782,0.0022181914115887,0.0112178781437133,0.0112178781437133,0.00995146319204236,0.0988740107981131,1.38419095361693,0.0323258875938155,0.253605284528005,0.320476545405611,0.307555688455443,14.9334743657363,0.307555688455443,0.596014935662744,0.5,0.00744211729041237,0.00744211729041237,0.00868378478517957,0.086267707071696,0.086267707071696,0.0931868273148201,0.47740063903011,526.852518610623,0.0514699679219469,0.390506423633234,0.389526104278323,0.33562540836041,17.2460170046868,0.33562540836041,0.618948782380257,0.5,0.00983150187268205,0.00983150187268205,0.011026709577838,0.0991539301431888,0.0991539301431888,0.105008140519623,0.556230092266523,529.680656726142,0.0631314187322965,0.476179795259236,0.459757636865058,0.361551408162699,19.2520207572631,0.361551408162699,0.638448591837301,0.5,0.011996053965602,0.011996053965602,0.0129856498348132,0.109526498919326,0.109526498919326,0.113954595487206,0.642054510799516,530.677547905503,0.0774108753511595,0.554345452705588,0.536322926101025,0.381051217619743,22.6722213419475,0.381051217619743,0.66437459163959,0.5,0.0136569152854913,0.0136569152854913,0.0144961007480724,0.116862805392361,0.116862805392361,0.120399753936751,0.717957549213642,531.367849069371,0.112708176824402,0.630167932839428,0.654885954455273,0.403985064337256,28.7892901776084,0.403985064337256,0.692444311544557,0.5,0.0160419802302032,0.0160419802302032,0.0167409133346451,0.126656939106396,0.126656939106396,0.129386681433093,0.825052170630988,531.999821436501,1913.89939636398,1304.84932880899,1330.99069993892,1147.99381026369,1037.31892406942,1147.99381026369,1147.99381026361,NA,1117.25572776759,1117.25572776759,1133.98501426403,1081.89506701588,1081.89506701588,1101.37107997258,1218.44792815851,2391.72904066089,1.00209960509435,1.00295064506921,1.00291243388265,1.00387824249016,1.00410767015279,1.00387824249016,1.00387824249016,NA,1.00338324907456,1.00338324907456,1.00328673193605,1.00364621932185,1.00364621932185,1.00350768804057,1.00346885545759,1.0003791876827
"TARGET.30.PANRVJ.01A",0.0904539886492123,0.36179643144038,0.547749579910408,0.276271366624773,20.2957977064705,0.276271366624773,0.723728633375227,0.5,0.00992360131941804,0.00992360131941804,0.0124046358123336,0.0995136137302405,0.0995136137302405,0.111277891189426,0.402335291285687,322.540601034667,0.000212171758165057,0.000529575857274516,0.00039013092366962,0.000120489557089607,0.0262070553769163,0.000120489557089607,0.000120489557089607,NA,1.48622588010123e-05,1.48622588010123e-05,1.64129611787442e-05,7.38015001926387e-05,7.38015001926387e-05,7.30533360561517e-05,0.000271630281705479,0.0261459033306806,0.0137050052525793,0.0301560154833197,0.0249721394434733,0.00703368799556883,1.69599633773355,0.00703368799556883,0.00703368799556883,0,0.000910659143683188,0.000910659143683188,0.00104667304833608,0.00454363096425431,0.00454363096425431,0.00467648141798801,0.0157741192838333,1.4178949714062,0.0649570490125199,0.300894441286628,0.500496205853966,0.262940485053857,17.1310831596642,0.262940485053857,0.709246562058355,0.5,0.00831701522931459,0.00831701522931459,0.0105354220942276,0.0911976711836125,0.0911976711836125,0.102642204214939,0.373148435452238,319.009187346733,0.0808326415192671,0.342314638897885,0.530501775398716,0.271491156626096,19.1292346643095,0.271491156626096,0.719113728220138,0.5,0.00927902205485882,0.00927902205485882,0.011668434454032,0.0963276806060334,0.0963276806060334,0.108020527927259,0.39151659350834,321.818821498331,0.0901433034245767,0.362098066030849,0.547563194336576,0.276117438669633,20.2656717919361,0.276117438669633,0.723882561330367,0.5,0.00986304780375038,0.00986304780375038,0.0123361318869549,0.0993128783311518,0.0993128783311518,0.111068140737644,0.401743231916293,322.855872368482,0.0995566984497676,0.382517354149174,0.564294263829133,0.280886271779862,21.4253249666633,0.280886271779862,0.728508843373904,0.5,0.0104895524352253,0.0104895524352253,0.0130690016820131,0.10241851607607,0.10241851607607,0.114319734437968,0.412508598229157,323.586309163039,0.117946710951403,0.419420043142231,0.598052601804658,0.290753437941645,23.7294717321716,0.290753437941645,0.737059514946143,0.5,0.0118758946705251,0.0118758946705251,0.0145933562860718,0.108976578541065,0.108976578541065,0.120802964716885,0.435547409519034,324.310703158071,4172.3743057622,3242.58641903294,4097.233837869,3407.74730918058,4188.06455674673,3407.74730918058,3407.74730918059,NA,3754.41318244135,3754.41318244135,4066.75676753741,3790.31863868539,3790.31863868539,4097.8713470022,3372.35956333272,2940.90382562796,0.99988669342155,1.00046456698216,1.0004019386278,0.999903115095413,0.999969126368922,0.999903115095413,0.999903115095413,NA,0.999945572479922,0.999945572479922,1.00000742601937,0.999937421978741,0.999937421978741,0.99999773409948,0.999915026101612,1.00054172577753
"TARGET.30.PANUKV.01A",0.286734692267922,0.428744577534437,0.284520730197641,0.210129005971132,19.9029171463562,0.210129005971132,0.789870994028868,0.5,0.00837778402438178,0.00837778402438178,0.0126209148344529,0.0914689497658059,0.0914689497658059,0.112275508983659,0.272691053548106,62.8577065967845,0.000225121128881069,0.000337031397515573,0.000225562637521219,8.62495069334878e-05,0.0183775926124775,8.62495069334878e-05,8.62495069334876e-05,NA,8.44838724963375e-06,8.44838724963375e-06,1.20249350551691e-05,4.56536667070429e-05,4.56536667070429e-05,5.29844749715822e-05,0.000149179991460954,0.025868030053071,0.0164997323316473,0.0224835835038157,0.017445396128714,0.00593395660518137,1.36501737999208,0.00593395660518137,0.00593395660518137,0,0.000616776381814966,0.000616776381814966,0.000878607761111057,0.00334912752879856,0.00334912752879856,0.00388931970455561,0.0102536259012236,1.4318478841896,0.254640041656723,0.384250360179037,0.250984985664614,0.198860006406237,17.2031348268297,0.198860006406237,0.777818568661599,0.5,0.00729002550473567,0.00729002550473567,0.0110346738146199,0.0853816461394469,0.0853816461394469,0.105046055674593,0.253516423407503,59.2289421311817,0.27551147048281,0.413871043493509,0.27223218815348,0.206096853508355,19.010000847798,0.206096853508355,0.785909336219805,0.5,0.00795612531855583,0.00795612531855583,0.0120207203372768,0.0891971149676607,0.0891971149676607,0.109639045677873,0.265678909740282,62.1315115416005,0.286556012401683,0.428806165056317,0.284307655574434,0.209979311270006,19.8898709127984,0.209979311270006,0.790020688729994,0.5,0.00833507385410284,0.00833507385410284,0.0125692117912232,0.0912966256442017,0.0912966256442017,0.112112496141977,0.272327918769949,63.198423323319,0.297691688675318,0.44378646568725,0.296495677924371,0.214090663780195,20.7974225333983,0.214090663780195,0.793903146491645,0.5,0.00875382980859375,0.00875382980859375,0.0131509725855383,0.0935619036160032,0.0935619036160032,0.114677690007832,0.279466672041952,63.9117539610378,0.319822978262049,0.472593676815861,0.318875620201275,0.222181431338401,22.6558577413178,0.222181431338401,0.801139993593763,0.5,0.00972885445048473,0.00972885445048473,0.0145322351141714,0.0986349554657828,0.0986349554657828,0.120549720506143,0.293819914251601,64.6452906135367,5371.81789962311,4450.31078587145,5981.7373837181,4733.42488890492,5516.95094078243,4733.42488890492,4733.42488890494,NA,5329.76235481741,5329.76235481741,5338.56569632108,5381.60777527345,5381.60777527345,5388.27828476933,4724.25988882621,3063.84683418689,0.999832695688289,1.0002851920934,1.00031344939194,1.00076803622325,1.00013834462009,1.00076803622325,1.00076803622325,NA,1.00002960998894,1.00002960998894,1.00020193962485,1.00001433595637,1.00001433595637,1.00018362829763,1.00077176651475,1.00147543520428
"TARGET.30.PANWRR.01A",0.334234510607991,0.501036321518487,0.164729167873521,0.370105989625449,13.4896378905099,0.370105989625449,0.629894010374551,0.5,0.0177271800881009,0.0177271800881009,0.0190053662959134,0.132567674557279,0.132567674557279,0.137433592415097,0.690115286748712,378.571945384817,0.00145129948712039,0.00218097846984354,0.000907399586108402,0.000677962655136748,0.046886370226858,0.000677962655136748,0.000677962655136749,NA,7.19075665665271e-05,7.19075665665271e-05,6.47675075976517e-05,0.000270002395551796,0.000270002395551796,0.000234857779463855,0.00287523494845939,0.0368322149071288,0.0681905885082558,0.0999200725338618,0.044554712643939,0.0310371483561072,2.18255187101505,0.0310371483561072,0.0310371483561072,0,0.00328806205807026,0.00328806205807026,0.00298079769137915,0.0123697565431158,0.0123697565431158,0.0108346040709951,0.132597386895077,1.55410307558076,0.214452867531314,0.294904332971312,0.0821714294648754,0.311641688847578,10.0154990398497,0.311641688847578,0.566195319161063,0.5,0.0119037834435845,0.0119037834435845,0.0136342700109545,0.109104461152715,0.109104461152715,0.116765876857099,0.488131019622692,374.720075951213,0.285667710278734,0.433365585102799,0.133506271232095,0.348690677164275,11.8558254505325,0.348690677164275,0.609487719895269,0.5,0.0152808406975039,0.0152808406975039,0.016792612526579,0.123615697593886,0.123615697593886,0.12958631299277,0.59764093072885,377.783020182702,0.329565155048302,0.505975802872353,0.162824883059879,0.369554267906454,13.2381119885466,0.369554267906454,0.630445732093546,0.5,0.0175698264839044,0.0175698264839044,0.0188848682332115,0.132551222087145,0.132551222087145,0.137422226086729,0.671825402199661,378.931100223857,0.378172406574872,0.572639738034464,0.194009185408938,0.390512280104731,14.8874989100277,0.390512280104731,0.651309322835725,0.5,0.0199640799423407,0.0199640799423407,0.0210866802503847,0.141294302556104,0.141294302556104,0.145212534728848,0.759397853763223,379.722234855803,0.478302960989095,0.684025903460256,0.257117432545256,0.433804680838937,18.3361485971933,0.433804680838937,0.688358311152421,0.5,0.0243497738767225,0.0243497738767225,0.024961312372396,0.156044140764134,0.156044140764134,0.157991494612595,1.01099917787257,380.515250401484,2207.67324068735,2098.95305154384,2410.96075100681,2095.8108314641,2166.88529824386,2095.8108314641,2095.8108314641,NA,2090.88827599492,2090.88827599492,2118.12035084475,2098.87739122605,2098.87739122605,2128.21838329374,2126.78335979167,1780.34417480688,1.00114031529744,1.00150200756956,1.00119713644298,1.00069865839812,1.00039142113546,1.00069865839812,1.00069865839812,NA,1.00044658586258,1.00044658586258,1.00040304859264,1.00044549016249,1.00044549016249,1.00039042702205,1.00062162901678,1.00045687203659
"TARGET.30.PANYGR.01A",0.400660221008416,0.478352603141215,0.120987175850369,0.226203575056666,21.4816468902291,0.226203575056666,0.773796424943334,0.5,0.00819241648716856,0.00819241648716856,0.011702587402275,0.0904430323974308,0.0904430323974308,0.108103128600658,0.301233428089793,187.938806194438,0.000254741016900643,0.000328427225303201,0.000169880988621291,8.48720460839196e-05,0.0205832551838094,8.48720460839196e-05,8.48720460839164e-05,NA,8.33201534211542e-06,8.33201534211542e-06,1.14115291783263e-05,4.55217005492813e-05,4.55217005492813e-05,5.23606894620859e-05,0.000155459456663629,0.0245397649533743,0.0190197868153797,0.0228415432080209,0.0132157323689743,0.00603733796982688,1.59461313665481,0.00603733796982688,0.00603733796982688,0,0.000642962149851554,0.000642962149851554,0.000877375037483197,0.00353212930369541,0.00353212930369541,0.00403770069507198,0.0110440339815614,1.41570514652563,0.363547365427186,0.433153678547214,0.0959893516517394,0.214522677122516,18.3958967840532,0.214522677122516,0.761743860178433,0.5,0.00704034521488424,0.00704034521488424,0.0101117827476817,0.0839067650094759,0.0839067650094759,0.100557360483158,0.280222751000216,184.276924720116,0.387758839270834,0.462910315431521,0.111860728194688,0.222077970498948,20.4014752011978,0.222077970498948,0.769782371916422,0.5,0.00774003479698036,0.00774003479698036,0.0110915523438498,0.0879774675524279,0.0879774675524279,0.105316439083577,0.293633746762133,187.234819882023,0.400455169235619,0.47814066828081,0.120535174753384,0.226068771022639,21.4471219080208,0.226068771022639,0.773931228977361,0.5,0.00815303833275097,0.00815303833275097,0.0116565756972167,0.0902941766137161,0.0902941766137161,0.107965622756135,0.300865506354412,188.261961332983,0.413474469584073,0.493900473089184,0.130105267892216,0.230217628083578,22.5396763667158,0.230217628083578,0.777922029501052,0.5,0.00858959087401014,0.00858959087401014,0.0122540158364377,0.0926800457164812,0.0926800457164812,0.11069785830792,0.308496247197143,188.982078780146,0.438032182900788,0.523284924938336,0.147172561385846,0.238256139821568,24.7236324466251,0.238256139821568,0.785477322877484,0.5,0.00956309363606358,0.00956309363606358,0.013589987160167,0.0977910713488079,0.0977910713488079,0.116576100231919,0.323620852894357,189.687941483233,5574.59772650692,4836.96095673788,6051.91627254615,5060.12950755984,6001.81436284465,5060.12950755984,5060.12950756023,NA,5954.84817250775,5954.84817250775,5911.29805880016,6020.55089968201,6020.55089968201,5946.44672304215,5046.85906982211,3328.1648107056,1.00091991616208,1.00157295766411,1.00106621897411,1.00057812954413,1.0015705707976,1.00057812954413,1.00057812954413,NA,1.00103242116232,1.00103242116232,1.00143292765547,1.00106669088833,1.00106669088833,1.00146635647777,1.00057320049125,1.00025212108091
"TARGET.30.PANZVU.01A",0.288091788119746,0.478777627397311,0.233130584482942,0.312917095736104,18.6307615532655,0.312917095736104,0.687082904263896,0.5,0.011824621466852,0.011824621466852,0.0137225023402871,0.108314204774687,0.108314204774687,0.116803399610184,0.49410670365058,309.902032383663,0.000922754735516583,0.0015654616287708,0.000701092298477869,0.000492889645479443,0.0628576093189049,0.000492889645479443,0.000492889645479437,NA,6.02815239863824e-05,6.02815239863824e-05,5.80253609996761e-05,0.000257382942097695,0.000257382942097695,0.000232581711657576,0.00144564198907227,0.0378440541822293,0.0384387869998199,0.0644371137915201,0.0322082446558982,0.0183698563770988,2.7096551268342,0.0183698563770988,0.0183698563770988,0,0.00217246098609275,0.00217246098609275,0.0021506195145178,0.00962632298133489,0.00962632298133489,0.00891504989077593,0.0517877751914263,1.52825820395241,0.224450064341358,0.333071408209237,0.178180990835004,0.283125116882576,13.4571166768616,0.283125116882576,0.647799223038162,0.5,0.00861906342871305,0.00861906342871305,0.0104298156967619,0.0928389111722292,0.0928389111722292,0.102126469083205,0.417643743534329,306.055855287912,0.261495233308558,0.440509947533768,0.210997404129245,0.299830311364246,16.7529595491573,0.299830311364246,0.67532478191418,0.5,0.0102982438736546,0.0102982438736546,0.0122203951797702,0.101480263460752,0.101480263460752,0.110545896244403,0.457721324210037,309.228021282977,0.283519594657013,0.486681432891159,0.230317985351689,0.310586836958592,18.6240212992246,0.310586836958592,0.689413163041408,0.5,0.011472715719906,0.011472715719906,0.0134235241675491,0.107110763785926,0.107110763785926,0.115859933400006,0.485338710873977,310.244402086156,0.310675556125916,0.523579578639559,0.252153042741155,0.32467521808582,20.4576035874222,0.32467521808582,0.700169688635754,0.5,0.0130287473774442,0.0130287473774442,0.0149227364461888,0.114143538478345,0.114143538478345,0.1221586527656,0.523983973977876,310.971006086713,0.374501467409852,0.584449861703796,0.304727526733975,0.352200776961838,23.9697429145484,0.352200776961838,0.716874883117423,0.5,0.0167224704392101,0.0167224704392101,0.0185775308530408,0.12931539119939,0.12931539119939,0.136299416169913,0.609376679762035,311.74478860531,1735.26890024865,1694.28827441266,2110.4920481632,1389.03162043496,1858.2849937416,1389.03162043496,1389.03162043499,NA,1298.77980008644,1298.77980008644,1373.69862120557,1398.81839929977,1398.81839929977,1469.25247579069,1283.3142014034,1630.7904535056,1.0032806543106,1.00404928682027,1.00346460740348,1.00297234067231,1.00183806142242,1.00297234067231,1.00297234067231,NA,1.00233492868477,1.00233492868477,1.00215538545283,1.0022657680378,1.0022657680378,1.00207973334579,1.00288447035893,1.00266103308882
"TARGET.30.PAPBGH.01A",0.209036110111069,0.384530747121179,0.406433142767751,0.22036682832549,21.2864051153763,0.22036682832549,0.77963317167451,0.5,0.00810803729946083,0.00810803729946083,0.0117989374214422,0.0899862992289965,0.0899862992289965,0.108560004790865,0.290659212896415,109.527315016836,0.000199533034195895,0.000306582902062898,0.000226917820968745,7.55871603372617e-05,0.019046201002378,7.55871603372617e-05,7.55871603372618e-05,NA,7.95336368415578e-06,7.95336368415578e-06,1.06729178334707e-05,4.3844834735399e-05,4.3844834735399e-05,4.88989475805199e-05,0.000135579070394758,0.0252129612105031,0.0148728638036691,0.02196500627128,0.0185631309366139,0.00543193437493675,1.442516569879,0.00543193437493675,0.00543193437493675,0,0.000586204791500604,0.000586204791500604,0.000805673582227618,0.00324107445159615,0.00324107445159615,0.00369655100205977,0.00972563439597642,1.42860380375446,0.180639990288053,0.342089580481146,0.369779266790496,0.209854072098131,18.4807580090604,0.209854072098131,0.768719090091021,0.5,0.00706836894568837,0.00706836894568837,0.0103589615895747,0.0840735924373839,0.0840735924373839,0.101778984025384,0.272112051320139,105.851253281294,0.199048581249459,0.370101414460027,0.394017282071533,0.216741776975783,20.291433926469,0.216741776975783,0.776066872866905,0.5,0.0076906821808023,0.0076906821808023,0.0112337979704647,0.0876965345991871,0.0876965345991871,0.105989612556959,0.28412458397947,108.810947266645,0.208840192526745,0.384424063505861,0.406172264762365,0.220276384765142,21.2643240372672,0.220276384765142,0.779723615234858,0.5,0.00807517535781464,0.00807517535781464,0.0117567809614923,0.0898619794889013,0.0898619794889013,0.108428690674969,0.290403035596253,109.857986848741,0.219085758142816,0.398847679943772,0.418813850567968,0.223933127133095,22.2542723930896,0.223933127133095,0.783258223024217,0.5,0.00848038732976447,0.00848038732976447,0.0123204698547661,0.0920890185076321,0.0920890185076321,0.110997611932659,0.296982484532331,110.577910350242,0.238417369457896,0.428912124928741,0.442786160376325,0.231280909908979,24.1336931188137,0.231280909908979,0.790145927901869,0.5,0.00938234593557181,0.00938234593557181,0.013527583666013,0.0968625104751612,0.0968625104751612,0.116308141003081,0.310470769606571,111.31392938685,5555.96611697494,5132.94725382171,6692.14353147316,5164.31790595762,5736.20804684488,5164.31790595762,5164.31790595761,NA,5432.46633927749,5432.46633927749,5698.38666525489,5464.38310668384,5464.38310668384,5714.71242616219,5145.77242817855,3210.5237939507,1.00006255363524,1.00023685084825,1.00031956347552,1.00020208223303,1.00068960278046,1.00020208223303,1.00020208223303,NA,1.0006769815244,1.0006769815244,1.0006599692286,1.00068995241591,1.00068995241591,1.00066782771296,1.0001942053283,1.00046365658107
"TARGET.30.PAPBJE.01A",0.311774825097444,0.501664369042465,0.186560805860091,0.352333497504358,15.6000755606191,0.352333497504358,0.647666502495642,0.5,0.01510914517356,0.01510914517356,0.0165287218998184,0.122259728188609,0.122259728188609,0.128059771703919,0.621598879693298,381.16189720024,0.00125888967017798,0.00202527285331566,0.000873529944336021,0.000683529801369754,0.0598730015205519,0.000683529801369754,0.000683529801369758,NA,7.47024631350487e-05,7.47024631350487e-05,6.85224249306014e-05,0.000294370006612401,0.000294370006612401,0.000259451743979415,0.00289562851819566,0.0396517453650836,0.0581724569154018,0.0928357580875578,0.0436370904636398,0.0288352540701359,2.71045742202977,0.0288352540701359,0.0288352540701359,0,0.00319382317904863,0.00319382317904863,0.00297470128491158,0.0127170850566905,0.0127170850566905,0.0113768602908422,0.117146085995682,1.65123504958725,0.212368170574216,0.305239761885606,0.106325409493436,0.303519468216716,10.6669005580379,0.303519468216716,0.583670549296838,0.5,0.010137078389142,0.010137078389142,0.0117763928937761,0.10068305909692,0.10068305909692,0.108519089967877,0.467022373487644,376.956379300497,0.269563775733033,0.441608130685757,0.156777921120543,0.331932384923744,13.7055964044185,0.331932384923744,0.631085014240815,0.5,0.0127843217064549,0.0127843217064549,0.0143781237804186,0.113067774829504,0.113067774829504,0.119908814430314,0.545120864875151,380.407872816396,0.306795669561873,0.507787876357142,0.18372822685689,0.350620888376176,15.4645488019465,0.350620888376176,0.649379111623824,0.5,0.0146743838995061,0.0146743838995061,0.0161660067405574,0.121137871447079,0.121137871447079,0.127145612341825,0.604060325306023,381.54619654803,0.34870771678692,0.568605430602204,0.214088346917275,0.368914985759185,17.3875259373468,0.368914985759185,0.668067615076256,0.5,0.016913633045565,0.016913633045565,0.0182407239112507,0.130052424191843,0.130052424191843,0.135058224149075,0.669381011023194,382.339224748575,0.436395070558854,0.663742246602745,0.278389876240265,0.416329450703162,21.2289113306395,0.416329450703162,0.696480531783284,0.5,0.0226159248759575,0.0226159248759575,0.0234369861257613,0.150385919417579,0.150385919417579,0.153091430579146,0.893860567152923,383.136223664488,2135.3028186624,2101.18113716533,2495.49082705058,1779.64203954868,2049.38294585608,1779.64203954868,1779.64203954866,NA,1827.89772844339,1827.89772844339,1884.60905995545,1866.32827979798,1866.32827979798,1922.78914338736,1636.70298780852,1734.17603324044,1.00014487186605,1.00010500228262,1.00008289567194,1.00216531056849,1.00187044758595,1.00216531056849,1.00216531056849,NA,1.00211616217004,1.00211616217004,1.00200428760628,1.00208927346945,1.00208927346945,1.00197775765242,1.00201405638878,1.00336907349415
"TARGET.30.PAPBZI.01A",0.152195897103194,0.444685859958485,0.403118242938321,0.298199754691865,15.1038320165696,0.298199754691865,0.701800245308135,0.5,0.0141846310689272,0.0141846310689272,0.0169031892896296,0.118629148334937,0.118629148334937,0.129671216096356,0.4564020671053,244.385515347907,0.000668144493755601,0.00203439587958606,0.00142375527063451,0.000603992253072036,0.0551333657744203,0.000603992253072036,0.000603992253072025,NA,6.96355690261286e-05,6.96355690261286e-05,6.37773824060383e-05,0.000287821513864219,0.000287821513864219,0.000242376211580006,0.00154860276739105,0.0324991572227522,0.0260756806326017,0.0714244238578279,0.0522676829695358,0.0207804612355761,2.19339147885391,0.0207804612355761,0.0207804612355761,0,0.00253966121488154,0.00253966121488154,0.00246229817305623,0.0105721429015259,0.0105721429015259,0.00941148647831121,0.0527988386677778,1.45449262313076,0.108202544930135,0.283740341462757,0.317735114658114,0.262406696242018,11.308953986843,0.262406696242018,0.660480747662559,0.5,0.0100508289134464,0.0100508289134464,0.0127878830584379,0.100253822387481,0.100253822387481,0.113083522460435,0.372023847221312,240.61671189818,0.134073889728633,0.400030084509561,0.364427107102739,0.282437581575412,13.4873101420238,0.282437581575412,0.686769776651652,0.5,0.0122408591355066,0.0122408591355066,0.0150475549198144,0.110638416133271,0.110638416133271,0.122668475651109,0.41606115400161,243.7130065082,0.149625607628587,0.454393010059024,0.396753775230638,0.296760667555612,14.9229140417842,0.296760667555612,0.703239332444388,0.5,0.0139823004223639,0.0139823004223639,0.0167527601738873,0.118246777633035,0.118246777633035,0.129432454095788,0.45011191822672,244.710965147561,0.167393437424354,0.497071834571123,0.435563886504354,0.313230223348348,16.6139948593057,0.313230223348348,0.717562418424588,0.5,0.0158642974028373,0.0158642974028373,0.0185359421094799,0.125953552530335,0.125953552530335,0.136146766797395,0.492365690515619,245.440751304225,0.211392504885218,0.559174895752339,0.519041477346195,0.339519252337441,19.5497565434708,0.339519252337441,0.737593303757982,0.5,0.0195317610965451,0.0195317610965451,0.022106376975419,0.139756077136302,0.139756077136302,0.148682134013262,0.568217061237469,246.17678902476,1523.10736857757,1232.60111593092,1347.70800140274,1183.7163026059,1582.71708981214,1183.7163026059,1183.71630260594,NA,1330.11538121632,1330.11538121632,1490.55465224841,1349.20997475831,1349.20997475831,1507.77472592944,1162.43500136105,2002.9903092753,1.00277368172275,1.00397565054197,1.00407176879699,1.00461699950638,1.0035125822368,1.00461699950638,1.00461699950638,NA,1.00427043586162,1.00427043586162,1.00381891865251,1.00423217564654,1.00423217564654,1.00375669348992,1.00452758434146,1.00210112055275
"TARGET.30.PAPCTS.01A",0.180326463466573,0.334494368107474,0.485179168425953,0.238421650377102,20.9450215165582,0.238421650377102,0.761578349622898,0.5,0.00871387355882448,0.00871387355882448,0.0119970515140655,0.093281091550723,0.093281091550723,0.109460889401542,0.324039719114115,165.201446288525,0.000204454783458368,0.000340778477154842,0.000247958612755896,8.00935071379513e-05,0.0191360434627339,8.00935071379513e-05,8.00935071379551e-05,NA,9.0436984693466e-06,9.0436984693466e-06,1.12470905088367e-05,4.79000811207274e-05,4.79000811207274e-05,5.09155086522798e-05,0.000153585488790424,0.0238594027295195,0.0150439059578408,0.0228139658905226,0.0192778243095772,0.00529520301075909,1.49028551464946,0.00529520301075909,0.00529520301075909,0,0.000663728031553049,0.000663728031553049,0.000862190713877574,0.00353738350555557,0.00353738350555557,0.0039200926493605,0.010134231212639,1.38559741258752,0.152333814178955,0.288557776556737,0.447856251612459,0.228250430536952,18.0826321388564,0.228250430536952,0.750934720851629,0.5,0.00753647025351133,0.00753647025351133,0.0104597156306098,0.086812846131464,0.086812846131464,0.102272751162705,0.304863578414888,161.711516066534,0.169821828319961,0.319360086286859,0.472325547556295,0.234833918079749,19.9233527888148,0.234833918079749,0.758015495243875,0.5,0.00824029359014541,0.00824029359014541,0.0113863645616063,0.0907760628676506,0.0907760628676506,0.10670690961409,0.31712587225982,164.516004029377,0.1802613740442,0.334546508801676,0.484955737851589,0.238311501659872,20.9300240663738,0.238311501659872,0.761688498340128,0.5,0.00867125204191834,0.00867125204191834,0.0119445634277329,0.0931195577711082,0.0931195577711082,0.109291186413525,0.323726619821006,165.496674019392,0.190307784171169,0.34980644788094,0.497653551748405,0.241984504756125,21.9560860573241,0.241984504756125,0.765166081920251,0.5,0.00913764124361087,0.00913764124361087,0.0125480888007265,0.0955910102409243,0.0955910102409243,0.112018252087319,0.330794228117013,166.226171617482,0.210763795296889,0.379161646152292,0.523529772394686,0.249065279148371,23.9012234032008,0.249065279148371,0.771749569463048,0.5,0.0101314284421356,0.0101314284421356,0.0138254208836088,0.100654996943334,0.100654996943334,0.117581549928401,0.344707634703943,166.934759823621,5414.10492532299,4481.84940932113,6044.46183844407,4370.8973580443,6065.05387494421,4370.8973580443,4370.89735804388,NA,5386.27064682837,5386.27064682837,5876.60231590642,5453.70691488875,5453.70691488875,5927.78562676652,4353.92805670168,3372.52355592802,1.00034674422491,1.00001716161761,0.999829643155267,1.00016492811438,1.0000575141508,1.00016492811438,1.00016492811438,NA,0.999931993508965,0.999931993508965,0.999968101835852,0.999956021528625,0.999956021528625,0.999989501370976,1.00016545109033,1.0006332956891
"TARGET.30.PAPEAV.01A",0.250607570349726,0.511449409742365,0.237943019907908,0.286594059785799,17.3166577483738,0.286594059785799,0.713405940214201,0.5,0.0120537048238679,0.0120537048238679,0.0147125005378737,0.109415297906149,0.109415297906149,0.120999388802632,0.42738487892075,240.286724455458,0.000763699463009145,0.00148160878110571,0.000744486498632387,0.000485623125664795,0.0561529389708149,0.000485623125664795,0.000485623125664812,NA,5.48939988370948e-05,5.48939988370948e-05,5.27203162083342e-05,0.000240355330434839,0.000240355330434839,0.000210783799522888,0.00120262027508834,0.0340823072797687,0.0305070327761968,0.0555058871019027,0.031415694443686,0.0170514851648107,2.31836180167134,0.0170514851648107,0.0170514851648107,0,0.00205429957736154,0.00205429957736154,0.00210330197729514,0.00905580802214419,0.00905580802214419,0.00846506966532454,0.0415478237409855,1.5551038782574,0.197421383562202,0.383519494463352,0.183505018932389,0.259355545699945,12.7588389862299,0.259355545699945,0.673471284074803,0.5,0.00909622275551352,0.00909622275551352,0.0114971901082221,0.0953741199460603,0.0953741199460603,0.10722495088669,0.365643773876079,236.442544725397,0.229806099506,0.48037908741062,0.216625400232839,0.27465927263482,15.7439138396315,0.27465927263482,0.703596092431959,0.5,0.0105731101957059,0.0105731101957059,0.0132044573314919,0.102825630052394,0.102825630052394,0.114910649324446,0.398497248932309,239.555875405704,0.248809430186775,0.515616657549605,0.23552860378603,0.284220314584486,17.2906065702134,0.284220314584486,0.715779685415514,0.5,0.0117247368820211,0.0117247368820211,0.014458717743799,0.108280824145414,0.108280824145414,0.120244408367049,0.420175093108112,240.631840018297,0.268926251818449,0.549227583730213,0.256386210283371,0.296403907568041,18.9330007266304,0.296403907568041,0.72534072736518,0.5,0.0131453997727395,0.0131453997727395,0.0158791519491201,0.114653389672703,0.114653389672703,0.126012507105455,0.449235003234032,241.406495303485,0.317071500349658,0.606753928407499,0.307701284973615,0.326528715925197,21.7444435554465,0.326528715925197,0.740644454300055,0.5,0.0169123154126026,0.0169123154126026,0.0195942593620498,0.130047358122898,0.130047358122898,0.139979496202323,0.529298011358041,242.212126473922,1595.71367483396,1403.49545117885,1780.6545596892,1232.89389824955,1704.5802096773,1232.89389824955,1232.89389824946,NA,1400.48291813257,1400.48291813257,1591.64880441788,1419.53759282384,1419.53759282384,1612.82265692555,1193.54698020969,2081.9046423863,1.00325301993138,1.00367655764139,1.00269455664143,1.00546546411121,1.00356973537692,1.00546546411121,1.00546546411121,NA,1.00464621994605,1.00464621994605,1.00391218151487,1.00459718562574,1.00459718562574,1.00385872324004,1.00559434863829,1.00168601722916
"TARGET.30.PAPHPE.01A",0.150131129792311,0.604573118662517,0.245295751545172,0.310106494759182,19.5072625039275,0.310106494759182,0.689893505240818,0.5,0.0115190537718301,0.0115190537718301,0.0134033880537988,0.106403422963336,0.106403422963336,0.115066670778708,0.492803206429183,378.958015199131,0.000669223237402663,0.00161120551057842,0.00109597772467324,0.000995063144260272,0.110055546514921,0.000995063144260272,0.000995063144260271,NA,0.000111391195320396,0.000111391195320396,0.000103441279080395,0.00046263226662097,0.00046263226662097,0.0004091160079116,0.00364669008013571,0.0572965126078789,0.0325256335240372,0.0647310006606597,0.0409297875363871,0.0297725639992731,3.81246610166958,0.0297725639992731,0.0297725639992731,0,0.0032819951722755,0.0032819951722755,0.00314018130452162,0.0140495561235578,0.0140495561235578,0.0127698752310842,0.103685365427484,1.8629964359594,0.0888040320340988,0.448127094433754,0.183278319069474,0.275309578500105,11.1818924544421,0.275309578500105,0.601436094722765,0.5,0.00781991075568143,0.00781991075568143,0.00948128822752957,0.0884302592695839,0.0884302592695839,0.0973719067673306,0.399942274058167,374.158864511965,0.129572936875522,0.574121100502885,0.220216899318246,0.291724267610716,17.0724010476463,0.291724267610716,0.681826657909796,0.5,0.00937001257494962,0.00937001257494962,0.011250522181533,0.0967988252459122,0.0967988252459122,0.106068478731238,0.43787263007435,378.021543104662,0.148814768516048,0.609680195291792,0.239571935797244,0.302141881416498,19.7743319919552,0.302141881416498,0.697858118583502,0.5,0.0106118807599504,0.0106118807599504,0.012642652109287,0.103013983321701,0.103013983321701,0.112439548684746,0.463528948894265,379.391556183178,0.168770187946639,0.643829119005625,0.261597953376931,0.318173342090204,22.2211908096768,0.318173342090204,0.708275732389284,0.5,0.0125667615572699,0.0125667615572699,0.0146435173293544,0.112101568009594,0.112101568009594,0.121010401704328,0.505777147130898,380.343664112373,0.219812505948989,0.716541616173424,0.351776583551405,0.398563905277236,26.3677249338991,0.398563905277236,0.724690421499895,0.5,0.0212213935576761,0.0212213935576761,0.0223575752066675,0.145675644949315,0.145675644949315,0.149524496899521,0.797589556905582,381.241483747019,2362.16104766344,1614.07148199528,1394.68305949266,895.222921062616,1200.01897206945,895.222921062616,895.222921062617,NA,868.108776937085,868.108776937085,921.555898325708,922.259988841418,922.259988841418,974.272315739248,808.420306554699,1057.22559785483,1.00095954409964,1.00182837084003,1.00231026941364,1.00370152947755,1.00107235760345,1.00370152947755,1.00370152947755,NA,1.00246157389208,1.00246157389208,1.00199013049981,1.00211136542219,1.00211136542219,1.00172218621544,1.00474712071546,1.00184460462175
"TARGET.30.PAPICY.01A",0.128510465684027,0.450847764599415,0.420641769716557,0.373695858090601,18.8933340106528,0.373695858090601,0.626304141909399,0.5,0.0126370226620767,0.0126370226620767,0.0134896796807572,0.112077642071089,0.112077642071089,0.115869275829058,0.694173730656723,508.602292854502,0.000605862918047817,0.00172242767742806,0.00127744578160034,0.000407378293225918,0.0555279281762223,0.000407378293225918,0.000407378293225915,NA,4.07391430947515e-05,4.07391430947515e-05,3.83515242332065e-05,0.00018198645173161,0.00018198645173161,0.000165615404898268,0.00164686112015716,0.0290886431924355,0.0328223418855312,0.0865187382890844,0.0648902187553621,0.0196175818678015,2.66777885960923,0.0196175818678015,0.0196175818678015,0,0.00195217156187564,0.00195217156187564,0.00185583162702422,0.00869679620000895,0.00869679620000895,0.0079999124640144,0.0796866407174677,1.45253186377997,0.068306057336509,0.267972403231869,0.306068297485847,0.335057130512927,14.479653455966,0.335057130512927,0.589167580620895,0.5,0.00902720123341093,0.00902720123341093,0.0100435313056444,0.0950115846830576,0.0950115846830576,0.10021742016876,0.554504465767221,504.953187207074,0.105877015375416,0.393213575640009,0.373924682215262,0.360145038518141,16.9595344765885,0.360145038518141,0.612855953258754,0.5,0.0112470669066463,0.0112470669066463,0.0121546935931883,0.106052189481493,0.106052189481493,0.110248326903611,0.637001101208509,507.859657613357,0.126662298917821,0.458238770624299,0.415911696106183,0.374084795836863,18.6001432545947,0.374084795836863,0.625915204163137,0.5,0.0125732069543286,0.0125732069543286,0.0134407568056731,0.112130312375264,0.112130312375264,0.115934277840128,0.689499700432004,508.941360354816,0.149238504665369,0.512353841661744,0.46329740844369,0.387144046741246,20.5681861704893,0.387144046741246,0.639854961481859,0.5,0.0139461710538658,0.0139461710538658,0.0147409706621195,0.11809390777615,0.11809390777615,0.121412399118552,0.744247921507977,509.676135430187,0.198997187682883,0.607051740680173,0.558138399392202,0.410832419379105,24.8916434297972,0.410832419379105,0.664942869487073,0.5,0.0166145250937072,0.0166145250937072,0.0172656065925923,0.128897343159023,0.128897343159023,0.131398655205049,0.862045285625693,510.41756064392,2934.88024721385,2523.12265979499,2580.31973167632,2318.9702586768,2308.21741929767,2318.9702586768,2318.97025867684,NA,2296.21306780324,2296.21306780324,2341.59555562753,2283.70746249893,2283.70746249893,2333.29155092497,2341.3001058058,2493.47149192014,1.0002144978743,1.00013232224192,1.00020909788761,1.00026852237989,1.00032300320402,1.00026852237989,1.00026852237989,NA,1.00055024647385,1.00055024647385,1.00056302500729,1.00048398101242,1.00048398101242,1.00050093489099,1.00030427228111,1.00033776148491
"TARGET.30.PAPKXS.01A",0.244964260951435,0.42886192578978,0.326173813258784,0.200086604571679,20.7974170637478,0.200086604571679,0.799913395428321,0.5,0.00772591232906686,0.00772591232906686,0.0120697872781706,0.087847611505828,0.087847611505828,0.109806476815394,0.255635498428492,58.8245878599808,0.000192750169648967,0.000283950908578306,0.000205718771371354,7.02468175635738e-05,0.016417990800032,7.02468175635738e-05,7.02468175635744e-05,NA,6.53184559784905e-06,6.53184559784905e-06,9.68707556920106e-06,3.6857758003498e-05,3.6857758003498e-05,4.38328184508683e-05,0.000117273858290783,0.0227664600511432,0.0151185482646294,0.0200247584969051,0.0167896725085929,0.00530640248527795,1.32425700992759,0.00530640248527795,0.00530640248527795,0,0.000520957020283301,0.000520957020283301,0.000773631973572287,0.00295136758288409,0.00295136758288409,0.00351090705794398,0.00885313854259154,1.36542359842842,0.216429635583469,0.389477957893025,0.294511540843472,0.189585738602742,18.2497569239256,0.189585738602742,0.789577757420233,0.5,0.00679477723612314,0.00679477723612314,0.0106699533551595,0.0824304387717342,0.0824304387717342,0.103295466285506,0.238350182975636,55.4902555034531,0.234706530271599,0.415152423943265,0.314613450799384,0.196514156756623,19.89121962252,0.196514156756623,0.796409184700382,0.5,0.00735961688629392,0.00735961688629392,0.0115242383000368,0.0857882094825454,0.0857882094825454,0.107351005111633,0.249636567010839,58.149496271506,0.244555277028421,0.42914943426833,0.325889745866135,0.200048025278331,20.7678510832526,0.200048025278331,0.799951974721669,0.5,0.00769648251026071,0.00769648251026071,0.0120378367052519,0.0877295988171364,0.0877295988171364,0.10971707571996,0.255492860421712,59.1023776993119,0.255105107339446,0.442464381318977,0.337563348021383,0.203590815299618,21.6934077226154,0.203590815299618,0.803485843243377,0.5,0.00805646516248693,0.00805646516248693,0.0125683595454171,0.0897578139345531,0.0897578139345531,0.112108695225917,0.261433608988899,59.8449880440199,0.275133029559719,0.467567040450184,0.359839042023846,0.210422242579767,23.4302804970485,0.210422242579767,0.810414261397258,0.5,0.00884912456295119,0.00884912456295119,0.0136988125968801,0.0940697855938606,0.0940697855938606,0.117041926660233,0.27309212267861,60.5409390724139,6152.20280640601,4973.33883521885,6660.95663668484,5706.20102680839,6505.85747897032,5706.20102680839,5706.20102680829,NA,6361.09628503331,6361.09628503331,6377.98429580612,6411.93006751374,6411.93006751374,6415.63831275973,5698.91387674206,3597.02779508514,0.999679934553038,0.9999197187501,0.999934379027521,1.00021732505943,1.00005855887836,1.00021732505943,1.00021732505943,NA,1.00010415004929,1.00010415004929,1.00005632879309,1.00011337570446,1.00011337570446,1.00005546350197,1.00020116404435,1.00084105211364
"TARGET.30.PAPRXW.01A",0.475814300821946,0.383846412811568,0.140339286366486,0.363172763537268,15.9155578510657,0.363172763537268,0.636827236462732,0.5,0.0147301806923363,0.0147301806923363,0.0159154508946134,0.121117082080575,0.121117082080575,0.125952511124746,0.651544690810852,415.674724440882,0.00138951899441192,0.00186221492575898,0.000563680819294095,0.000391297290711216,0.0398401000922832,0.000391297290711216,0.000391297290711215,NA,4.15233269104794e-05,4.15233269104794e-05,3.85149891037834e-05,0.000172384368210582,0.000172384368210582,0.00015322278218606,0.00140740701946326,0.0273379374481044,0.0600282869330824,0.0799497485135021,0.0297299671876644,0.0165216819360921,1.85585794732384,0.0165216819360921,0.0165216819360921,0,0.00188354024384084,0.00188354024384084,0.00180412816340244,0.00780004652000178,0.00780004652000178,0.00717093186184161,0.0599282446063784,1.39697330882282,0.357857621878904,0.226718872269826,0.0850246304146103,0.326378601648177,12.8381890924183,0.326378601648177,0.607698287646847,0.5,0.0110843344830842,0.0110843344830842,0.0124484472472807,0.105282165821966,0.105282165821966,0.111572609753813,0.528865520748122,412.16877914762,0.434798038021294,0.329202273359938,0.119523675931684,0.352952041866558,14.587023481784,0.352952041866558,0.625168204413048,0.5,0.0134620419392927,0.0134620419392927,0.0146812716909753,0.116026039909162,0.116026039909162,0.12116629766611,0.611924660437547,414.961460256667,0.475734180128616,0.383862123023027,0.139782845880302,0.364704565512815,15.7732646901764,0.364704565512815,0.635295434487185,0.5,0.0147048379325785,0.0147048379325785,0.0158496040554319,0.121263506186061,0.121263506186061,0.125895210613506,0.653573653882973,415.977810976366,0.516369374007703,0.438438024454589,0.159966924776408,0.374831795586952,17.0284976207106,0.374831795586952,0.647047958133442,0.5,0.016010358878742,0.016010358878742,0.0171385204344356,0.126532046743296,0.126532046743296,0.13091417201392,0.692474815283748,416.696318041642,0.593889879801237,0.537909252003005,0.200104109837165,0.392301712353154,20.0828259970283,0.392301712353154,0.673621398351822,0.5,0.0184176553131435,0.0184176553131435,0.0194731514140329,0.13571166234822,0.13571166234822,0.139546233960295,0.76763720700735,417.462184411052,1866.30630753123,1843.20906456846,2781.77721526946,1782.768010048,2169.94447074815,1782.768010048,1782.76801004801,NA,2057.62165780717,2057.62165780717,2194.19496223458,2047.38078333111,2047.38078333111,2190.30454282253,1813.10805748818,2611.22759001656,1.00105375918095,1.00095599443822,1.00051823711836,1.00123816926948,1.00098179261308,1.00123816926948,1.00123816926948,NA,1.001040157521,1.001040157521,1.00093572071756,1.00105938134888,1.00105938134888,1.00095000507915,1.00127567323193,1.00050338469448
"TARGET.30.PAPSEI.01A",0.0853333603418754,0.614020656408853,0.300645983249272,0.35048346298619,18.8547572132019,0.35048346298619,0.64951653701381,0.5,0.0126140417966544,0.0126140417966544,0.0138277758762921,0.111416917182921,0.111416917182921,0.116983843763897,0.627403402089833,501.238059451641,0.000785742381828376,0.0038200074055122,0.00312735088005011,0.00155537634065648,0.130857052869013,0.00155537634065648,0.00155537634065648,NA,0.00011252911667997,0.00011252911667997,9.66113219105737e-05,0.000498125618832123,0.000498125618832123,0.000410299169394186,0.0058313751325079,0.0356380212385367,0.0303173649814445,0.112957779777112,0.0926214918898515,0.0427805021232344,3.90450720807067,0.0427805021232344,0.0427805021232344,0,0.00318366487299689,0.00318366487299689,0.00280540599086192,0.0141540596396906,0.0141540596396906,0.0119404353465739,0.160896859903872,1.47015257447109,0.0389485153615241,0.345274899518065,0.185263202103732,0.288350333756513,13.0906180741867,0.288350333756513,0.571209538796409,0.5,0.00784321458493357,0.00784321458493357,0.00933464743848861,0.0885619251374428,0.0885619251374428,0.0966159792084671,0.429837854216518,497.595068392455,0.0644896017638123,0.544708444516379,0.230557671984024,0.312524005378111,15.5230645510543,0.312524005378111,0.611442597503284,0.5,0.00982778205492251,0.00982778205492251,0.0114550372996749,0.0991351706226434,0.0991351706226434,0.107028207958192,0.490478645012925,500.493029042988,0.0807100731040065,0.647369942880405,0.269829288126412,0.342725741724613,18.3588731244391,0.342725741724613,0.657274258275387,0.5,0.0122178766538865,0.0122178766538865,0.0136173935306731,0.110534504330069,0.110534504330069,0.116693588209055,0.578308474546157,501.507985371746,0.100641007254726,0.699126014431028,0.359177632840189,0.388557402496715,21.8244597150754,0.388557402496715,0.687475994621889,0.5,0.015288212847565,0.015288212847565,0.016105067345663,0.123645512845238,0.123645512845238,0.126905741972416,0.750549230955404,502.249891291726,0.159026924171122,0.76273954802671,0.521429442840334,0.428790461203591,26.7819434698219,0.428790461203591,0.711649666243487,0.5,0.0185961356989187,0.0185961356989187,0.0190976468219001,0.136367649017319,0.136367649017319,0.138194235803346,0.974490659284306,503.342547845014,1488.75264546316,874.387389390229,877.142840547415,756.520634943465,890.303719624166,756.520634943465,756.520634943459,NA,800.432790696026,800.432790696026,843.20930640093,807.391709948016,807.391709948016,846.913483510279,761.295347699676,1701.75742006444,1.00088036116997,1.00253455481089,1.00266351752739,1.00412490614661,1.00400413875479,1.00412490614661,1.00412490614661,NA,1.00415356187526,1.00415356187526,1.00402236364043,1.00420295232204,1.00420295232204,1.00406907496875,1.00386375986997,1.00109893016299
"TARGET.30.PAPSKM.01A",0.109106673902756,0.415590795418385,0.475302530678859,0.369253439617244,15.2364164682917,0.369253439617244,0.630746560382756,0.5,0.0155097088500233,0.0155097088500233,0.0166418970429212,0.124248184874167,0.124248184874167,0.128782124391409,0.676774368434513,433.700041902027,0.000600797987503879,0.0020945568370469,0.00166601463122925,0.000505462192022996,0.043590546376828,0.000505462192022996,0.000505462192022997,NA,4.82252813723058e-05,4.82252813723058e-05,4.33842928094093e-05,0.000198506201754207,0.000198506201754207,0.000171213779096591,0.0018540688287108,0.0308697811459887,0.0289153881598851,0.0906805313741448,0.0730270548629624,0.0206696404961251,1.87647100716715,0.0206696404961251,0.0206696404961251,0,0.00208594423091746,0.00208594423091746,0.00193077868035015,0.00849154984678505,0.00849154984678505,0.0075543771241368,0.0779045855548652,1.44461709806396,0.0568729964071947,0.242408027202674,0.330981414533088,0.321288844440337,12.2912922725528,0.321288844440337,0.595603763142247,0.5,0.0111922817897692,0.0111922817897692,0.0126570027268836,0.105793580769636,0.105793580769636,0.112503345390562,0.514418626028663,429.990636304736,0.0882451492430534,0.352616156195982,0.425183314224797,0.357186397287122,13.9390038610971,0.357186397287122,0.616392561894707,0.5,0.0141681831054381,0.0141681831054381,0.015395579406194,0.119030177288551,0.119030177288551,0.12407892409624,0.626533898298885,432.982577098172,0.107933884615724,0.416138952548747,0.475568218288845,0.371379213987249,15.0109034462187,0.371379213987249,0.628620786012751,0.5,0.015541539293944,0.015541539293944,0.0166545605310639,0.124665710176796,0.124665710176796,0.129052549490048,0.67886983330616,434.025477584871,0.128122684822413,0.477359298174207,0.525811226799549,0.383607438105293,16.2384275050233,0.383607438105293,0.642813602712878,0.5,0.0169238129047047,0.0169238129047047,0.0179352845085889,0.130091555853282,0.130091555853282,0.133922681082475,0.728819733207769,434.770088774143,0.169887359717184,0.592559261983307,0.617770018011129,0.404396236857753,19.7519116979772,0.404396236857753,0.678711155559663,0.5,0.0194818529416133,0.0194818529416133,0.0203396027906631,0.139577408420775,0.139577408420775,0.142616979135051,0.827197957865335,435.493358071624,2316.33364186462,1874.32031922266,1921.36533097296,1672.20105578784,1853.10100683283,1672.20105578784,1672.20105578783,NA,1870.92270601817,1870.92270601817,1980.61445464287,1829.8933019385,1829.8933019385,1946.79354040204,1765.52689653241,2189.97118432813,1.00112482588435,1.001045509919,1.00092963041439,1.00115795896932,1.00171565576349,1.00115795896932,1.00115795896932,NA,1.00180663010987,1.00180663010987,1.00183990654926,1.00177457520075,1.00177457520075,1.00181272860336,1.00117826966549,1.00052807003997
"TARGET.30.PAPTCR.01A",0.140050828037171,0.601272958135648,0.258676213827182,0.19254564787645,15.9732383770043,0.19254564787645,0.80745435212355,0.5,0.00978630996987881,0.00978630996987881,0.0157461812763164,0.0988351369319452,0.0988351369319452,0.125387907996695,0.243367215797389,92.3129606325484,0.000193258640449003,0.000377360197590627,0.000262378181455417,0.000135532015203063,0.016703579451348,0.000135532015203063,0.000135532015203062,NA,1.16006342627511e-05,1.16006342627511e-05,1.70701035649626e-05,5.76071771782418e-05,5.76071771782418e-05,6.71971520931528e-05,0.00022072140151796,0.0243229450917247,0.0138512417242672,0.0250476226145247,0.0193674924092633,0.00924195717772613,1.23200805552957,0.00924195717772613,0.00924195717772613,0,0.0008462024536578,0.0008462024536578,0.00124011102148462,0.00423413728075254,0.00423413728075254,0.00490477437099161,0.0150622739166893,1.40979406819149,0.113885410027349,0.553200319140774,0.22111182998572,0.174626327973286,13.5603421401485,0.174626327973286,0.789580198279095,0.5,0.00834613071253404,0.00834613071253404,0.0135763736595694,0.0913571601594506,0.0913571601594506,0.116517696765355,0.214816908754789,88.7111810177638,0.13037110893003,0.584005115993306,0.245587406768519,0.186335348969915,15.1374661806151,0.186335348969915,0.801235704832555,0.5,0.00919708983961379,0.00919708983961379,0.0148923474457113,0.0959014590066626,0.0959014590066626,0.122034206047174,0.23314183678611,91.6380927649024,0.139770623563565,0.601286567046719,0.25871043316434,0.192428674618205,15.9628016392142,0.192428674618205,0.807571325381795,0.5,0.00971450252041589,0.00971450252041589,0.0156614111769723,0.0985621759112187,0.0985621759112187,0.125145559956573,0.242950542821367,92.6223446722921,0.149429465536087,0.61830197810159,0.271583349371784,0.198764295167445,16.7871452718405,0.198764295167445,0.813664651030085,0.5,0.0103022267017229,0.0103022267017229,0.0165153135428137,0.101499885226166,0.101499885226166,0.128511919833284,0.25335753379172,93.3305552410515,0.167736021853748,0.649950353016866,0.296615933039383,0.210419801720905,18.414342907295,0.210419801720905,0.825373672026714,0.5,0.0116300864289828,0.0116300864289828,0.0184361130225683,0.107842878222247,0.107842878222247,0.135779648757313,0.273087908210153,94.0897662729489,5136.88184858247,4405.76005693079,5448.68063923211,4649.90534290175,5440.11400038422,4649.90534290175,4649.9053429018,NA,5320.89992529609,5320.89992529609,5277.75009950311,5402.27490054248,5402.27490054248,5327.65793173464,4656.84938858004,3359.53398695535,0.999950941942059,0.999766220712031,0.99971986056723,0.999819361397784,0.999631079564264,0.999819361397784,0.999819361397784,NA,0.999674889899864,0.999674889899864,0.999605872075793,0.999676130628892,0.999676130628892,0.999609304293776,0.999819313305323,1.0000380242613
"TARGET.30.PAPTDH.01A",0.367324793511364,0.537285310215916,0.0953898962727205,0.383932532686458,17.1170614930452,0.383932532686458,0.616067467313542,0.5,0.0141921528362039,0.0141921528362039,0.0150088563546762,0.118557351135917,0.118557351135917,0.122121547255449,0.75745090004066,524.105210918174,0.00340471466433397,0.00413209212848524,0.000851440860731326,0.00135851862108403,0.102968140584361,0.00135851862108403,0.00135851862108402,NA,8.88171995745971e-05,8.88171995745971e-05,7.51630594397726e-05,0.000393562966565979,0.000393562966565979,0.000320316323816773,0.00544529199417206,0.0278766145418766,0.105251802098035,0.128492028428092,0.035434386540475,0.0390848026616502,3.02818695405539,0.0390848026616502,0.0390848026616502,0,0.00267794832160283,0.00267794832160283,0.00232483561711672,0.0116758026869609,0.0116758026869609,0.00975684119503029,0.164375939735062,1.3810617418436,0.189644542908111,0.291822504877298,0.0404958295084012,0.300533497556812,13.3364500536347,0.300533497556812,0.561125400035832,0.5,0.00861051661741054,0.00861051661741054,0.0101073123244094,0.0927928693717211,0.0927928693717211,0.100535129603669,0.459480892208578,520.595774800159,0.282461271957625,0.443836184344245,0.0688551709465162,0.35995708719978,14.9492824678008,0.35995708719978,0.586658195214565,0.5,0.0124751071682893,0.0124751071682893,0.01350910322983,0.111692019252017,0.111692019252017,0.11622866773773,0.636329619322904,523.414958950799,0.369330770496407,0.53591763690728,0.0896059763336624,0.39424906123889,16.2477735426541,0.39424906123889,0.60575093876111,0.5,0.0146938467257411,0.0146938467257411,0.015386723562331,0.121218178197396,0.121218178197396,0.124043232633896,0.776760701680853,524.451478141114,0.443050505045269,0.64252964387068,0.118338697846411,0.413341804785435,18.506039790533,0.413341804785435,0.64004291280022,0.5,0.0161857750250122,0.0161857750250122,0.0167232106782272,0.12722332736169,0.12722332736169,0.12931825344833,0.876318254276369,525.133605093333,0.570969056035067,0.754896263201229,0.174785579476993,0.438874599964168,24.7345679972317,0.438874599964168,0.699466502443188,0.5,0.0183979886284156,0.0183979886284156,0.0187456181434971,0.135639185370534,0.135639185370534,0.136914638157179,1.05084030324727,525.808314821961,955.647302782824,966.968615082398,1731.97197521991,827.722299992384,864.887514549665,827.722299992384,827.722299992389,NA,909.097016284132,909.097016284132,956.699622019722,880.126389969012,880.126389969012,927.812735715581,911.242887203877,2454.404447401,1.00140952466439,1.00114083641996,1.0001444889427,1.00321021829661,1.00329114645985,1.00321021829661,1.00321021829661,NA,1.0033953448716,1.0033953448716,1.00326243078152,1.00345797348867,1.00345797348867,1.00331036753794,1.00255614391822,1.00216484324476
"TARGET.30.PAPTFZ.01A",0.170610560155832,0.555173655022402,0.274215784821766,0.382333766701322,12.0314208861066,0.382333766701322,0.617666233298678,0.5,0.0203669299615534,0.0203669299615534,0.0216200360743371,0.141667192756679,0.141667192756679,0.146359893893591,0.796734502114056,357.048915056905,0.00112442064106019,0.00268425239022903,0.00175731112239844,0.00158174764561607,0.0731547968764719,0.00158174764561607,0.00158174764561608,NA,0.000136455377742006,0.000136455377742006,0.000114391061194645,0.000497422973213679,0.000497422973213679,0.000400710730877407,0.00943597547521682,0.0437768305491941,0.0531312440332238,0.114968485686574,0.0774796063463574,0.0540525692271674,2.57358486710541,0.0540525692271674,0.0540525692271674,0,0.00474308990676584,0.00474308990676584,0.00403355297997858,0.0172445246295477,0.0172445246295477,0.0141011485026086,0.313559896638885,1.67032227008152,0.0807436105521347,0.322010567867339,0.146341190507782,0.279263977796034,8.90295308261896,0.279263977796034,0.521155435656388,0.5,0.0112069348131904,0.0112069348131904,0.0136421761116447,0.105862810360064,0.105862810360064,0.116799726497483,0.408820290476752,352.573626031387,0.131771859148348,0.474218620967019,0.214451598290889,0.344019834409942,10.0664466351923,0.344019834409942,0.577854266844344,0.5,0.0168724270182691,0.0168724270182691,0.0187043363239528,0.12989390677484,0.12989390677484,0.136763796836133,0.582439621531573,356.286717254427,0.164376666136289,0.562932916229653,0.268389841965272,0.386624303657144,11.3458254886404,0.386624303657144,0.613375696342856,0.5,0.0208314752324045,0.0208314752324045,0.0220345360266215,0.144331130468468,0.144331130468468,0.148440344974061,0.74195054168595,357.467547207806,0.20465040760391,0.642940413377262,0.326906289836554,0.422145733155655,13.365885124508,0.422145733155655,0.655980165590058,0.5,0.0241982886821161,0.0241982886821161,0.0248349799680141,0.1555579913527,0.1555579913527,0.157591179812672,0.929884696691832,358.272342653226,0.285536316011877,0.75192295549352,0.440556901322382,0.478844564343611,18.3255221221986,0.478844564343611,0.720736022203966,0.5,0.0278506540009697,0.0278506540009697,0.0280805703235874,0.166885152127683,0.166885152127683,0.167572582244539,1.58135618481977,359.034589494413,2232.76158138261,1834.47131453776,1943.91600487887,1167.77262410513,1237.63154687846,1167.77262410513,1167.77262410512,NA,1208.20715094338,1208.20715094338,1243.34414494089,1201.85140555437,1201.85140555437,1238.3603176077,1104.25002643194,1455.83418264781,1.00124955380728,1.00276879683264,1.00280215687354,1.00451558756028,1.0051308982589,1.00451558756028,1.00451558756028,NA,1.00455009718988,1.00455009718988,1.00437094652083,1.00478383588097,1.00478383588097,1.00456656934048,1.00363375101976,1.0012538875967
"TARGET.30.PAPTIP.01A",0.218588886475161,0.498864982051939,0.2825461314729,0.233975325333854,18.3887715805647,0.233975325333854,0.766024674666146,0.5,0.00982790957858857,0.00982790957858857,0.0137058450057455,0.09901218530262,0.09901218530262,0.116951996298613,0.315756026955743,120.476604497951,0.000271832808028902,0.000503531208045097,0.000314214391307819,0.000142916265008872,0.0250057364718483,0.000142916265008872,0.000142916265008875,NA,1.62486397423916e-05,1.62486397423916e-05,1.9439613621068e-05,8.03634298541139e-05,8.03634298541139e-05,8.19157518684499e-05,0.000271104460041247,0.0253859919446152,0.0174299268660816,0.0280437461011628,0.0205703718001461,0.00832420116789007,1.63858095565087,0.00832420116789007,0.00832420116789007,0,0.000993050238303151,0.000993050238303151,0.00125183629445035,0.00494972753427327,0.00494972753427327,0.0052989694657849,0.0157319828753197,1.45117371799178,0.185098951315965,0.441899814208524,0.243244562134245,0.218587223961598,15.1266422242441,0.218587223961598,0.748560504261152,0.5,0.00819417809673931,0.00819417809673931,0.0116125209974723,0.0905216995471926,0.0905216995471926,0.107761407736024,0.287392776547082,116.827389713851,0.206831864907582,0.480043195439672,0.268223457542029,0.228273241463976,17.2707226250636,0.228273241463976,0.760857141164397,0.5,0.0091303860052919,0.0091303860052919,0.0128286464485638,0.0955530533536316,0.0955530533536316,0.113263614845906,0.304905550622788,119.73606364353,0.218420003862016,0.498831242995651,0.282159968123198,0.233642776239997,18.3994414583154,0.233642776239997,0.766357223760003,0.5,0.00971424701686455,0.00971424701686455,0.0135873689736824,0.0985608797488359,0.0985608797488359,0.116564870238124,0.31488487206468,120.795785059687,0.230329511619118,0.517842431397645,0.296404863215649,0.239142858835603,19.4876365990213,0.239142858835603,0.771726758536024,0.5,0.0104225738871616,0.0104225738871616,0.0144753642027441,0.102091007866039,0.102091007866039,0.120313607718042,0.325317596417124,121.567378461875,0.252874755266584,0.55286113825297,0.323547288545609,0.251439495738848,21.5284863703228,0.251439495738848,0.781412776038402,0.5,0.0120418082290429,0.0120418082290429,0.0165271313960637,0.109735173118402,0.109735173118402,0.128557890991536,0.349460902318853,122.297630055524,4111.37780387984,3101.83911197283,4285.80234753364,3392.51532875097,4293.94528337373,3392.51532875097,3392.51532875084,NA,3735.15320776821,3735.15320776821,4146.86426577726,3793.54865521358,3793.54865521358,4184.54257003747,3367.39145286666,3267.76286306084,1.00084734744606,1.00028982574492,0.999948095152923,0.999983753628568,0.999941625743423,0.999983753628568,0.999983753628568,NA,1.00002407591924,1.00002407591924,0.999986418064897,1.00000636114971,1.00000636114971,0.999973248340229,0.999993319133657,1.00053824298938
"TARGET.30.PAPTLA.01A",0.345917386661773,0.461954221237734,0.192128392100492,0.356672907397717,14.7200571809704,0.356672907397717,0.643327092602283,0.5,0.0159972924870678,0.0159972924870678,0.017409655966464,0.125950772436577,0.125950772436577,0.131535338280214,0.633007979997925,363.125882372723,0.00132236512582539,0.0020497996480297,0.000814663785356485,0.00058518903375561,0.0499445701166951,0.00058518903375561,0.000585189033755604,NA,6.73878149661326e-05,6.73878149661326e-05,6.18196307220113e-05,0.00026058582308295,0.00026058582308295,0.000229567426851389,0.00223097529316914,0.0353044087111836,0.059660335146455,0.0911631860339123,0.0410919098260182,0.0249264217438188,2.31762884872494,0.0249264217438188,0.0249264217438188,0,0.00295973563484799,0.00295973563484799,0.00277242050487868,0.0115633958555836,0.0115633958555836,0.0103982818535936,0.0937833788981794,1.56622483388981,0.237474383737822,0.279502610675919,0.11523119582935,0.308434916536702,10.4911488735608,0.308434916536702,0.592049434374474,0.5,0.0110308966572058,0.0110308966572058,0.0127098678067736,0.105028074768844,0.105028074768844,0.112738049503116,0.479690243139997,359.26684488247,0.303489684980124,0.400080333903938,0.163790017699809,0.340505657822674,13.1212392794915,0.340505657822674,0.62784171234754,0.5,0.0139491466801867,0.0139491466801867,0.0154660652047514,0.118106505653932,0.118106505653932,0.124362635834038,0.571299824536569,362.37271104884,0.34360260871757,0.465598102027394,0.190447903183744,0.35650066521664,14.6023258008711,0.35650066521664,0.64349933478336,0.5,0.0156900604175348,0.0156900604175348,0.0171205603443043,0.125259971286239,0.125259971286239,0.130845559128318,0.62413884946627,363.492155709861,0.385641799005661,0.526909300275706,0.219553599327793,0.37215828765246,16.1644217544253,0.37215828765246,0.659494342177326,0.5,0.0177060272360216,0.0177060272360216,0.0190530783537975,0.133063996636702,0.133063996636702,0.138032888660863,0.68190761117409,364.272935045037,0.468098284672313,0.627129075294882,0.275141807733132,0.407950565625526,19.6697561201991,0.407950565625526,0.691565083463298,0.5,0.0228894778144452,0.0228894778144452,0.0238296113259208,0.151292689217204,0.151292689217204,0.154368427229989,0.846141168476971,365.070896599503,2035.48826501038,1977.95388101879,2544.22684761234,1814.37694874546,2153.33310586559,1814.37694874546,1814.37694874549,NA,1929.04826265431,1929.04826265431,2011.24691752446,1969.10655237918,1969.10655237918,2051.64699067884,1767.10448878444,1968.11434694892,1.00028204445777,1.00016471117766,1.00027968159546,1.00102324568889,1.00136378123299,1.00102324568889,1.00102324568889,NA,1.00171641797903,1.00171641797903,1.00178535387572,1.00161344801701,1.00161344801701,1.00168755708641,1.00115355649512,1.0039254490492
"TARGET.30.PAPTLD.01A",0.13334414235261,0.472266615692082,0.394389241955308,0.399959998618314,27.1669511213701,0.399959998618314,0.600040001381686,0.5,0.00904087232915742,0.00904087232915742,0.00941382581151606,0.0947730767672232,0.0947730767672232,0.096754753534093,0.81335287998276,700.245550198628,0.000725953537227581,0.00204782236186231,0.00148115299313406,0.000413436646261246,0.0869520504746202,0.000413436646261246,0.000413436646261246,NA,3.12994116495056e-05,3.12994116495056e-05,2.97443096193116e-05,0.000164369517079945,0.000164369517079945,0.000153007051817754,0.00217801625526325,0.0326906730356761,0.0358867163066856,0.08949265618303,0.066359856162412,0.0183248556407445,4.18820177742262,0.0183248556407445,0.0183248556407445,0,0.00145517966282884,0.00145517966282884,0.00139940427096071,0.00767747466186499,0.00767747466186499,0.00723533163206462,0.0956438177619618,1.47984453954688,0.067691417573403,0.293540926060322,0.278628588330382,0.364871512752342,20.4813010131277,0.364871512752342,0.564755194140464,0.5,0.00637399872514811,0.00637399872514811,0.00682999299657978,0.0798373263552816,0.0798373263552816,0.0826437716732424,0.654191007615167,696.460608574934,0.1078824024668,0.410395478588785,0.346305828725096,0.387052283349265,24.1137500279387,0.387052283349265,0.587225167772879,0.5,0.00801199198852653,0.00801199198852653,0.00842164431072651,0.0895097312503871,0.0895097312503871,0.0917695173237524,0.743841535934131,699.545616189744,0.132137754651281,0.47685889316037,0.389861842495983,0.40028200791845,26.6945254694209,0.40028200791845,0.59971799208155,0.5,0.00898989135542313,0.00898989135542313,0.00936521619957414,0.0948150375993246,0.0948150375993246,0.0967740470240575,0.806130987984341,700.566893728483,0.156306528761362,0.537652605170563,0.440154928765064,0.412774832227121,29.6854142590063,0.412774832227121,0.612947716650735,0.5,0.0100275207820432,0.0100275207820432,0.0103675288876492,0.100137509309783,0.100137509309783,0.101821063084244,0.87305759469656,701.305973340501,0.20878957587492,0.630235583498172,0.534985537600461,0.435244805859536,36.6032586204093,0.435244805859536,0.635128487247658,0.5,0.0119681742266672,0.0119681742266672,0.0122062558674904,0.109399150939155,0.109399150939155,0.11048192548724,1.02199711002293,702.088414112234,2443.710706553,1909.81031406252,2007.29420560583,1964.55044968361,2320.04034817121,1964.55044968361,1964.55044968361,NA,2161.52809668752,2161.52809668752,2213.49529773035,2181.69594898755,2181.69594898755,2236.11425100106,1928.37535791018,2049.20055496711,1.00410473120701,1.00370028388376,1.0022265589039,1.00090068967767,1.00022023687088,1.00090068967767,1.00090068967767,NA,1.00030280022622,1.00030280022622,1.00030122810794,1.00028378142652,1.00028378142652,1.00028499561651,1.0008160926009,1.00114102772808
"TARGET.30.PAPTLV.01A",0.15874974453937,0.431661538379908,0.409588717080723,0.297601878410545,20.2013410130987,0.297601878410545,0.702398121589455,0.5,0.0105020522847478,0.0105020522847478,0.0125459479919782,0.102246540359786,0.102246540359786,0.111814022608269,0.453127080577668,302.137488423705,0.000408925361019909,0.00104473977393176,0.000706230254962467,0.000263782937863397,0.0452912859760855,0.000263782937863397,0.000263782937863397,NA,2.97289324097579e-05,2.97289324097579e-05,2.97681697012836e-05,0.00014163850698674,0.00014163850698674,0.000130497197473801,0.000675646114195775,0.0295659792484399,0.0204836725321015,0.0474339677625004,0.0347835360498427,0.0122295563900001,2.33198312179432,0.0122295563900001,0.0122295563900001,0,0.00143966315774226,0.00143966315774226,0.00149784572780224,0.00690675264553067,0.00690675264553067,0.00660134738967354,0.0309425615143987,1.48682694370277,0.12210571794695,0.324314792771047,0.350679716070168,0.276699177242016,15.7167934744711,0.276699177242016,0.675233003977501,0.5,0.00818908976006529,0.00818908976006529,0.0100682972399845,0.0904935896075809,0.0904935896075809,0.100340904957093,0.403044127698731,298.436922114871,0.144916693950137,0.404975250316777,0.385557672664584,0.289080561734062,18.6103977116681,0.289080561734062,0.695056583034457,0.5,0.00948372692704889,0.00948372692704889,0.0114951766231346,0.0973844285556616,0.0973844285556616,0.107215561475657,0.431565923795749,301.41350046904,0.157276329833812,0.436240767159302,0.406778024593983,0.296252737331099,20.2051870214809,0.296252737331099,0.703747262668901,0.5,0.0103165064245488,0.0103165064245488,0.012373060480324,0.101570204410953,0.101570204410953,0.111234259414724,0.448863890628312,302.487737479204,0.17141555133563,0.464215684001319,0.430399047726198,0.304943416965543,21.7482521798368,0.304943416965543,0.710919438265937,0.5,0.0113399592943561,0.0113399592943561,0.0134333507518626,0.106489244969317,0.106489244969317,0.115902332809224,0.470659206278106,303.216263839855,0.203614157993346,0.510713389940099,0.488106211811877,0.324766996022499,24.8304154374705,0.324766996022499,0.723300822757984,0.5,0.0137983455117862,0.0137983455117862,0.0159065530814073,0.117466359064088,0.117466359064088,0.126121183500156,0.52424578085247,303.968725681451,2509.15538595189,2061.40179740754,2425.79905086484,2149.45326129212,2651.07187075616,2149.45326129212,2149.45326129211,NA,2345.10965332887,2345.10965332887,2531.80296678012,2377.85366900675,2377.85366900675,2558.95592321055,2097.36472402619,2528.92709635031,1.00169239774506,1.001687492061,1.00098816997522,1.00230041065073,1.00137349959661,1.00230041065073,1.00230041065073,NA,1.00133654057765,1.00133654057765,1.00107954129343,1.00142850850061,1.00142850850061,1.00115590284632,1.00227460114411,1.00042902256215
"TARGET.30.PAPTLY.01A",0.440018985309866,0.409417626625888,0.150563388064246,0.319316205775243,19.9516978213999,0.319316205775243,0.680683794224757,0.5,0.0110870118945848,0.0110870118945848,0.0127373039065999,0.105015607107416,0.105015607107416,0.112626822125241,0.510478829962283,332.263721126432,0.00111189223606078,0.00156419761910291,0.00050583097454442,0.000362652897821719,0.0560438826002074,0.000362652897821719,0.000362652897821718,NA,3.7699476113345e-05,3.7699476113345e-05,3.65290249185563e-05,0.000177018965246319,0.000177018965246319,0.000160250162068419,0.00103219459940523,0.0286917205033666,0.0433532023360318,0.0598190703230283,0.0242937989077197,0.0140447506477403,2.54116497113421,0.0140447506477403,0.0140447506477403,0,0.00163146546379016,0.00163146546379016,0.00164982914263012,0.00766430043338961,0.00766430043338961,0.00724633757461799,0.0396372731648894,1.43098105336063,0.367038070101148,0.278170282078245,0.107573735417307,0.294874797616493,15.2841543328501,0.294874797616493,0.651272845388517,0.5,0.00839885516342152,0.00839885516342152,0.00997234851569449,0.091645268041044,0.091645268041044,0.099861646861172,0.445493781227099,328.709971360684,0.409059663216557,0.372987084214404,0.133556234385942,0.309074972744594,18.1441433373116,0.309074972744594,0.671640739673796,0.5,0.0098944740101837,0.0098944740101837,0.0115370550722544,0.0994709706891401,0.0994709706891401,0.107410684153296,0.481363637628864,331.57509427751,0.435750343423401,0.41627683513708,0.149087103374481,0.318351974407243,19.8400086939208,0.318351974407243,0.681648025592757,0.5,0.0109353635405231,0.0109353635405231,0.0126008009390068,0.104572288583841,0.104572288583841,0.112253289202301,0.506268604684626,332.579568831076,0.467323833877898,0.451672782047909,0.165942760983664,0.328359260326204,21.6693080344605,0.328359260326204,0.690925027255406,0.5,0.0121148844371294,0.0121148844371294,0.0137785507717689,0.110067635686728,0.110067635686728,0.117382071753918,0.534602264431897,333.302719579799,0.534079570373438,0.508848406102677,0.202503551090938,0.348727154611483,25.0693204107328,0.348727154611483,0.705125202383507,0.5,0.0146862256862889,0.0146862256862889,0.0163568094483174,0.121186738890783,0.121186738890783,0.127893742803545,0.597761485344425,334.077494870393,1520.25685340321,1462.50068217443,2306.64109384378,1499.84286692213,2055.93457871906,1499.84286692213,1499.84286692214,NA,1872.77299884824,1872.77299884824,2039.86667143706,1874.5863274931,1874.5863274931,2044.74977562752,1474.63444626766,2487.45128463205,1.00228702210132,1.00223813222467,1.00118036230121,1.00202634346973,1.00128291990795,1.00202634346973,1.00202634346973,NA,1.00136865017337,1.00136865017337,1.00118387926455,1.00138658188544,1.00138658188544,1.0012104036224,1.0021347252986,1.00057020904885
"TARGET.30.PAPUJU.01A",0.175820302345001,0.460096965365129,0.364082732289871,0.359189545136421,20.2723386255723,0.359189545136421,0.640810454863579,0.5,0.0116773157050022,0.0116773157050022,0.0126647966392089,0.107605643758495,0.107605643758495,0.112164338648722,0.639202338133434,469.995111730097,0.000733463771815807,0.00200461773352361,0.00137438236164395,0.000539253648025838,0.0799488387143731,0.000539253648025838,0.000539253648025844,NA,5.41071831149172e-05,5.41071831149172e-05,5.09137329146846e-05,0.00024749271321405,0.00024749271321405,0.000223651166818044,0.00198877762967395,0.031879294630759,0.0347010503794363,0.0828578164585218,0.0566157204143135,0.0206507328464269,3.33100456757941,0.0206507328464269,0.0206507328464269,0,0.00216153029237515,0.00216153029237515,0.00207872229930992,0.00991732980700272,0.00991732980700272,0.00916342025323862,0.0759038979597475,1.51274144747817,0.115264809653551,0.284612603035246,0.267380819200371,0.320262701798343,14.5672916390902,0.320262701798343,0.600412804296367,0.5,0.00799725205203073,0.00799725205203073,0.00908878935804668,0.0894273562457658,0.0894273562457658,0.0953351422446811,0.511555884072111,466.053150749549,0.151343227498727,0.40607219003243,0.322940352930799,0.344156457490418,17.9382469031245,0.344156457490418,0.626429779436001,0.5,0.010140522419823,0.010140522419823,0.0111999767228201,0.10070016096958,0.10070016096958,0.105829942440289,0.582877764259612,469.295985101463,0.173147499572515,0.46692451649106,0.36018650189423,0.359543303275499,19.9465118659011,0.359543303275499,0.640456696724501,0.5,0.0115490587518342,0.0115490587518342,0.0125335197564832,0.107466547117039,0.107466547117039,0.111953203391696,0.634854433425338,470.324983623499,0.197935348356982,0.520923344758782,0.401676984408638,0.373570220563999,22.3214750096656,0.373570220563999,0.655843542509582,0.5,0.0130089215138028,0.0130089215138028,0.0139367019184902,0.114056659223591,0.114056659223591,0.118053809417927,0.687460524793012,471.105688084728,0.250090629852164,0.602955534861464,0.482948234412264,0.399587195703633,27.5064138234053,0.399587195703633,0.679737298201657,0.5,0.0163643748488978,0.0163643748488978,0.0171617351604295,0.12792331620834,0.12792331620834,0.131002805852751,0.802659183558351,471.841926006897,2238.34953943501,1708.45613435306,1696.91047269271,1466.50906955674,1735.90573008779,1466.50906955674,1466.50906955671,NA,1595.92619536962,1595.92619536962,1666.95190563865,1605.70100378926,1605.70100378926,1678.69915855729,1456.65165239176,2251.70766124837,1.00081461804823,1.00146657916478,1.00163386965944,1.00089583984521,1.00115719324217,1.00089583984521,1.00089583984521,NA,1.00108443098637,1.00108443098637,1.00112645752643,1.00109763970029,1.00109763970029,1.00114492463619,1.00104191688676,1.00078551881596
"TARGET.30.PAPUNH.01A",0.192529258582235,0.450118877979937,0.357351863437828,0.252569153539844,19.079694008356,0.252569153539844,0.747430846460156,0.5,0.00998254316143319,0.00998254316143319,0.0132134133369555,0.0997760851606827,0.0997760851606827,0.114827451723221,0.352075289779497,166.409300861463,0.000304254450272766,0.00062828177809814,0.000400833346902573,0.000177587118545977,0.0280519193846259,0.000177587118545977,0.000177587118545974,NA,1.91339172207198e-05,1.91339172207198e-05,2.06399099594111e-05,9.31529119192939e-05,9.31529119192939e-05,8.81152343249662e-05,0.00036686519356628,0.0281187732316487,0.0176545241186233,0.0319153681433241,0.0235585239447765,0.00901741298977449,1.72990359639033,0.00901741298977449,0.00901741298977449,0,0.00105909609317533,0.00105909609317533,0.00122973926757221,0.00522296863541732,0.00522296863541732,0.00529841267304187,0.0184246271852336,1.46664930530043,0.15980063973335,0.383461349061842,0.313282455940859,0.23621846141382,15.7658810504644,0.23621846141382,0.728244533329801,0.5,0.00824406883907032,0.00824406883907032,0.0111457071659367,0.0907968547196809,0.0907968547196809,0.105573231290495,0.319743421602334,162.586652114274,0.180440356806682,0.430555025158864,0.341343743883955,0.246579447525115,17.905314959741,0.246579447525115,0.741895805985706,0.5,0.00924169241522392,0.00924169241522392,0.0123561342150506,0.0961337214966837,0.0961337214966837,0.11115814955956,0.339778863508116,165.702022513656,0.192019140447516,0.450959213272035,0.356465366789955,0.251908950583183,19.1029333297102,0.251908950583183,0.748091049416817,0.5,0.00986577926007473,0.00986577926007473,0.0130869953690277,0.0993266291563118,0.0993266291563118,0.114398406320875,0.350406142444741,166.749918476574,0.203772637884659,0.471215073313027,0.372439509011229,0.258104194014294,20.232865374716,0.258104194014294,0.753420552474885,0.5,0.010602440804153,0.010602440804153,0.0139623347094979,0.102968154317757,0.102968154317757,0.11816232352938,0.363050509392335,167.495156943708,0.229376538403258,0.511256721967052,0.40608850622092,0.271755466670199,22.4301604511606,0.271755466670199,0.76378153858618,0.5,0.0122828758006141,0.0122828758006141,0.0158570269249705,0.110828136279441,0.110828136279441,0.125924687492188,0.392095264826387,168.19870766271,3366.96151641891,2580.42231198005,3454.36689220382,2578.3448291304,3802.93269097994,2578.3448291304,2578.3448291305,NA,3063.81790970183,3063.81790970183,3549.85394823367,3143.70629781386,3143.70629781386,3615.67645083756,2522.2283210286,2720.56948847109,1.00049893201198,1.00239442339277,1.00209473547057,1.00209833255023,1.00103990399263,1.00209833255023,1.00209833255023,NA,1.00145405429075,1.00145405429075,1.00113934322016,1.00141740187693,1.00141740187693,1.00111889663128,1.00215978090909,1.00030721546601
"TARGET.30.PAPUTN.01A",0.421540436247219,0.431467201655961,0.14699236209682,0.281959382188071,18.0042008267238,0.281959382188071,0.718040617811929,0.5,0.0114127213065804,0.0114127213065804,0.0140759068926781,0.106583537045414,0.106583537045414,0.118436284755126,0.415782650867433,245.476027031776,0.000747424484529509,0.00107794924495131,0.000385995956212349,0.000297877222296864,0.0423701909948445,0.000297877222296864,0.00029787722229685,NA,3.58779436459454e-05,3.58779436459454e-05,3.60115694626644e-05,0.000162367849707543,0.000162367849707543,0.000148018318172729,0.000717392083071776,0.0354861248458787,0.0321849923482951,0.0440999544657672,0.0200437524233993,0.0122881871847898,2.06678899001522,0.0122881871847898,0.0122881871847898,0,0.00158211452380389,0.00158211452380389,0.00168114562287022,0.00725792822776961,0.00725792822776961,0.00698279607399683,0.0288675728681832,1.5302668572083,0.366270279925293,0.333250594412727,0.110610735866412,0.26157931375979,14.0279197715657,0.26157931375979,0.690357778088998,0.5,0.00894847454675021,0.00894847454675021,0.0113303636463657,0.0945963770275934,0.0945963770275934,0.10644418087394,0.37028569792704,241.608995164881,0.39898120227974,0.406218613371887,0.133327880174039,0.27333298160004,16.6059097764438,0.27333298160004,0.710891426983069,0.5,0.0102857587159278,0.0102857587159278,0.0128776765808054,0.101418729610895,0.101418729610895,0.113479850976231,0.395563018650594,244.697362684154,0.419030143213177,0.435298331959328,0.145883676867007,0.280720328202793,17.98947895003,0.280720328202793,0.719279671797207,0.5,0.0112030603375511,0.0112030603375511,0.0138970117671809,0.105844510155052,0.105844510155052,0.117885587575801,0.412130071610813,245.817851894632,0.441295767311971,0.461824372556984,0.159460638358923,0.289108573016931,19.4134398919847,0.289108573016931,0.72666701839996,0.5,0.0123087584570964,0.0123087584570964,0.015054881274007,0.110944844210565,0.110944844210565,0.122698334430551,0.431632331111362,246.590114649026,0.491553583189332,0.505847535309298,0.190378717961599,0.309642221911001,22.064605179045,0.309642221911001,0.73842068624021,0.5,0.0150601089894736,0.0150601089894736,0.0178216017827174,0.122719635179356,0.122719635179356,0.133497572197255,0.482851378003694,247.40865491857,1854.26661532722,1673.7078643909,2696.45110579117,1701.77071502539,2379.42179490962,1701.77071502539,1701.77071502555,NA,1944.557313552,1944.557313552,2179.34792739361,1998.13699183483,1998.13699183483,2225.50096783008,1619.22567764694,1859.58995847547,1.00261635446326,1.00236834697495,1.00108345351701,1.00425236574405,1.00256255330768,1.00425236574405,1.00425236574405,NA,1.00380587536213,1.00380587536213,1.00306700102596,1.00362579055471,1.00362579055471,1.00294954835293,1.00445653385663,1.00103779024977
"TARGET.30.PAPVEB.01A",0.175372913381626,0.311688567923164,0.51293851869521,0.165323827686348,21.823342164708,0.165323827686348,0.834676172313652,0.5,0.0063414731659595,0.0063414731659595,0.0114912607278226,0.0796009176071052,0.0796009176071052,0.107155621655634,0.200755678534025,129.678114860368,0.000152221765865761,0.000217457992298933,0.000200102515699322,4.88520224131389e-05,0.0143810600601026,4.88520224131389e-05,4.88520224131394e-05,NA,4.1670388859576e-06,4.1670388859576e-06,7.56036760297051e-06,2.60818921012737e-05,2.60818921012737e-05,3.52251788427991e-05,7.2962388277589e-05,0.0239349917950914,0.0127785721683325,0.0171447180535676,0.0169904602283418,0.00386446896614542,1.21548852810639,0.00386446896614542,0.00386446896614541,0,0.00036280169542132,0.00036280169542132,0.000642003099428787,0.00227326374016679,0.00227326374016679,0.00298907882822031,0.00577458820854718,1.43401034375565,0.151017752966719,0.278812446428461,0.479311737225544,0.157690047259752,19.5014117108948,0.157690047259752,0.826944917081141,0.5,0.00567031187935434,0.00567031187935434,0.0102972073377283,0.0753014732860282,0.0753014732860282,0.10147515624886,0.189445738617583,126.094417869432,0.166665340526882,0.299914605267037,0.501355483040962,0.162720711315294,21.0102958514256,0.162720711315294,0.832046384090101,0.5,0.00609947826031126,0.00609947826031126,0.0110537000992037,0.078099156587788,0.078099156587788,0.105136578311061,0.196848380754652,128.987689611744,0.175340428520768,0.311562199058923,0.513068935286184,0.165268557612947,21.7876252706028,0.165268557612947,0.834731442387053,0.5,0.00632874094392354,0.00632874094392354,0.0114744033319616,0.0795533842364939,0.0795533842364939,0.107118641384007,0.200639776309268,129.986519415712,0.183889914608271,0.323320848521286,0.524458270910663,0.167953615909899,22.6168611214852,0.167953615909899,0.837279288684706,0.5,0.00657226728049952,0.00657226728049952,0.011898928114481,0.0810695212787118,0.0810695212787118,0.109082208056492,0.204666714075343,130.74410325278,0.201334957255195,0.345195713760328,0.545811662819018,0.173055082918859,24.278427343893,0.173055082918859,0.842309952740248,0.5,0.00709716365188934,0.00709716365188934,0.0128195847520925,0.0842446654207936,0.0842446654207936,0.113223605089037,0.212408195503643,131.456185792428,7047.11159138975,6215.98484415349,7209.50070500572,6257.69731784865,7143.64605476232,6257.69731784865,6257.69731784854,NA,7580.24965578789,7580.24965578789,7210.88259505606,7596.63852506235,7596.63852506235,7200.59398533853,6263.88761025131,3589.53342772757,0.999953022766496,0.999967512557156,0.999873547128309,0.999753149750818,0.999721418268503,0.999753149750818,0.999753149750817,NA,0.999679161258122,0.999679161258122,0.999734702926336,0.999677400740461,0.999677400740461,0.999730439722759,0.999756740689785,1.00040635188477
"TARGET.30.PAPVFD.01A",0.376745948101103,0.383385682647612,0.239868369251285,0.240868376468847,26.3351001900765,0.240868376468847,0.759131623531153,0.5,0.00697313211234612,0.00697313211234612,0.0095339727000888,0.0834559839924558,0.0834559839924558,0.0975893207024824,0.328717081424969,167.099684059755,0.000240375494547841,0.000297241230810797,0.000194936910481615,6.61097991538868e-05,0.0221850531421138,6.61097991538868e-05,6.61097991538921e-05,NA,6.45136767155532e-06,6.45136767155532e-06,8.16532631317267e-06,3.83521433317091e-05,3.83521433317091e-05,4.15630188903794e-05,0.000127794765448796,0.0240609110176579,0.0176602472897913,0.0209036585944571,0.0158407266219663,0.00466484948069535,1.72175937237785,0.00466484948069535,0.00466484948069535,0,0.0004812199236686,0.0004812199236686,0.000628944347232076,0.0028691248111116,0.0028691248111116,0.00320912327994185,0.00900892493572698,1.38420561763063,0.341934858890004,0.341720874155866,0.210040634248711,0.231723300942717,23.0039630107889,0.231723300942717,0.749896619978654,0.5,0.00611878155506769,0.00611878155506769,0.0083966538139267,0.0782226409343158,0.0782226409343158,0.0916332570100948,0.311294595681985,163.742571280483,0.364642361547519,0.369130281624241,0.228834965263065,0.237714520024378,25.1453571462324,0.237714520024378,0.756028993065132,0.5,0.00663926339767742,0.00663926339767742,0.00909082535302211,0.0814816752217778,0.0814816752217778,0.0953458197983597,0.32258728481943,166.392613015808,0.376613086853684,0.383428735074724,0.239734387819701,0.240861112834712,26.3221402834507,0.240861112834712,0.759138887165288,0.5,0.00693819712269968,0.00693819712269968,0.00949770791106579,0.083295840967419,0.083295840967419,0.097456184570328,0.328621968286225,167.406571213157,0.388661455557739,0.397519317974308,0.250761291405862,0.243971006934868,27.5002533094515,0.243971006934868,0.762285479975622,0.5,0.00727780671848241,0.00727780671848241,0.00994219324655358,0.0853100622329325,0.0853100622329325,0.0997105473184215,0.334658703097364,168.123827134467,0.411576833555534,0.424623348585529,0.271296649600769,0.250103380021346,29.7737656401522,0.250103380021346,0.768276699057283,0.5,0.00800743070082147,0.00800743070082147,0.010867692681706,0.0894842483390141,0.0894842483390141,0.104248226251952,0.346780393107512,168.83442228923,5397.75513912677,4945.68561136949,6603.31538787455,4979.0168340102,6023.15396395521,4979.0168340102,4979.0168340094,NA,5563.95504776632,5563.95504776632,5933.04094962809,5596.53987819755,5596.53987819755,5961.54234187527,4969.58137220417,3309.61198728285,1.00102418061004,1.00053248292807,1.00011040876477,1.00064862387093,1.00019585350575,1.00064862387093,1.00064862387093,NA,1.00011448091424,1.00011448091424,1.00008098308114,1.00015832098194,1.00015832098194,1.00010957279285,1.00063804585807,1.00062578693549
"TARGET.30.PAPVXS.01A",0.476026095119127,0.381651686966422,0.142322217914451,0.372633442833726,17.7769982590022,0.372633442833726,0.627366557166274,0.5,0.0133265374121165,0.0133265374121165,0.0142466360169924,0.115216055731443,0.115216055731443,0.119165335914953,0.686869065690066,473.951959083907,0.00115207942403786,0.00157911863909755,0.000557924984201608,0.000299786068075654,0.0396640526247523,0.000299786068075654,0.000299786068075655,NA,3.40607451392058e-05,3.40607451392058e-05,3.25651982532534e-05,0.00014592194234912,0.00014592194234912,0.000135070795583442,0.0012115173497465,0.0313070109417035,0.05648957497713,0.0779537084761923,0.0327857301016396,0.014000009200551,2.02325024460153,0.014000009200551,0.014000009200551,0,0.00167264465866156,0.00167264465866156,0.00163267118875053,0.00719752661365493,0.00719752661365493,0.00680180243268979,0.0561442138070146,1.49877287313014,0.367244474989009,0.229600997144484,0.0800188055298267,0.345520486763862,14.0493353817216,0.345520486763862,0.598905063160608,0.5,0.010413952095442,0.010413952095442,0.0113764421651304,0.102048773070946,0.102048773070946,0.106660405753123,0.587273306693794,470.157878828592,0.437891210219967,0.328214507601851,0.119969902377149,0.363415909711281,16.3619665297717,0.363415909711281,0.618326901463376,0.5,0.0121335820972274,0.0121335820972274,0.0130672610894163,0.110152540128188,0.110152540128188,0.114312121358207,0.648833813707279,473.21093032564,0.475336160217082,0.382160747819997,0.14157391252453,0.372544845676404,17.6693280017041,0.372544845676404,0.627455154323596,0.5,0.0132130580926191,0.0132130580926191,0.0141488120318372,0.114948066897591,0.114948066897591,0.118948778989086,0.683421763508622,474.303001095436,0.51322107882996,0.434168310075842,0.163730499706127,0.381673098536624,19.1317827270405,0.381673098536624,0.636584090288719,0.5,0.014383962871386,0.014383962871386,0.0152793369639002,0.119933160015313,0.119933160015313,0.123609615175736,0.720578476466094,475.053948742205,0.589635145801978,0.533405358042943,0.208146509444947,0.401094936839392,21.9752359502948,0.401094936839392,0.654479513236138,0.5,0.0169786122828307,0.0169786122828307,0.0177944360503525,0.13030200413329,0.13030200413329,0.133395787228655,0.810223833189733,475.79507607746,2404.20653769709,2436.93554016208,3453.17111217177,2180.88994436176,2601.98645755862,2180.88994436176,2180.88994436176,NA,2411.56563581526,2411.56563581526,2513.56433196083,2432.90614358174,2432.90614358174,2535.85904888566,2147.58683824652,2291.86186334191,1.00082288312149,1.00074764789007,1.00023425321016,1.00104411986821,1.00197119406253,1.00104411986821,1.00104411986821,NA,1.00114273697132,1.00114273697132,1.00121600244543,1.00134237150354,1.00134237150354,1.00139826903654,1.0008248364649,1.00040971525131
"TARGET.30.PAPZYP.01A",0.280227459569421,0.460861163676676,0.258911376753903,0.247015620702293,18.0083774136161,0.247015620702293,0.752984379297707,0.5,0.0104213299802539,0.0104213299802539,0.0140013800567259,0.101943872587956,0.101943872587956,0.118199376679412,0.340974604686567,128.795939369462,0.000382868005974595,0.000668997252232505,0.000354746772750347,0.00018214653746542,0.0270444886886687,0.00018214653746542,0.00018214653746542,NA,2.01072454726401e-05,2.01072454726401e-05,2.23332967267933e-05,9.58056416729246e-05,9.58056416729246e-05,9.26486840184178e-05,0.000366687862738928,0.0283095726161085,0.0201578083566856,0.0322575520394274,0.0210969254455159,0.00918842847171578,1.64277476492857,0.00918842847171578,0.00918842847171578,0,0.00111269206205647,0.00111269206205647,0.00131650484721402,0.00536473853762082,0.00536473853762082,0.00550374379161407,0.0183576394051468,1.47484368007351,0.241834431368377,0.39358634253989,0.219353663117243,0.230651441397646,14.6602806186973,0.230651441397646,0.732417148063349,0.5,0.00860510125522575,0.00860510125522575,0.0117780633576561,0.0927636849992435,0.0927636849992435,0.108526786353859,0.309300900353716,124.977192020698,0.266843590435885,0.440660515610039,0.244618068894614,0.240800289745994,16.9220040250726,0.240800289745994,0.747480486641489,0.5,0.00964676406491541,0.00964676406491541,0.0130917180075212,0.0982179416579138,0.0982179416579138,0.114419045649971,0.328504625897944,128.093269561117,0.279919877843505,0.461598926443505,0.258266235585081,0.246468422751374,18.0073409574508,0.246468422751374,0.753531577248626,0.5,0.0103083626797501,0.0103083626797501,0.0138832268812058,0.101530107257641,0.101530107257641,0.117827105882548,0.339559859141501,129.12008003145,0.293510492559948,0.482669509667595,0.272514708261297,0.252519513358511,19.0960422353893,0.252519513358511,0.759199710254005,0.5,0.0110468764489887,0.0110468764489887,0.0147736639102363,0.105104121931161,0.105104121931161,0.121546961738909,0.351638180694106,129.877607434374,0.321447539429879,0.521286978141472,0.302804489478103,0.267582851936651,21.225900432346,0.267582851936651,0.769348558602354,0.5,0.012984351482553,0.012984351482553,0.0170528795801695,0.113948898433957,0.113948898433957,0.130586674588692,0.383037144809988,130.611105284979,2771.96965116522,2324.95282492864,3536.7261195667,2544.7237198367,3689.76320728491,2544.7237198367,2544.7237198367,NA,3062.27944900477,3062.27944900477,3474.87552913226,3135.55882689494,3135.55882689494,3528.88826210754,2506.34354381302,2714.096950746,1.00077351454933,1.00053563777625,0.99986168397134,1.00017866080783,1.00018334628794,1.00017866080783,1.00017866080783,NA,1.00001026341243,1.00001026341243,1.0001896550159,1.00000676771009,1.00000676771009,1.00018830265974,1.00015797425305,1.00133907074635
"TARGET.30.PAPZYZ.01A",0.275221409031459,0.541206995464075,0.183571595504467,0.280491778289714,23.1697632684871,0.280491778289714,0.719508221710286,0.5,0.00885948586057189,0.00885948586057189,0.0109623107365438,0.0938806738694933,0.0938806738694933,0.104483366322999,0.41225033030775,300.182574937287,0.000430715555838108,0.000677939177257175,0.000307244106009717,0.000253508363210887,0.0533583031861154,0.000253508363210887,0.000253508363210878,NA,3.0029677203973e-05,3.0029677203973e-05,3.08693492678253e-05,0.000148654950537147,0.000148654950537147,0.000139257056730029,0.000611767613828365,0.0376362274101043,0.022858167913265,0.0338488341982232,0.0190571005387084,0.0108621831644382,2.79529545048268,0.0108621831644382,0.0108621831644382,0,0.00133265157614538,0.00133265157614538,0.00146077581214452,0.00677574152516809,0.00677574152516809,0.00674852511158635,0.0256417117285,1.56214269475104,0.232767227095762,0.469664775814045,0.147584183108073,0.262960858195038,17.2875367969605,0.262960858195038,0.693747952595792,0.5,0.00700511746209841,0.00700511746209841,0.00885318252814152,0.0836965797224502,0.0836965797224502,0.0940913520361255,0.373191407961204,296.213368876361,0.260301887445491,0.52086590805389,0.170850686000759,0.273280913473794,21.3975852556494,0.273280913473794,0.714055377911646,0.5,0.00796843289050583,0.00796843289050583,0.00996236713964411,0.0892660791703787,0.0892660791703787,0.0998116583343228,0.39544817578585,299.432432944672,0.274265323360401,0.542218245592684,0.183046373452422,0.279201135775036,23.2767973837017,0.279201135775036,0.720798864224964,0.5,0.00863896607779883,0.00863896607779883,0.0107403091638777,0.092946038526623,0.092946038526623,0.103635462855321,0.408677963979949,300.557440797273,0.289136831645316,0.56294641672703,0.195933432267658,0.285944622088354,25.0944375483694,0.285944622088354,0.726719086526206,0.5,0.00943808259968739,0.00943808259968739,0.0116835613468913,0.0971497946426628,0.0971497946426628,0.108090523852823,0.424186670795272,301.325295602436,0.322755421661034,0.605869055591817,0.222251055043889,0.306252047404208,28.2384328147401,0.306252047404208,0.737039141804962,0.5,0.0121670464228372,0.0121670464228372,0.0144612853092479,0.110304335458986,0.110304335458986,0.120255084223278,0.47402499915307,302.070086241541,2816.44790770072,2492.90636916441,3847.21563965804,1835.90270291454,2744.4253015351,1835.90270291454,1835.90270291467,NA,1969.39080902666,1969.39080902666,2239.29953070706,2077.56637470406,2077.56637470406,2348.46078531223,1756.79490105459,1722.77767964752,1.00107691187192,1.00084564987983,0.999835362295873,1.00122173035793,1.00132354504485,1.00122173035793,1.00122173035793,NA,1.00192355362349,1.00192355362349,1.0018212859516,1.0017838397075,1.0017838397075,1.0016927311122,1.00132325116575,1.00299437430695
"TARGET.30.PARABN.01A",0.201822085002069,0.503096808903397,0.295081106094534,0.25637347423293,20.3473177091102,0.25637347423293,0.74362652576707,0.5,0.00947312567538646,0.00947312567538646,0.0124138194884943,0.0971637536832697,0.0971637536832697,0.111270503358363,0.359912628341588,189.287609231546,0.000316351330615539,0.000647845607463167,0.000403106167148375,0.000203633041525664,0.0345054081789612,0.000203633041525664,0.00020363304152566,NA,2.17949387820456e-05,2.17949387820456e-05,2.30996485922389e-05,0.000107735440532952,0.000107735440532952,0.000100867772707796,0.000431079414543104,0.0293047142738405,0.0184212717157976,0.0322301792273229,0.0230256792354046,0.00995718765067962,2.02307642224315,0.00995718765067962,0.00995718765067962,0,0.00113332818229181,0.00113332818229181,0.00129513383623599,0.00568635976695743,0.00568635976695743,0.00571827405805588,0.0207813304816012,1.51778323030205,0.167786840057962,0.435820982071894,0.25253715226025,0.239332253109153,16.2551948827874,0.239332253109153,0.721291722591545,0.5,0.00772238994442912,0.00772238994442912,0.0103255515360332,0.0878771298022961,0.0878771298022961,0.101614721059187,0.325680751236622,185.425255949086,0.189153097554307,0.483104333366717,0.27930152335683,0.249583302618228,19.0262355534735,0.249583302618228,0.737807363040191,0.5,0.00870312919008174,0.00870312919008174,0.0115111107429241,0.0932905632332868,0.0932905632332868,0.107289844546931,0.345740889292802,188.539101255056,0.201325604890591,0.504829195357044,0.294398525953249,0.255552610061165,20.4072324475735,0.255552610061165,0.744447389938835,0.5,0.00930966648879872,0.00930966648879872,0.0122505587517175,0.0964866130030295,0.0964866130030295,0.11068224225681,0.357803993369223,189.639207210921,0.214020145006545,0.524901328891802,0.309655087924433,0.262192636959809,21.7181474129567,0.262192636959809,0.750416697381772,0.5,0.0100602455661085,0.0100602455661085,0.0131397511262425,0.100300775493556,0.100300775493556,0.114628753485728,0.371573575742952,190.401713372569,0.238809113927854,0.562528951754728,0.34193267740304,0.278708277408455,24.2117817277802,0.278708277408455,0.760667746890847,0.5,0.0121988581792233,0.0121988581792233,0.0153796987283926,0.110448441193884,0.110448441193884,0.124014913326333,0.407563127813932,191.157964515121,3390.7821323662,2475.04103733255,3262.76665811791,2390.98519787356,3437.55961772606,2390.98519787356,2390.98519787365,NA,2703.95879907982,2703.95879907982,3143.53683180007,2785.80993589894,2785.80993589894,3213.84605043149,2323.9786240978,2682.52956759091,1.00066016484725,1.00073717935914,1.00024105338296,1.00166265358136,0.999998422691229,1.00166265358136,1.00166265358136,NA,1.00064700518538,1.00064700518538,1.00022081968782,1.00055001021912,1.00055001021912,1.00015383847368,1.00171061868734,0.999824429896954
"TARGET.30.PARACS.01A",0.420939069190351,0.434736352783356,0.144324578026293,0.251982116007574,21.6688374106997,0.251982116007574,0.748017883992426,0.5,0.00875402289368174,0.00875402289368174,0.0116098363749982,0.0934782914138016,0.0934782914138016,0.107663963150764,0.350725097781547,215.049232419582,0.000299514032750026,0.000426651349340676,0.000207711269975373,0.00010144759180186,0.0242617665064682,0.00010144759180186,0.000101447591801859,NA,1.10097164593032e-05,1.10097164593032e-05,1.33328551758189e-05,5.81332423614136e-05,5.81332423614136e-05,6.13419420175603e-05,0.000205574650778502,0.0246752131629436,0.0200963760532816,0.0257017671217672,0.0148969940275582,0.00648381714592011,1.7058373989464,0.00648381714592011,0.00648381714592011,0,0.000750038227836596,0.000750038227836596,0.000927349722802453,0.00397918424762426,0.00397918424762426,0.0042789838024906,0.0131092525655151,1.41327978802971,0.382757501270888,0.382752131488485,0.116601950713041,0.23972121516588,18.3799195726505,0.23972121516588,0.734802619232888,0.5,0.00745771209044449,0.00745771209044449,0.00997268320002295,0.0863580458911302,0.0863580458911302,0.0998633225368136,0.326427396322898,211.526049401667,0.40704487633579,0.417898913036085,0.133915439939886,0.247567708497081,20.50429555297,0.247567708497081,0.743834023574856,0.5,0.00823045565857689,0.00823045565857689,0.0109569189096831,0.0907218587676047,0.0907218587676047,0.104675302287257,0.341732519065303,214.352171411271,0.42035983172216,0.43519501262727,0.144166774108163,0.25183586351684,21.6594366458916,0.25183586351684,0.74816413648316,0.5,0.00869306181277257,0.00869306181277257,0.0115423131354158,0.0932365905247089,0.0932365905247089,0.107435157812609,0.350258865259653,215.344017718839,0.434490007673419,0.452052999911028,0.15423835807988,0.256165976425144,22.8166332277885,0.256165976425144,0.752432291502919,0.5,0.00920896800186269,0.00920896800186269,0.0121925671308637,0.0959633680204077,0.0959633680204077,0.110419958027775,0.359060167921511,216.082760325887,0.460478872502473,0.484593635654645,0.174158803427626,0.265197380767112,25.0684791828214,0.265197380767112,0.76027878483412,0.5,0.0103592622789041,0.0103592622789041,0.0136018005519306,0.101780461161945,0.101780461161945,0.116626757433177,0.377931427702011,216.824215895766,4501.95498761511,3628.93944625955,5143.71817063878,4084.8680549155,4943.45318615983,4084.8680549155,4084.86805491555,NA,4641.03163939938,4641.03163939938,4837.72045728433,4685.31727055034,4685.31727055034,4865.93432224316,4066.46219540319,3280.45790827322,1.00017650885151,1.00031654842216,0.999872939180192,1.00007271431616,0.999910562590772,1.00007271431616,1.00007271431616,NA,0.999973043356485,0.999973043356485,0.999894656179003,0.999970890475391,0.999970890475391,0.999898250484362,1.00007153603073,1.00109536378513
"TARGET.30.PARAHE.01A",0.303381843789737,0.508898637933384,0.187719518276879,0.281302617735903,18.06975146727,0.281302617735903,0.718697382264097,0.5,0.0114168725742839,0.0114168725742839,0.0140928372689174,0.106503233546445,0.106503233546445,0.118432463084684,0.414738233567692,242.968143096408,0.00079389685123807,0.00129248255669654,0.00053385427878044,0.000414012571288477,0.0532158786315699,0.000414012571288477,0.000414012571288477,NA,4.66663609786313e-05,4.66663609786313e-05,4.57405985354863e-05,0.000209637632272728,0.000209637632272728,0.00018719988261482,0.00100241504541854,0.0325984985537917,0.0311102532608185,0.0482027527737409,0.0243499880726766,0.015270842911757,2.39898168491704,0.015270842911757,0.015270842911757,0,0.00188984344467548,0.00188984344467548,0.00197549454584439,0.00859901513651361,0.00859901513651361,0.00816071573286232,0.0362251566475356,1.51526904966398,0.251454216391601,0.398155464261922,0.144003947027769,0.257022861004838,13.3787579228088,0.257022861004838,0.682035481405363,0.5,0.00861721700358949,0.00861721700358949,0.0109975687468916,0.0928289664033352,0.0928289664033352,0.104869293632027,0.360820368866458,239.210217187627,0.281890917719298,0.482294141185658,0.171577273816812,0.270506956122936,16.425548273025,0.270506956122936,0.710256414012953,0.5,0.0100848295664589,0.0100848295664589,0.0126913332670653,0.100423252118242,0.100423252118242,0.112655817712479,0.389367689658827,242.137275963365,0.300158589731222,0.514617924035971,0.185976811799882,0.279430830323725,18.0797747234086,0.279430830323725,0.720569169676275,0.5,0.0111052950597285,0.0111052950597285,0.0138276059204001,0.10538166373448,0.10538166373448,0.117590841141359,0.409198379027576,243.309456427275,0.320657011780923,0.541026637687646,0.202303952801423,0.289743585987047,19.6984820226473,0.289743585987047,0.729493043877064,0.5,0.012403660722137,0.012403660722137,0.0152201921503563,0.111371723136668,0.111371723136668,0.123370142809368,0.433140146894567,244.116722880404,0.37564511494393,0.590551551609012,0.24147936965365,0.317964518594637,22.7322970880897,0.317964518594637,0.742977138995162,0.5,0.0159716430451286,0.0159716430451286,0.0186863385670993,0.126378965990225,0.126378965990225,0.136697983029167,0.505203238847148,244.911723978634,1535.60293786274,1390.89485391396,2080.4249324604,1360.50130414907,2032.22313261021,1360.50130414907,1360.50130414907,NA,1639.99976136953,1639.99976136953,1865.29696445589,1682.51496185752,1682.51496185752,1900.40146266295,1305.94651697273,2160.64944413418,1.00152548337081,1.00109553780545,1.00014600463675,1.00119374187052,1.00033716236223,1.00119374187052,1.00119374187052,NA,1.00053467925791,1.00053467925791,1.00030745474175,1.00056102504031,1.00056102504031,1.00031931072098,1.00116869299733,1.00044122417564
"TARGET.30.PARBAJ.01A",0.300889676228006,0.50773061280437,0.191379710967624,0.249732300934168,24.416622976505,0.249732300934168,0.750267699065832,0.5,0.00772002916883002,0.00772002916883002,0.0103015790245551,0.0877899490127195,0.0877899490127195,0.101418710536816,0.34620226795592,217.615864434656,0.000245138129778474,0.000358773830668472,0.000211232937035373,9.40031123731744e-05,0.0251194100610118,9.40031123731744e-05,9.40031123731774e-05,NA,8.59810972501957e-06,8.59810972501957e-06,1.087437636156e-05,4.83896661396329e-05,4.83896661396329e-05,5.30838560726482e-05,0.000188697163066107,0.0233321132208364,0.0178931755954979,0.0239963178678444,0.0162877942170292,0.00639646194759341,1.89523563336164,0.00639646194759341,0.00639646194759341,0,0.000637044129073432,0.000637044129073432,0.000812444581166718,0.00359939448091049,0.00359939448091049,0.00397821013448283,0.0128098134197528,1.40864608296001,0.267531174054552,0.459538380646633,0.159594077205886,0.237525441596059,20.7426228191552,0.237525441596059,0.73736479352018,0.5,0.00662345974025253,0.00662345974025253,0.00889713821793609,0.0813846406896137,0.0813846406896137,0.0943246426852623,0.322226970730052,214.003102120429,0.288653541378785,0.492032441040451,0.180407765691906,0.245517489309464,23.1058709433219,0.245517489309464,0.746097571341424,0.5,0.00726629288653233,0.00726629288653233,0.00972646466707167,0.0852425532603567,0.0852425532603567,0.0986228404936867,0.33768799253747,216.903440958249,0.300690647136721,0.507830677601372,0.191286236534465,0.249607864018951,24.3967675931127,0.249607864018951,0.750392135981049,0.5,0.00767112863560117,0.00767112863560117,0.0102472591540637,0.0875849795090383,0.0875849795090383,0.101228746675887,0.345789932757951,217.946438847743,0.312686267966123,0.524139305958637,0.202231249506323,0.253902428658576,25.7030697751147,0.253902428658576,0.754482510690536,0.5,0.00812017925163341,0.00812017925163341,0.0108197609436378,0.0901120372170323,0.0901120372170323,0.10401807988818,0.354440004835141,218.644621067938,0.336841693169542,0.553488773106109,0.223854378929708,0.26263520647982,28.0989228111889,0.26263520647982,0.762474558403941,0.5,0.00912154390312675,0.00912154390312675,0.0120524777504115,0.0955067741212942,0.0955067741212942,0.109783777263557,0.372504963748954,219.373569325467,5327.86376147292,4473.5026310864,5945.67645035455,4630.1512199604,5692.55919214531,4630.1512199604,4630.1512199601,NA,5489.50353591962,5489.50353591962,5581.85785916888,5532.91045118267,5532.91045118267,5616.30277864339,4608.44985702299,3644.98406052347,0.999876674303634,0.999775581824845,0.999757033575298,1.00007483737745,1.00014373885976,1.00007483737745,1.00007483737745,NA,1.00022192978502,1.00022192978502,1.00022605374749,1.00019023998818,1.00019023998818,1.00019885663203,1.00007161148437,1.00105588235829
"TARGET.30.PARBGP.01A",0.330894378881026,0.391869723319533,0.277235897799442,0.2258909382065,20.1461659399106,0.2258909382065,0.7741090617935,0.5,0.00872337825461996,0.00872337825461996,0.0124717579667466,0.0933313769201424,0.0933313769201424,0.111606563689349,0.300660025372671,82.5784179253387,0.000252526064571003,0.000378884464840484,0.000230161223638504,8.60863465474184e-05,0.0175913689247638,8.60863465474184e-05,8.60863465474182e-05,NA,8.58302861897445e-06,8.58302861897445e-06,1.11069915489065e-05,4.53590219227175e-05,4.53590219227175e-05,4.93854946844069e-05,0.000157388171927453,0.025062026931427,0.0180518265818221,0.0239296777230583,0.0178026936120265,0.00597522679209918,1.42086594664832,0.00597522679209918,0.00597522679209918,0,0.00066801109765071,0.00066801109765071,0.00088995411167146,0.00355442204159455,0.00355442204159455,0.00396672094572593,0.010915662491847,1.42378255536306,0.296355283470036,0.344693655386793,0.24313768977862,0.214424664667788,17.3321153871903,0.214424664667788,0.762094164860022,0.5,0.00755009718397244,0.00755009718397244,0.0108853004207284,0.0868912952134619,0.0868912952134619,0.104332643104791,0.280051116300477,79.0341303023769,0.318571386688456,0.375688925702101,0.265150031354411,0.221856601226915,19.1810651826087,0.221856601226915,0.770146575278271,0.5,0.00825380919252356,0.00825380919252356,0.0118495701676513,0.090850477113639,0.090850477113639,0.108855730981823,0.293235647399417,81.8616427231505,0.33088548830903,0.392183873466274,0.277032110512063,0.225824452415491,20.1449913393478,0.225824452415491,0.774175547584509,0.5,0.00867255447789968,0.00867255447789968,0.0124100326414423,0.0931265508751,0.0931265508751,0.111400326033696,0.30041975628573,82.9121149682439,0.342814931159712,0.407905553267079,0.289326764729246,0.229853424721729,21.0978116900741,0.229853424721729,0.778143398773085,0.5,0.00913924849282765,0.00913924849282765,0.01303368700968,0.0955994168010824,0.0955994168010824,0.11416517423604,0.307821707677602,83.6260934652887,0.367106278122881,0.438779430941517,0.313110827133911,0.237905835139978,22.9667524697066,0.237905835139978,0.785575335332212,0.5,0.0101950792600377,0.0101950792600377,0.0144240904505891,0.100970685149783,0.100970685149783,0.120100334928516,0.322952125783953,84.3667477737651,5110.105709612,3988.9638667954,5982.83629487486,4817.70533198507,6523.89463416544,4817.70533198507,4817.7053319851,NA,6057.39972731807,6057.39972731807,6420.10816289423,6140.59739713923,6140.59739713923,6451.55616032628,4810.12116119867,3227.41601981018,1.00069044682758,1.00053994754784,1.0001348145272,1.00011111501972,1.00032881606684,1.00011111501972,1.00011111501972,NA,1.00027690222632,1.00027690222632,1.00044631473486,1.00024433279515,1.00024433279515,1.00041389443138,1.00010793424851,1.00064340406111
"TARGET.30.PARBLH.01A",0.167834710685819,0.751127145161376,0.0810381441528049,0.319479034327597,22.0111405029224,0.319479034327597,0.680520965672403,0.5,0.0102057758793955,0.0102057758793955,0.0117966537395893,0.0999531598557468,0.0999531598557468,0.108060623070971,0.57093121105388,580.627685039128,0.0145921572832101,0.0197537812129175,0.00515488033521721,0.0090854931617958,0.455492540636138,0.0090854931617958,0.00908549316179594,NA,0.000405415842814044,0.000405415842814044,0.000300043624054114,0.00187394690329357,0.00187394690329357,0.00131444962270856,0.0368007559187848,0.152748266354793,0.112071741197124,0.150008367018458,0.0439817373113763,0.0687256974952499,3.96557923005928,0.0687256974952499,0.0687256974952499,0,0.00315845309901129,0.00315845309901129,0.00247446993512857,0.0146686267361082,0.0146686267361082,0.0109348263546459,0.285792704749027,1.91112390749733,0.0671765829983456,0.371420264065479,0.0359344631116015,0.240693852876013,14.487479202234,0.240693852876013,0.537859499150818,0.5,0.00710851821127763,0.00710851821127763,0.00891645510489,0.0843120288645739,0.0843120288645739,0.0944269829271737,0.328299349779742,576.30125416074,0.0970720733686691,0.731720589522064,0.0535815973704166,0.272373246190797,19.3064827015643,0.272373246190797,0.648109275255216,0.5,0.00803428452189084,0.00803428452189084,0.0100483254824816,0.0896341705037242,0.0896341705037242,0.100241336173971,0.393450427859911,579.400965049821,0.118546182678112,0.816476124948924,0.0656718765595991,0.291111091318863,23.0248698690871,0.291111091318863,0.708888908681137,0.5,0.00874647127140179,0.00874647127140179,0.010857824667693,0.0935225709195404,0.0935225709195404,0.104200886115776,0.436402763162519,580.976494160105,0.179832772716722,0.847015607235204,0.0888175659934595,0.351890724744784,24.8797673689557,0.351890724744784,0.727626753809203,0.5,0.0115489650616024,0.0115489650616024,0.0129490186621341,0.107466109071136,0.107466109071136,0.113793754661398,0.608328962480315,582.195535004002,0.453367316199344,0.889764806202396,0.206601325336782,0.462140500849182,28.0380484258793,0.462140500849182,0.759306147123987,0.5,0.0171105825248281,0.0171105825248281,0.017256280165742,0.130807425335514,0.130807425335514,0.131363161371766,1.29036309108779,583.174678245176,58.9865824101864,57.6674155202552,72.7960114254543,57.2191366492323,75.7967743973741,57.2191366492323,57.2191366492306,NA,60.6942336944417,60.6942336944417,68.0135679320069,61.272323891429,61.272323891429,69.2047476648976,60.3099263594363,156.539921294903,1.0983587639665,1.09975100866621,1.07470260249889,1.1034928419766,1.07714112822641,1.1034928419766,1.1034928419766,NA,1.09782917691872,1.09782917691872,1.08686779217587,1.09654747688411,1.09654747688411,1.08519259068832,1.09850926532837,1.04004492044105
"TARGET.30.PARDIW.01A",0.0439271116147457,0.498607707496041,0.457465180889213,0.258245447530689,22.5011408192975,0.258245447530689,0.741754552469311,0.5,0.00856447695390153,0.00856447695390153,0.0111786215924927,0.0924678483290114,0.0924678483290114,0.105647964361031,0.363514205805279,355.309622602871,0.00016138596732755,0.000389353687194874,0.000297306847382499,9.57815703354143e-05,0.0244378022297515,9.57815703354143e-05,9.57815703354154e-05,NA,9.70165775211652e-06,9.70165775211652e-06,1.2254272593383e-05,5.20838832295597e-05,5.20838832295597e-05,5.76940733612115e-05,0.000198734374667294,0.0231110853584652,0.0106658782717608,0.0247626490192901,0.0208579263190912,0.0063263818017487,1.75360931217146,0.0063263818017487,0.0063263818017487,0,0.000700316115642764,0.000700316115642764,0.000878651742814679,0.00376506988957395,0.00376506988957395,0.00413900474547226,0.0131119090642395,1.38829006970097,0.0246032190188855,0.450514008479669,0.416038702278285,0.246117512378739,19.1770598377119,0.246117512378739,0.729217968654995,0.5,0.0073259858983178,0.0073259858983178,0.00959954644642027,0.085591973318135,0.085591973318135,0.0979772751411546,0.338868292886543,351.798957492252,0.0364873553641583,0.481960422986591,0.443199113230873,0.253998266662403,21.2799353825378,0.253998266662403,0.737540584467645,0.5,0.00806930417338798,0.00806930417338798,0.0105565835033388,0.0898293057448386,0.0898293057448386,0.102745235912577,0.354634758214021,354.607926809912,0.04347977114787,0.498794271647342,0.457122070634498,0.25817894737703,22.4682745943729,0.25817894737703,0.74182105262297,0.5,0.00852081063905368,0.00852081063905368,0.0111268000998527,0.0923082371046268,0.0923082371046268,0.105483648495161,0.363205048883103,355.60813696458,0.0509152980277355,0.515530496893176,0.471665417814926,0.262459415532355,23.6819042807266,0.262459415532355,0.746001733337597,0.5,0.00901327937000699,0.00901327937000699,0.011748155974453,0.0949382924187611,0.0949382924187611,0.108388910754048,0.372134803788789,356.348347233976,0.0662443579782554,0.546491538391917,0.498413903405775,0.270782031345005,26.0428970929626,0.270782031345005,0.753882487621261,0.5,0.0100533099494522,0.0100533099494522,0.0130364092371395,0.100266195447064,0.100266195447064,0.114177095938789,0.389967359788038,357.063719844362,4367.7895639053,4044.87980118823,4921.89601955702,4362.61502447054,5149.21937170418,4362.61502447054,4362.61502447044,NA,5210.70325491378,5210.70325491378,5141.12869947091,5225.63860417134,5225.63860417134,5146.70698880519,4352.97198329087,3608.44218394745,1.00136932174875,1.00043503479617,1.00005633852655,0.999711579551528,1.00047859033043,0.999711579551528,0.999711579551528,NA,1.0002828734002,1.0002828734002,1.00047563576628,1.00028365443252,1.00028365443252,1.00047672201279,0.99971053175547,1.00147296167785
"TARGET.30.PARDUJ.01A",0.5433392048643,0.342014652791053,0.114646142344647,0.3908405268177,20.7890872470157,0.3908405268177,0.6091594731823,0.5,0.0115620150130636,0.0115620150130636,0.0121392548559327,0.107380184647723,0.107380184647723,0.110049540216063,0.76391691619802,586.520324791091,0.00136981125345694,0.00174722617429014,0.000509870846813902,0.000266592498649127,0.0411375983757597,0.000266592498649127,0.000266592498649131,NA,2.45333111506959e-05,2.45333111506959e-05,2.33614250319738e-05,0.000114793386855579,0.000114793386855579,0.000106509393202655,0.00120493870985279,0.0296282739353987,0.0616594190092594,0.0773393052062149,0.027246333428986,0.0120193802543402,2.03431843556796,0.0120193802543402,0.0120193802543402,0,0.00120612085884043,0.00120612085884043,0.00117321236795105,0.00561381309332722,0.00561381309332722,0.00532513838348108,0.0549691116387481,1.49446702416589,0.420948537142978,0.191569636736588,0.0641812300385381,0.365664689866604,17.3317136239517,0.365664689866604,0.587257007536492,0.5,0.00932105103928937,0.00932105103928937,0.00993802475054772,0.0965455904677203,0.0965455904677203,0.0996896421319923,0.657134554811852,582.745415302528,0.501422000516234,0.287786073524502,0.0955775304907375,0.383316667057355,19.3541515105007,0.383316667057355,0.601097552753354,0.5,0.0107379780161125,0.0107379780161125,0.0113288913616847,0.103624215384584,0.103624215384584,0.10643726490521,0.727572194727028,585.799519761571,0.543439217614265,0.341068304234197,0.113505380632468,0.391566705729838,20.6616482383889,0.391566705729838,0.608433294270162,0.5,0.011513160750001,0.011513160750001,0.0120997123367716,0.107299397713827,0.107299397713827,0.109998692427256,0.764236457021184,586.866195796058,0.585529139544578,0.39623984367728,0.132349101839018,0.398902447246646,22.0674726346063,0.398902447246646,0.616683332942645,0.5,0.0123541434644225,0.0123541434644225,0.012917125294844,0.111149194614942,0.111149194614942,0.113653531816535,0.799261089628584,587.620571232229,0.663012725813231,0.490889953962732,0.170841400792669,0.412742992463509,25.1559043663964,0.412742992463509,0.634335310133396,0.5,0.013909797870013,0.013909797870013,0.0144244248113935,0.117939806129574,0.117939806129574,0.120101726927993,0.872875112595572,588.366878235303,2026.17707353209,1959.30604468455,2855.58947458323,2032.67665737847,2445.45683748247,2032.67665737847,2032.67665737842,NA,2416.95921907039,2416.95921907039,2522.0552912703,2391.56483640352,2391.56483640352,2499.6889792177,2081.16983838512,2544.25109766279,1.00173481793466,1.00218115933315,1.0015125954882,1.00122186881678,1.00085820206312,1.00122186881678,1.00122186881678,NA,1.00087278637089,1.00087278637089,1.00086430865996,1.00087958568135,1.00087958568135,1.00086127131601,1.00124949106563,1.00079663161634
"TARGET.30.PARDVT.01A",0.176386499640768,0.548919259629151,0.274694240730081,0.341703614125836,17.7676143086636,0.341703614125836,0.658296385874164,0.5,0.0133688155050696,0.0133688155050696,0.0148043200637977,0.114569384042435,0.114569384042435,0.120880758472639,0.591480398925362,403.442548682818,0.00107756086503395,0.00239752476350387,0.00150838512437888,0.00108313898362954,0.106968504581499,0.00108313898362954,0.00108313898362954,NA,0.000109157561864547,0.000109157561864547,9.93033621731384e-05,0.000453264110045221,0.000453264110045221,0.000394889630002027,0.00426556956235994,0.048579292617608,0.0415974603224673,0.0898764752974055,0.0573438583403074,0.0356111499015005,3.90576396643818,0.0356111499015005,0.0356111499015005,0,0.0037185994819683,0.0037185994819683,0.0034548205810432,0.0155788986442208,0.0155788986442208,0.0138631280080269,0.139116686194083,1.78143666392718,0.105515483947641,0.33883472664416,0.188156413752351,0.291434922053089,10.9382237848843,0.291434922053089,0.574647409074974,0.5,0.00830948864116929,0.00830948864116929,0.00985939143911307,0.0911563965862705,0.0911563965862705,0.0992944683184458,0.437178491214624,399.035283613558,0.14840625811085,0.499004708784833,0.235117642419905,0.3142709167353,14.7205933840419,0.3142709167353,0.636346491038414,0.5,0.0104818259204143,0.0104818259204143,0.0121344136380874,0.102380788783888,0.102380788783888,0.110156314561212,0.495159514222296,402.53373905415,0.172063065826599,0.56418253168964,0.264088716979277,0.334389262847438,17.682263037877,0.334389262847438,0.665610737152561,0.5,0.0125707595771634,0.0125707595771634,0.0141384617718083,0.112119398743013,0.112119398743013,0.118905263852393,0.552484010907585,403.836282986538,0.199973128992718,0.610831871558378,0.304990611261639,0.363653508961586,20.6025612351392,0.363653508961586,0.6857290832647,0.5,0.0156085378210112,0.0156085378210112,0.0169830110480938,0.124934133798429,0.124934133798429,0.130318882157608,0.649704362703832,404.765377720614,0.270511333187529,0.690935912403781,0.413990468027855,0.425352590925026,25.3565345885268,0.425352590925026,0.708565077946911,0.5,0.0222829737204537,0.0222829737204537,0.0228556303955018,0.149274826144419,0.149274826144419,0.151180787123429,0.950916142162332,405.722364957705,1490.21871027045,1405.28969423412,1445.27117168029,1080.9450598503,1333.21484261902,1080.9450598503,1080.9450598503,NA,1160.51606147516,1160.51606147516,1210.38376661682,1181.32892712602,1181.32892712602,1232.45482276826,1063.66382842434,1344.74023567386,1.00085998620844,1.00129100027841,1.0014685089777,1.00182436332664,1.00235581908335,1.00182436332664,1.00182436332664,NA,1.00225382874428,1.00225382874428,1.00229506683727,1.00226557583565,1.00226557583565,1.00233204181921,1.00195627776443,1.0003256731322
"TARGET.30.PARDYU.01A",0.192121553167137,0.659263921710176,0.148614525122687,0.208740095649522,16.0333355481989,0.208740095649522,0.791259904350478,0.5,0.010373335304866,0.010373335304866,0.0157191153900261,0.101733122382157,0.101733122382157,0.125247652040508,0.270582318297242,156.056683138593,0.000321783921442417,0.000552015725097286,0.000282057774035779,0.000197437257434962,0.0228214812222482,0.000197437257434962,0.000197437257434962,NA,1.56642508310539e-05,1.56642508310539e-05,2.35433085349987e-05,7.51216294703632e-05,7.51216294703632e-05,9.24380711158791e-05,0.000339516833212962,0.02702162755076,0.0196133086320139,0.0299491807913882,0.0174129597225454,0.0114310988150285,1.42767716254166,0.0114310988150285,0.0114310988150285,0,0.00100511035877102,0.00100511035877102,0.00143471863272804,0.00486929964193102,0.00486929964193102,0.00566966193871403,0.0196747298057112,1.45725557979666,0.1537863250564,0.600256195072438,0.115147693870299,0.18629688725375,13.2219573055859,0.18629688725375,0.768695311843909,0.5,0.00872151990295495,0.00872151990295495,0.0132443747263684,0.0933890780707734,0.0933890780707734,0.115084207109699,0.233080530294965,152.406549098691,0.17872240402397,0.639288219071226,0.136472816256424,0.200943479862698,15.0808923316206,0.200943479862698,0.783518893575874,0.5,0.0096790075809082,0.0096790075809082,0.0147327499848413,0.0983819474332891,0.0983819474332891,0.121378540050625,0.256987756168287,155.318479084659,0.19187288327038,0.658978276988782,0.148320134856277,0.2088224130881,16.036664507615,0.2088224130881,0.7911775869119,0.5,0.0102620683745631,0.0102620683745631,0.0155892766838077,0.101301867574683,0.101301867574683,0.124857024961885,0.270337376550004,156.358407789714,0.205441370031989,0.678927168446889,0.160090299520681,0.216481106424126,16.9689976588619,0.216481106424126,0.799056520137302,0.5,0.0109486727188158,0.0109486727188158,0.0165772684071534,0.104635905487038,0.104635905487038,0.128752741357777,0.283664666735937,157.131320260167,0.230454856052012,0.718522734251139,0.183668382582046,0.231304688156091,18.8759382898569,0.231304688156091,0.81370311274625,0.5,0.012632092007802,0.012632092007802,0.0189079420491344,0.112392579826922,0.112392579826922,0.13750615259565,0.310515015250424,157.930156666172,3715.1216993626,2943.52003369186,3811.26408667642,3352.10596288726,3913.56334276873,3352.10596288726,3352.10596288725,NA,4117.25949794163,4117.25949794163,3713.62878057345,4201.48678318757,4201.48678318757,3761.94619144392,3358.11009963893,2908.36189883579,1.00015056010623,1.0002974224944,1.00018306999635,1.00012078914863,1.00043706450702,1.00012078914863,1.00012078914863,NA,1.00032412185684,1.00032412185684,1.00045156982027,1.0003254399062,1.0003254399062,1.00044741786897,1.00011795612145,1.0016161905784
"TARGET.30.PAREGK.01A",0.0422293154750758,0.303740276704468,0.654030407820457,0.298212309755926,23.4310642055515,0.298212309755926,0.701787690244074,0.5,0.00898987496901868,0.00898987496901868,0.0107362266059083,0.0947286064375725,0.0947286064375725,0.103534554216757,0.45392898387533,497.261162560167,0.000147044322812714,0.000480088895283666,0.00040603411659501,0.000108453317228548,0.0303230033919781,0.000108453317228548,0.000108453317228547,NA,1.34756002821874e-05,1.34756002821874e-05,1.42242290889005e-05,7.02937579028714e-05,7.02937579028714e-05,6.81302380572185e-05,0.000271345013369919,0.024968139646223,0.00982456545049784,0.0285079477572592,0.0255578968313448,0.00614289614174582,1.83814244803508,0.00614289614174582,0.00614289614174582,0,0.000772611998820415,0.000772611998820415,0.000855032631804352,0.00404575548338649,0.00404575548338649,0.00410180352340997,0.0152888549302005,1.40448029048583,0.0248652704892803,0.246331165033138,0.604553414167992,0.286578932992001,19.8235723914641,0.286578932992001,0.688856336474755,0.5,0.0076725401174039,0.0076725401174039,0.00926954141576168,0.087593036921243,0.087593036921243,0.0962784576924663,0.425670521839795,493.65826893411,0.0350726599613223,0.284946638843393,0.636825018586196,0.294107874366109,22.1872207522917,0.294107874366109,0.697840733363908,0.5,0.00843740458075108,0.00843740458075108,0.0101257242212348,0.0918553459553144,0.0918553459553144,0.100626657607351,0.443627864381425,496.551031880064,0.0417049814560842,0.304202977645469,0.653726472041022,0.298033727572649,23.3972133900662,0.298033727572649,0.701966272427351,0.5,0.00894288750942686,0.00894288750942686,0.0106850331245943,0.0945668414898654,0.0945668414898654,0.103368433883695,0.453253691574511,497.57177579241,0.0485634723348854,0.322949406838521,0.670949235417229,0.302159266636092,24.6895920270563,0.302159266636092,0.705892125633891,0.5,0.00946303061453205,0.00946303061453205,0.011267747451678,0.097278109636764,0.097278109636764,0.106149646493276,0.463572884181236,498.292879491597,0.0630666441573877,0.359030799930161,0.705024350155366,0.311143663525245,26.9700504911745,0.311143663525245,0.713421067007999,0.5,0.010694993483032,0.010694993483032,0.0126112486218559,0.103416601566479,0.103416601566479,0.112299815769347,0.4868107484382,499.02317967841,4464.0615831533,3526.05098149446,3962.09763113901,3208.19431654644,3674.6323964376,3208.19431654644,3208.1943165465,NA,3287.2039980537,3287.2039980537,3613.3322959946,3312.5751548336,3312.5751548336,3624.6818632632,3174.72586403681,3164.16358887152,1.0004029580358,1.00083861893841,1.00087883902009,1.00099764219891,1.00133336434025,1.00099764219891,1.00099764219891,NA,1.0014726604764,1.0014726604764,1.00141487381748,1.0014404233217,1.0014404233217,1.00139579435997,1.00104435716672,1.00065333003225
"TARGET.30.PARETE.01A",0.14402651706629,0.35024895715949,0.50572452577422,0.247856095842617,19.4688906087355,0.247856095842617,0.752143904157383,0.5,0.0096442186328478,0.0096442186328478,0.0129289796773612,0.0981022000743442,0.0981022000743442,0.113607574519478,0.342480827758801,194.185908054201,0.000200462533937656,0.000454101234543918,0.000346160804366553,0.000117765489484159,0.0248623568859988,0.000117765489484159,0.000117765489484157,NA,1.51400997686139e-05,1.51400997686139e-05,1.73393570430816e-05,7.56659692078237e-05,7.56659692078237e-05,7.51279263629962e-05,0.000236168897042505,0.0274108233284752,0.013985657561104,0.0262842163505108,0.0226675077500106,0.00667966375816643,1.59424448469415,0.00667966375816643,0.00667966375816643,0,0.000891541092033975,0.000891541092033975,0.00108255947827508,0.00449215937585956,0.00449215937585956,0.00472244394853957,0.0133228552352617,1.46013854033751,0.117556789433313,0.296497669737131,0.462449628097437,0.235465471696686,16.30818475791,0.235465471696686,0.737665822903318,0.5,0.00815649971380876,0.00815649971380876,0.0110729975606861,0.0903133418185767,0.0903133418185767,0.105228311577383,0.318318156930421,190.434207260385,0.134327048362957,0.333136704913682,0.490041244218807,0.243356451434698,18.3985949320321,0.243356451434698,0.748071167674019,0.5,0.00901730079765441,0.00901730079765441,0.0121712011228388,0.0949594692363635,0.0949594692363635,0.11032316675443,0.333459973411995,193.445119824754,0.143757907050166,0.351153551816908,0.505430277765848,0.247545735803634,19.4830864423892,0.247545735803634,0.752454264196366,0.5,0.00955804840942631,0.00955804840942631,0.0128316425017624,0.0977652720009834,0.0977652720009834,0.113276840090977,0.341688999004389,194.522484405961,0.153530100620059,0.368129485168723,0.52066388308117,0.251928832325981,20.5402899423103,0.251928832325981,0.756643548565302,0.5,0.0101698568257649,0.0101698568257649,0.013587994133578,0.100845707957582,0.100845707957582,0.116567551803852,0.3504462135035,195.262811013943,0.171978201022894,0.399851615650243,0.551532513491804,0.262334177096682,22.5774456215891,0.262334177096682,0.764534528303314,0.5,0.0116896825743861,0.0116896825743861,0.0153297258247129,0.108118835415866,0.108118835415866,0.123813269922108,0.371871258439494,196.013352456721,4867.42590556744,3350.30774564367,4287.97024521052,3217.16340382993,4111.73629914311,3217.16340382993,3217.16340383005,NA,3467.57015213043,3467.57015213043,3897.96158434169,3524.59412868289,3524.59412868289,3951.21643956488,3182.35932652369,2837.55290603469,1.00060665954286,1.00103257488499,1.00036507700058,1.00195142998744,1.00103142132015,1.00195142998744,1.00195142998744,NA,1.00138506266417,1.00138506266417,1.00096413946172,1.00138810557822,1.00138810557822,1.00098104216151,1.00198368845304,1.00183993212239
"TARGET.30.PARFRE.01A",0.0963929263318232,0.458664478610519,0.444942595057658,0.268846991689587,23.7003354167524,0.268846991689587,0.731153008310413,0.5,0.00835970083525511,0.00835970083525511,0.0106285566986188,0.0913273545671325,0.0913273545671325,0.102996201263147,0.385996646046117,317.350269639185,0.000173855328038123,0.000417667786076664,0.000337467254324785,0.000109584504963036,0.0291951966881038,0.000109584504963036,0.000109584504963035,NA,1.20375286433004e-05,1.20375286433004e-05,1.36153564977325e-05,6.46909856643502e-05,6.46909856643502e-05,6.52126670241437e-05,0.000239194615302763,0.0264554854548218,0.0125202847830526,0.0264548199741605,0.0230570455067638,0.00702503738254197,2.04250773856698,0.00702503738254197,0.00702503738254197,0,0.000805926926300471,0.000805926926300471,0.000937770347707583,0.00436090818688152,0.00436090818688152,0.0045101847745874,0.0152790138463994,1.45576546639763,0.0729472960202093,0.40454892332047,0.400347513188261,0.255966555463691,19.6990530670677,0.255966555463691,0.716681096155046,0.5,0.00701183739662604,0.00701183739662604,0.00901291168188572,0.0837367147466974,0.0837367147466974,0.0949363559513848,0.358651407530162,313.663883442003,0.0878511488859875,0.441849351760451,0.429660105884973,0.264017807598604,22.3287689561899,0.264017807598604,0.726783896258349,0.5,0.00779035578273929,0.00779035578273929,0.00996863408141759,0.0882629921469872,0.0882629921469872,0.0998430472240314,0.375425876091254,316.623916135477,0.0960373557630859,0.459423132120034,0.44458877011839,0.268578833643221,23.7045536212081,0.268578833643221,0.731421166356779,0.5,0.00827753272602843,0.00827753272602843,0.0105464968463086,0.0909809470468673,0.0909809470468673,0.10269613841918,0.38518440849402,317.673150429659,0.104544775156876,0.476388215130566,0.459847785491719,0.273216103741651,25.078661550085,0.273216103741651,0.735982192401396,0.5,0.008840441878005,0.008840441878005,0.0111963181031008,0.0940236240420225,0.0940236240420225,0.105812655680494,0.395305266621138,318.439272705961,0.121974510878821,0.510217987423063,0.491161666039891,0.283318903844954,27.7379840040296,0.283318903844954,0.744033444536309,0.5,0.0101407817622668,0.0101407817622668,0.0126909654164366,0.100701448652209,0.100701448652209,0.112654185013555,0.418090714390073,319.15893872284,5186.23754792156,4011.87747069411,4668.14177428493,4109.59457142698,4894.45804832337,4109.59457142698,4109.59457142708,NA,4482.46249841025,4482.46249841025,4743.89380059208,4544.29325668823,4544.29325668823,4783.26833591381,4080.26012904683,3027.96851704149,0.999834902659896,1.00003662728785,1.00011460581382,1.00017996247168,0.999950400276474,1.00017996247168,1.00017996247168,NA,1.00007278236732,1.00007278236732,0.999981010700485,1.00006271761838,1.00006271761838,0.999972034601005,1.00017917012737,0.999948307425323
"TARGET.30.PARFWB.01A",0.314821985697163,0.389206780118149,0.295971234184688,0.270511263827782,22.5046414034228,0.270511263827782,0.729488736172218,0.5,0.00884361818842101,0.00884361818842101,0.01119899214294,0.093923689390196,0.093923689390196,0.10571722605287,0.389652195098877,194.122641514113,0.00037654319536103,0.000612937030825104,0.000318321992642228,0.000148644454908741,0.0332847510415087,0.000148644454908741,0.000148644454908743,NA,1.62428794028105e-05,1.62428794028105e-05,1.75151302627571e-05,8.44547451447135e-05,8.44547451447135e-05,8.13736123615602e-05,0.00032925817593574,0.0281971041438791,0.0212097387493531,0.0309313787891048,0.0201138230194959,0.00757260235170994,2.00591489239633,0.00757260235170994,0.00757260235170994,0,0.000891418478143274,0.000891418478143274,0.00102035497982001,0.00468631037630984,0.00468631037630984,0.00478153913672542,0.0166354321899983,1.45973794362931,0.275800448900853,0.322899361308459,0.258451779848715,0.257004933647523,18.5653617784039,0.257004933647523,0.713074608403747,0.5,0.00733690332050581,0.00733690332050581,0.00942713114788273,0.085655725555298,0.085655725555298,0.0970934145441289,0.36078347919437,190.440649077947,0.300009197614531,0.370196242064967,0.282273985420803,0.265331965869199,21.1631916727051,0.265331965869199,0.725015803192543,0.5,0.00822081967476308,0.00822081967476308,0.0104913506014806,0.0906687359266945,0.0906687359266945,0.102427294221033,0.37821810184432,193.392753619717,0.314064047272882,0.390224880528207,0.295260404780689,0.270147014534339,22.5068257712368,0.270147014534339,0.729852985465661,0.5,0.00875974275527727,0.00875974275527727,0.0111077414043056,0.0935934973984627,0.0935934973984627,0.10539327017778,0.388584093749466,194.483294917267,0.328551920253656,0.410536429313022,0.309124430195467,0.274984196807457,23.8291531281389,0.274984196807457,0.734668034130801,0.5,0.00936897120316589,0.00936897120316589,0.0118129629951753,0.096793446073477,0.096793446073477,0.108687455550852,0.399218731138237,195.20151990312,0.359585982927654,0.446198155655545,0.337467058868858,0.286925391596253,26.5192025106054,0.286925391596253,0.742995066352477,0.5,0.0108488349851054,0.0108488349851054,0.0134659374260628,0.104157740864678,0.104157740864678,0.116042825827623,0.426482859979285,195.927631279176,3172.78782848214,2546.63579090134,3992.60144336058,2595.33174265581,3631.90415870077,2595.33174265581,2595.33174265573,NA,3011.87695052195,3011.87695052195,3393.71863843805,3079.03046524316,3079.03046524316,3452.77467908274,2552.67215429107,2680.0369222765,1.00061406345661,1.00063738050764,1.00029893763488,1.00042137574522,0.999936756878434,1.00042137574522,1.00042137574522,NA,1.00009942124376,1.00009942124376,1.00004253009305,1.00005668448912,1.00005668448912,1.00000962284935,1.00042852702361,1.00164482076586
"TARGET.30.PARGDJ.01A",0.623206073311432,0.321975058554905,0.0548188681336629,0.283829299378009,22.7847021495846,0.283829299378009,0.716170700621991,0.5,0.00898735673198878,0.00898735673198878,0.011049499252488,0.0947026186772609,0.0947026186772609,0.105023957397991,0.419489533624065,432.280707972238,0.000463596699494999,0.000540445924213565,0.000139300369302877,0.000122945852156645,0.0311618667361259,0.000122945852156645,0.000122945852156646,NA,1.45648893120666e-05,1.45648893120666e-05,1.55462717350176e-05,7.59485461887016e-05,7.59485461887016e-05,7.32412588482332e-05,0.000286646679285176,0.0257660098469698,0.0248197177867251,0.0275674000456486,0.0104353811545889,0.00639009107610958,1.90120239071949,0.00639009107610958,0.00639009107610958,0,0.000826925748321762,0.000826925748321762,0.000932532991558217,0.00433279289776055,0.00433279289776055,0.00441248894734279,0.0148451669099338,1.42278831581222,0.576130504766819,0.265037021377339,0.0356505949537993,0.271811900281162,19.1822283331302,0.271811900281162,0.703003213495696,0.5,0.00752006307436614,0.00752006307436614,0.00936739175006962,0.0867182972235082,0.0867182972235082,0.0967852867946332,0.392218905569222,428.634532205464,0.606112103417969,0.303975550365157,0.047720019320568,0.279445738608771,21.5052618429639,0.279445738608771,0.712072757448645,0.5,0.00841073074709352,0.00841073074709352,0.0104022632058934,0.0917100362391609,0.0917100362391609,0.101991485947885,0.409232175207221,431.559275597367,0.622791976241047,0.322818164276886,0.0542882909071338,0.283635550460718,22.7419026087512,0.283635550460718,0.716364449539282,0.5,0.00893176580749835,0.00893176580749835,0.0109929236952656,0.0945080198049747,0.0945080198049747,0.104847144427358,0.418821923109166,432.613212616159,0.639622138555181,0.340692053372901,0.0613085615717289,0.287927242551355,24.0332315242512,0.287927242551355,0.720554261391229,0.5,0.00949676390475035,0.00949676390475035,0.0116250618955733,0.0974513412133557,0.0974513412133557,0.107819580297437,0.428839343563293,433.337519260956,0.673992250856149,0.373306712685147,0.0771897121914503,0.296996786504304,26.6883256037551,0.296996786504304,0.728188099718838,0.5,0.0107476700184178,0.0107476700184178,0.0130328967110506,0.103670969883151,0.103670969883151,0.114161712950692,0.450693144768699,434.055214678917,2866.24300099542,2601.87917591895,5611.92808684752,2701.38406202135,3722.28627983826,2701.38406202135,2701.38406202132,NA,3223.43303856459,3223.43303856459,3598.12214159207,3254.59484025167,3254.59484025167,3629.57404529908,2682.10848373461,3049.20233164343,1.001917767884,1.00264231535408,1.00098188300538,1.00188403243816,1.0005355420183,1.00188403243816,1.00188403243816,NA,1.00098133522294,1.00098133522294,1.00075621553314,1.00091391378481,1.00091391378481,1.00069823190984,1.00193654043934,1.00099190898854
"TARGET.30.PARGKK.01A",0.229129220776948,0.436263412460568,0.334607366762484,0.278394311435956,22.8093635023037,0.278394311435956,0.721605688564044,0.5,0.00889400999666278,0.00889400999666278,0.0110639831147173,0.0941752789301744,0.0941752789301744,0.105060358382673,0.407190494938516,241.052456653527,0.000380973401012678,0.000649390645135695,0.000349032652971258,0.000155997267771926,0.0355107108545786,0.000155997267771926,0.000155997267771922,NA,1.67156810469692e-05,1.67156810469692e-05,1.81239885816094e-05,8.67617737802764e-05,8.67617737802764e-05,8.48272290787528e-05,0.000359367764580441,0.0296009372059827,0.0209875463020858,0.0327191713157445,0.0211962033276203,0.00807026683357586,2.19018914067577,0.00807026683357586,0.00807026683357586,0,0.00095555240710144,0.00095555240710144,0.00108891107167729,0.00500299548591827,0.00500299548591827,0.00512908370560256,0.0184088411224293,1.50331009788134,0.189361445316608,0.371578073703003,0.295185825290628,0.263803542146311,18.5471435507366,0.263803542146311,0.704387772119709,0.5,0.00730818728010205,0.00730818728010205,0.00921003434613529,0.0854879364594687,0.0854879364594687,0.0959689238505073,0.374972095594595,237.276861586442,0.215019555228943,0.415657511885777,0.320104818625851,0.272984434076742,21.350547271717,0.272984434076742,0.716735155895533,0.5,0.00823857298196809,0.00823857298196809,0.0103009055624967,0.0907665851593495,0.0907665851593495,0.101493376938125,0.394794755483547,240.309743341899,0.228643048797109,0.436662355899647,0.33416701185128,0.277869421463314,22.8107035453199,0.277869421463314,0.722130578536686,0.5,0.00878799681795336,0.00878799681795336,0.0109597671771666,0.093744316188675,0.093744316188675,0.104688906657401,0.4056713489628,241.403177419104,0.242696820510805,0.457890034274037,0.34834396777187,0.283264844104467,24.2697109008423,0.283264844104467,0.727015565923258,0.5,0.0094476013468607,0.0094476013468607,0.0117093017408502,0.0971987723520371,0.0971987723520371,0.108209527015444,0.417965985079363,242.145895030846,0.27210737114142,0.497465354159817,0.37681415958303,0.295612227880291,27.1443070378476,0.295612227880291,0.736196457853689,0.5,0.0110569750899638,0.0110569750899638,0.0134791645589386,0.105152152072344,0.105152152072344,0.116099804300814,0.447294533711117,242.873467783896,3034.82759708675,2538.58982639928,3687.94161658816,2676.34320380125,3804.03505528228,2676.34320380125,2676.34320380138,NA,3267.84064519547,3267.84064519547,3609.75118290115,3325.0897911084,3325.0897911084,3656.02377978437,2624.06544831246,2579.20716195935,1.00091436296244,1.00136865639173,1.00098693754813,1.00278151335801,1.00225634632433,1.00278151335801,1.00278151335801,NA,1.00286579247044,1.00286579247044,1.00246871496034,1.00280698920481,1.00280698920481,1.00242398192851,1.00284419047335,1.00166797202557
"TARGET.30.PARHAM.01A",0.182606510188391,0.441548086232764,0.375845403578845,0.283363251743982,23.9727207181805,0.283363251743982,0.716636748256018,0.5,0.00855390099399644,0.00855390099399644,0.0105264907108093,0.0923579502759307,0.0923579502759307,0.102477321255907,0.418526043702321,283.748258270909,0.000325287180288813,0.000608278870101738,0.000359052213519387,0.000151702476375131,0.0370918449781368,0.000151702476375131,0.000151702476375134,NA,1.59965819847651e-05,1.59965819847651e-05,1.72375994869339e-05,8.45861959604609e-05,8.45861959604609e-05,8.25701337029215e-05,0.000356195326921369,0.0258762763988309,0.0182006921218756,0.0313276562539258,0.0229087540269222,0.00785694600514745,2.29481678945657,0.00785694600514745,0.00785694600514745,0,0.000915725967084677,0.000915725967084677,0.00103346256483007,0.00489009242761762,0.00489009242761762,0.00498923346610467,0.0183107249395738,1.41466060993585,0.148674837257236,0.377665933964069,0.33235373727764,0.269224591504305,19.4935151745011,0.269224591504305,0.699598654732878,0.5,0.00703013706850451,0.00703013706850451,0.00878049610505205,0.0838459126522132,0.0838459126522132,0.0937043014072016,0.386581559241053,280.19779437241,0.170079136579425,0.421253408581525,0.360280169130835,0.27792838894329,22.4178953422367,0.27792838894329,0.711764256022578,0.5,0.00790001569997784,0.00790001569997784,0.00979119582563728,0.0888820324922987,0.0888820324922987,0.0989504715783156,0.405804098129129,283.038603583853,0.182062979649436,0.442433549247604,0.375396244020383,0.282789793170124,23.9392005799421,0.282789793170124,0.717210206829876,0.5,0.00846557773586945,0.00846557773586945,0.0104431223244161,0.0920085742518269,0.0920085742518269,0.10219159615332,0.416871259348481,284.067341838178,0.194555365691456,0.462898692969778,0.391252848709329,0.288235743977422,25.5331426782585,0.288235743977422,0.72207161105671,0.5,0.00909648333489739,0.00909648333489739,0.0111518051321613,0.0953754860257436,0.0953754860257436,0.105602107594893,0.429567221206777,284.794619992238,0.219755290619757,0.500397001692559,0.421683408006945,0.300401345267122,28.4721953443699,0.300401345267122,0.730775408495695,0.5,0.0106359541316425,0.0106359541316425,0.0128247778489962,0.103130762294716,0.103130762294716,0.113246535613042,0.459149737222808,285.535113250923,3130.7032988205,2652.4691929736,4070.87457190383,2682.39170065364,3827.71122028233,2682.39170065364,2682.39170065353,NA,3277.00170095373,3277.00170095373,3594.4788131357,3342.22087395062,3342.22087395062,3651.08276483825,2642.6195443683,2988.82824945416,1.00087351710339,1.00078828116852,1.00057328722895,1.00062323084629,1.00049919896924,1.00062323084629,1.00062323084629,NA,1.00075721105594,1.00075721105594,1.00064103390655,1.00071775795312,1.00071775795312,1.00060907108361,1.00062747455411,1.00034071642354
"TARGET.30.PARHYL.01A",0.119087382615577,0.367274778690566,0.513637838693857,0.209203498846327,18.993442314305,0.209203498846327,0.790796501153674,0.5,0.00875138475271988,0.00875138475271988,0.0132248255926556,0.0934848816084196,0.0934848816084196,0.114930978747885,0.271082789056438,149.876103519385,0.000161512508681723,0.000307996474980693,0.000248360699703098,8.01869152657037e-05,0.0167412509671515,8.01869152657037e-05,8.0186915265705e-05,NA,8.78147603525899e-06,8.78147603525899e-06,1.19031452869246e-05,4.64535097212675e-05,4.64535097212675e-05,5.13723324419009e-05,0.00013826166288636,0.0241874009172541,0.0124685050538794,0.0216013180493991,0.0194828745647133,0.00553094567710407,1.30178203784775,0.00553094567710407,0.00553094567710407,0,0.000650494524811572,0.000650494524811572,0.000914712180198558,0.00345877995462306,0.00345877995462306,0.00396202964636715,0.00952368811959106,1.39930995004308,0.0956165576664096,0.325027396627297,0.475195797828074,0.198763664532305,16.4503076507079,0.198763664532305,0.779720139792567,0.5,0.00759228851254249,0.00759228851254249,0.0115763068288016,0.0871337392259193,0.0871337392259193,0.107593247132648,0.253356487045957,146.364215747473,0.110269476624646,0.35289127380663,0.500927061551936,0.205365075394883,18.1147614157833,0.205365075394883,0.78712733104281,0.5,0.00829322710529382,0.00829322710529382,0.012583985489384,0.0910671570927597,0.0910671570927597,0.112178364622285,0.264435526103687,149.203473499964,0.118883812658847,0.367118870834562,0.513581933328371,0.209106099507023,18.9600271576751,0.209106099507023,0.790893900492977,0.5,0.00871539442544415,0.00871539442544415,0.0131856351258207,0.093356276838246,0.093356276838246,0.114828720818481,0.270824750428277,150.19321082112,0.127285317196494,0.381924533394867,0.526255600819729,0.21287266895719,19.8665200476561,0.21287266895719,0.794634924605117,0.5,0.00915360349157021,0.00915360349157021,0.0138008994025815,0.0956744662353348,0.0956744662353348,0.117477229293884,0.277341159440777,150.894671445461,0.144552086529645,0.408978209874528,0.552318992127394,0.220279860207433,21.5958339493896,0.220279860207433,0.801236335467695,0.5,0.0101626636493815,0.0101626636493815,0.0151972841689325,0.100810037416757,0.100810037416757,0.123277265415863,0.290409247923424,151.607267530509,5959.59086298777,4918.91151957696,6153.75666957087,4757.64214259275,6046.45375660912,4757.64214259275,4757.64214259261,NA,5487.21844865045,5487.21844865045,5905.34745211773,5543.81593820381,5543.81593820381,5948.0809875839,4744.67836703931,3346.95164505131,1.00018288275042,1.00032240910753,0.999880231897581,1.00037868332652,1.0003212274731,1.00037868332652,1.00037868332652,NA,0.999979433444854,0.999979433444854,1.00034530307033,0.999984439313422,0.999984439313422,1.00033912304078,1.00038226280013,0.99983928895089
"TARGET.30.PARIKF.01A",0.162884203336552,0.531682991049482,0.305432805613967,0.32506468031901,14.7828727451063,0.32506468031901,0.67493531968099,0.5,0.0153117828487008,0.0153117828487008,0.0174124840265857,0.123072623033544,0.123072623033544,0.13146392369847,0.532724983905857,317.477918891331,0.00087761919608649,0.00212773239502251,0.00133947607050038,0.000762003184621321,0.0591900237512853,0.000762003184621321,0.000762003184621336,NA,8.47448878002267e-05,8.47448878002267e-05,7.6746206852434e-05,0.000328084490188987,0.000328084490188987,0.000281681648206671,0.00253257475798136,0.0406233461896453,0.0392356962675801,0.0851994387161224,0.0543419988745965,0.0282773977720981,2.48049626389463,0.0282773977720981,0.0282773977720981,0,0.00327589180165515,0.00327589180165515,0.00306982384896623,0.0128426214208595,0.0128426214208595,0.0113902155166033,0.0917069743964226,1.64548865502774,0.091704873788557,0.341293531510818,0.215964073642463,0.280548519005574,10.141168249591,0.280548519005574,0.609042944353234,0.5,0.010437801770516,0.010437801770516,0.0125792099457257,0.102165560492498,0.102165560492498,0.112157077101984,0.411738467025886,313.293732189302,0.136209242528746,0.479560900686422,0.267837545606333,0.304609990373758,13.0688549055412,0.304609990373758,0.65829380913691,0.5,0.0129517048129,0.0129517048129,0.0151995013395786,0.113805557035542,0.113805557035542,0.123286257704606,0.46980524401056,316.683471626303,0.160037529646418,0.540435072508146,0.298644145814299,0.321568080938108,14.6907788513213,0.321568080938108,0.678431919061892,0.5,0.0147965680072197,0.0147965680072197,0.0170174776098872,0.121641144384162,0.121641144384162,0.130451054449258,0.515200487913198,317.840255460458,0.186884117535903,0.590762127409089,0.336392433719702,0.34170619086309,16.4479080244431,0.34170619086309,0.695390009626242,0.5,0.0170673896975262,0.0170673896975262,0.0191294495157012,0.130642220195163,0.130642220195163,0.138309253171849,0.57507762092144,318.682541121272,0.249149706681861,0.679850686154139,0.431035974184219,0.390957055646766,19.8740621399159,0.390957055646766,0.719451480994426,0.5,0.0232220208702044,0.0232220208702044,0.0246519921512423,0.152387732013818,0.152387732013818,0.157009528847586,0.761433155868599,319.523272391899,1998.71328850532,1603.39105246701,1645.89186777517,1377.09946401591,1756.22488241164,1377.09946401591,1377.09946401585,NA,1494.28033208162,1494.28033208162,1599.97453942289,1532.2723356901,1532.2723356901,1635.10925430303,1311.23394262996,1640.73482803963,1.00259226893789,1.00352686289067,1.00379351164702,1.00674037794253,1.00420509620465,1.00674037794253,1.00674037794253,NA,1.00613068714336,1.00613068714336,1.00552712662238,1.00573991085947,1.00573991085947,1.00521085377602,1.00757708799312,1.00346698374267
"TARGET.30.PARJVP.01A",0.484324030676603,0.413926262329475,0.101749706993922,0.358596807838401,18.2917967392457,0.358596807838401,0.641403192161599,0.5,0.0128199941733359,0.0128199941733359,0.013920713832585,0.112893982092849,0.112893982092849,0.117722063697501,0.635950649979223,471.834228237368,0.00164500665677969,0.00200357793312232,0.000466949892777916,0.000483748625396855,0.061037235409045,0.000483748625396855,0.000483748625396852,NA,4.6945470720717e-05,4.6945470720717e-05,4.3539425545092e-05,0.000210091899411939,0.000210091899411939,0.000186609929962867,0.00171019922828348,0.0294209520188917,0.0649044553856824,0.0798967310410607,0.024955911973392,0.0188485810846455,2.55242131613799,0.0188485810846455,0.0188485810846455,0,0.00194380647579928,0.00194380647579928,0.0018491032895265,0.00865750250355977,0.00865750250355977,0.00788906401627952,0.0669176174616142,1.40484468322511,0.366309599097009,0.254100478268628,0.0578147697442543,0.319370270529136,14.2167179709381,0.319370270529136,0.607159686822647,0.5,0.00899323014280876,0.00899323014280876,0.0102664655949156,0.0948326428102499,0.0948326428102499,0.101323568767183,0.509079427988358,468.202756551766,0.436352854664946,0.358894899031781,0.0840780808711456,0.34576374416827,16.5053832753976,0.34576374416827,0.627764453719044,0.5,0.0115111761669194,0.0115111761669194,0.012676590458831,0.107290149433221,0.107290149433221,0.112590365710822,0.588061271423914,471.162453532323,0.481927155326685,0.417826983196946,0.0998912272753014,0.360045411111314,17.9486660692492,0.360045411111314,0.639954588888686,0.5,0.012839471968061,0.012839471968061,0.0139286116899571,0.113311393812829,0.113311393812829,0.118019539439541,0.636645046826215,472.146462659603,0.529007686118347,0.472862171779682,0.117328251342144,0.372235546280956,19.7213912871789,0.372235546280956,0.65423625583173,0.5,0.0141002663468812,0.0141002663468812,0.0151465734532665,0.118744542283576,0.118744542283576,0.123071416059607,0.682209867711069,472.868125644912,0.613688510319996,0.558156324194026,0.155083809916404,0.392840313177353,24.3511263335844,0.392840313177353,0.680629729470864,0.5,0.0166285618214888,0.0166285618214888,0.0175849306805468,0.128951780978561,0.128951780978561,0.132608184815749,0.770143988151683,473.559176391365,1556.73145487226,1590.17727062946,2856.31650968309,1518.16102054663,1748.69881795799,1518.16102054663,1518.16102054664,NA,1714.42563997261,1714.42563997261,1803.66946495075,1698.11319510273,1698.11319510273,1787.23417622898,1531.04349135076,2280.04375227165,1.00344686773193,1.0029222267761,1.00030020123511,1.00266725022553,1.00277696457531,1.00266725022553,1.00266725022553,NA,1.00233858322375,1.00233858322375,1.00223318864878,1.00249420676019,1.00249420676019,1.00236857445208,1.0025682156885,1.00052066576026
"TARGET.30.PARKGJ.01A",0.484616447119952,0.39340941317261,0.121974139707438,0.248293453804968,22.2145850192135,0.248293453804968,0.751706546195032,0.5,0.00844969083333844,0.00844969083333844,0.0113179351096421,0.091850056837296,0.091850056837296,0.106309843265683,0.343296183589977,239.483317490813,0.000275253127413999,0.000357555623570174,0.000176434017278008,8.07710885888279e-05,0.023241849353086,8.07710885888279e-05,8.07710885888271e-05,NA,9.63962137073157e-06,9.63962137073157e-06,1.21368351675273e-05,5.19284667451776e-05,5.19284667451776e-05,5.65569054403252e-05,0.000160760269021998,0.025438147868821,0.0196942347345171,0.0234566340399429,0.0136059393084733,0.00560425583804534,1.66587201858343,0.00560425583804534,0.00560425583804534,0,0.000673278303341208,0.000673278303341208,0.00085949631736454,0.00364136646983636,0.00364136646983636,0.00401924791000815,0.0111447922172114,1.41951489848855,0.445996362693174,0.348134440628913,0.0958177044462548,0.237508295552766,18.9707347763047,0.237508295552766,0.740686588725099,0.5,0.00726693598512083,0.00726693598512083,0.00979732464162393,0.0852463253452263,0.0852463253452263,0.098981435823919,0.322194309499899,235.820519601749,0.471523733853345,0.377785478675892,0.112879598056297,0.244482849725376,21.0855960247006,0.244482849725376,0.747963699243095,0.5,0.00797268350864644,0.00797268350864644,0.0107152462992251,0.0892898846930716,0.0892898846930716,0.103514473851266,0.335659283336033,238.77829902844,0.484505297656567,0.393080091138477,0.121796938956552,0.248250446245955,22.1734790290117,0.248250446245955,0.751749553754045,0.5,0.00841407486474893,0.00841407486474893,0.011274730486822,0.0917282664421585,0.0917282664421585,0.106182533812015,0.34308666970053,239.818822795253,0.497691484246236,0.409215011360993,0.130960447049916,0.252036300756905,23.3312416022882,0.252036300756905,0.755517150274624,0.5,0.00886920141026463,0.00886920141026463,0.0118564350615072,0.0941764376409228,0.0941764376409228,0.108887258490177,0.350662868497399,240.526649874076,0.523446284364916,0.441196601127569,0.149041246799075,0.259313411274901,25.517170200918,0.259313411274901,0.762491704447234,0.5,0.00990859292659757,0.00990859292659757,0.0131781927920438,0.0995419154254961,0.0995419154254961,0.114796309993992,0.365556236494211,241.240609048675,5119.33671813334,4303.72148854144,5946.92433922968,4814.19894745554,5137.38251374372,4814.19894745554,4814.19894745563,NA,4878.30879041423,4878.30879041423,5015.07154398021,4917.19892887742,4917.19892887742,5050.31319744814,4806.0302864663,3113.93064157242,1.00045637721621,1.00078905030429,1.00016527223019,1.000753249525,0.999926774601945,1.000753249525,1.000753249525,NA,1.00003275225444,1.00003275225444,0.999896278566392,1.00003964505235,1.00003964505235,0.999903850148766,1.00076299303064,1.00064245850438
"TARGET.30.PARNEE.01A",0.277374333571122,0.497286311691537,0.225339354737341,0.243806859237762,19.6948782083612,0.243806859237762,0.756193140762238,0.5,0.00944170337347543,0.00944170337347543,0.0128000310105352,0.0970445994465598,0.0970445994465598,0.113017426047042,0.334595404719561,152.562062537384,0.000310776922725966,0.000506855476533085,0.00027828459420037,0.000146272539006348,0.0270659964452841,0.000146272539006348,0.000146272539006349,NA,1.62830545839682e-05,1.62830545839682e-05,1.89487025620784e-05,8.12634460349767e-05,8.12634460349767e-05,8.1941197093775e-05,0.000291026629410021,0.0277060737982686,0.019309929231097,0.028260828220459,0.0184142277470164,0.0081706726722656,1.77611135676524,0.0081706726722656,0.0081706726722656,0,0.000967373406126139,0.000967373406126139,0.00119063086992683,0.00490429385788266,0.00490429385788266,0.00520536331223815,0.0160866944807414,1.46094394578761,0.239713519936102,0.44102706645549,0.190298148378147,0.228632901319577,16.1850063979041,0.228632901319577,0.739355281266876,0.5,0.00786905632255285,0.00786905632255285,0.0108059764856459,0.0887077015825098,0.0887077015825098,0.103951798857117,0.305567793261273,148.831124557778,0.264548005070479,0.479280642159335,0.213069670674447,0.238386907561486,18.5123122637718,0.238386907561486,0.75111153083392,0.5,0.00877167950379294,0.00877167950379294,0.0119817819804676,0.0936572448013964,0.0936572448013964,0.1094613263986,0.323870716271828,151.853224765955,0.277058008651883,0.497309551489215,0.225056981916068,0.243461819235515,19.7104066706358,0.243461819235515,0.756538180764485,0.5,0.00933125226613391,0.00933125226613391,0.0126836551014849,0.0965984071587462,0.0965984071587462,0.112621734580668,0.333665296002945,152.902581133283,0.290213644783362,0.515757499150971,0.237490357961983,0.24888846916608,20.8650099544368,0.24888846916608,0.761613092438514,0.5,0.00999965786299444,0.00999965786299444,0.0135045258769689,0.0999982892981389,0.0999982892981389,0.116208975027114,0.344355456017603,153.644003922082,0.315909001010293,0.552860136498237,0.262804925053705,0.260644718733124,23.1353455500773,0.260644718733124,0.771367098680424,0.5,0.0116618314876793,0.0116618314876793,0.0154463948907504,0.107989960111654,0.107989960111654,0.124283526216154,0.368329558926406,154.370229373424,3860.68030596371,3108.86228141804,4378.53364665234,3120.25454864379,4306.18160667941,3120.25454864379,3120.25454864377,NA,3529.52718121797,3529.52718121797,3948.16522998224,3642.18917460525,3642.18917460525,4035.50123846806,3055.40066346799,2780.46307982561,1.00018761254177,1.00007562743218,0.99966726385641,1.0001017303532,1.00045402326804,1.0001017303532,1.0001017303532,NA,1.00057321507247,1.00057321507247,1.00058126068147,1.00055171847481,1.00055171847481,1.00055212384975,1.00011960415304,1.00135612250797
"TARGET.30.PARNNC.01A",0.51927284879934,0.396645444201598,0.0840817069990618,0.285790552625672,21.5163395691878,0.285790552625672,0.714209447374328,0.5,0.009568898591144,0.009568898591144,0.0117146862709518,0.0976974529914657,0.0976974529914657,0.108122215248966,0.424161704447598,356.220575478401,0.000488772313046757,0.000603784303760262,0.000188220745742344,0.000148092561228205,0.0317319218317674,0.000148092561228205,0.000148092561228204,NA,1.70784367981505e-05,1.70784367981505e-05,1.80257428912941e-05,8.58593543456806e-05,8.58593543456806e-05,8.21816090168592e-05,0.000350455818251586,0.0267255911136047,0.0263788880001011,0.0313836126108531,0.0131743618308613,0.00779827851246796,1.92812419556004,0.00779827851246796,0.00779827851246796,0,0.000971925585409382,0.000971925585409382,0.00107609690835363,0.00491012054687356,0.00491012054687356,0.00492705541804296,0.0183504347638573,1.44040493114486,0.469704524268145,0.331651767720261,0.0594481773142037,0.271734080271187,17.7653549323331,0.271734080271187,0.697842611449224,0.5,0.00795526911876267,0.00795526911876267,0.00988362013113672,0.0891923153558404,0.0891923153558404,0.0994163976970894,0.392048417289668,352.610648300266,0.501132665621167,0.376361710044611,0.075024363837103,0.280438363166016,20.2134977058874,0.280438363166016,0.70920306369179,0.5,0.00888360380387981,0.00888360380387981,0.0109572735572978,0.0942528715894157,0.0942528715894157,0.104676996312957,0.411487549864848,355.486191551171,0.51855328620248,0.397104465002289,0.0835532194453095,0.285409434700389,21.517752042944,0.285409434700389,0.714590565299611,0.5,0.00947167468754606,0.00947167468754606,0.0116183140089288,0.0973225291860474,0.0973225291860474,0.107788283263604,0.422938116675785,356.542755980629,0.536088470812687,0.418147840188215,0.0925752836028613,0.29079693630821,22.8158947306099,0.29079693630821,0.719561636833984,0.5,0.0101474894487093,0.0101474894487093,0.012367973305459,0.10073474796899,0.10073474796899,0.111211390176587,0.435651360771826,357.283122252485,0.574344447420892,0.455064274892147,0.111560095552967,0.302157388550776,25.294375612392,0.302157388550776,0.728265919728813,0.5,0.0117553347628981,0.0117553347628981,0.014072333671199,0.108422021577252,0.108422021577252,0.118626867266588,0.463568138124823,358.017976929506,2912.72694940461,2701.73177958266,4899.1890073689,2772.87948805474,3692.13232379982,2772.87948805474,2772.87948805478,NA,3238.69309925917,3238.69309925917,3563.82543298801,3270.46173646273,3270.46173646273,3594.39345092195,2741.73936310754,2904.78878825622,1.00097060074286,1.00118630685462,1.00015438709674,1.00066821482387,0.999863454619142,1.00066821482387,1.00066821482387,NA,1.00004839224486,1.00004839224486,0.999945588405852,1.00003375407099,1.00003375407099,0.999924797217921,1.00063477454947,1.0010430738224
"TARGET.30.PARNTS.01A",0.114878660687257,0.364535656283308,0.520585683029435,0.319653458201245,19.1881939398515,0.319653458201245,0.680346541798755,0.5,0.0114593677480814,0.0114593677480814,0.0131650850565904,0.106872292478992,0.106872292478992,0.114589572921699,0.510840223389288,378.559853412661,0.000405283698604538,0.0011774253427807,0.000840890624833581,0.000248948932659285,0.038869407211655,0.000248948932659285,0.000248948932659284,NA,2.7610297974083e-05,2.7610297974083e-05,2.71319705157632e-05,0.000127941346515973,0.000127941346515973,0.000117464126773509,0.000701278081007775,0.0259180004235955,0.0199861988376207,0.0522680830204176,0.0398356736087711,0.0112052597337983,1.95467287349394,0.0112052597337983,0.0112052597337983,0,0.00132205946479048,0.00132205946479048,0.00135093005607223,0.00613885649457263,0.00613885649457263,0.00585825264934686,0.0313536651643945,1.39717303515457,0.0788758617069362,0.25398452454508,0.449152523056038,0.298333158323926,15.6233031994149,0.298333158323926,0.657995450249928,0.5,0.00911628689139975,0.00911628689139975,0.0107567940699217,0.0954792484673066,0.0954792484673066,0.103714965502164,0.453995530636879,375.037760810697,0.100904510882252,0.331542078233008,0.492469108846197,0.311850755262332,17.8022783115312,0.311850755262332,0.672731143138002,0.5,0.0105264350264678,0.0105264350264678,0.0122186243355101,0.102598416292237,0.102598416292237,0.110537886425897,0.488686297831254,377.890137979549,0.114023432025421,0.367886426301587,0.518802718076583,0.319434137329375,19.1295236397999,0.319434137329375,0.680565862670625,0.5,0.0113569125006136,0.0113569125006136,0.0130688042582153,0.106568815797464,0.106568815797464,0.114318870962743,0.509256248575758,378.870358325425,0.127582167275543,0.401733229875086,0.546844487116139,0.327268856861998,20.4605684842845,0.327268856861998,0.688149244737668,0.5,0.0123172008120435,0.0123172008120435,0.0140431463678069,0.110982885218951,0.110982885218951,0.118503782081741,0.531435899338142,379.586544029419,0.157192944126304,0.458520693012243,0.604040440182302,0.342004549750072,23.2411254180317,0.342004549750072,0.701666841676074,0.5,0.0142989926184893,0.0142989926184893,0.0160017377613724,0.119578395282279,0.119578395282279,0.126497975276895,0.576020930865222,380.316049917236,2431.87997118958,1970.63588023129,2244.21938646812,2025.92478826239,2528.90396424171,2025.92478826239,2025.92478826241,NA,2292.76631286077,2292.76631286077,2479.15143309025,2302.25342699781,2302.25342699781,2487.28577562518,1998.92317138763,2906.01201413872,1.00081047620551,1.00192911707233,1.00208474321778,1.00245494818003,1.00222074120076,1.00245494818003,1.00245494818003,NA,1.00260669833766,1.00260669833766,1.00233134744928,1.00257314313706,1.00257314313706,1.00231101335362,1.00247048239103,1.00032690978497
"TARGET.30.PARRBU.01A",0.452777548100969,0.42876817047011,0.118454281428921,0.28709382715577,15.9621912933871,0.28709382715577,0.71290617284423,0.5,0.0129748902138661,0.0129748902138661,0.0158368684856225,0.113696291812531,0.113696291812531,0.125667540931359,0.427709827033403,256.887904530626,0.000677173553649742,0.000965197401376284,0.000352994234368769,0.000251738046858707,0.0302065030717469,0.000251738046858707,0.000251738046858707,NA,3.16004453629216e-05,3.16004453629216e-05,3.19109426631296e-05,0.00013504993347392,0.00013504993347392,0.000124180264324703,0.000606077167596769,0.0287639420071297,0.0342568048776565,0.0467686489745354,0.0203656108554889,0.0121437697550906,1.6635927218845,0.0121437697550906,0.0121437697550906,0,0.00160392515442379,0.00160392515442379,0.0016991846124364,0.0069317709228438,0.0069317709228438,0.00667406995684184,0.0290161762442618,1.47592254116091,0.391020068331731,0.328655947934189,0.0816994892433069,0.26575498162366,12.7606285910264,0.26575498162366,0.687585911329232,0.5,0.0103252493870502,0.0103252493870502,0.0129798148754239,0.101613234306005,0.101613234306005,0.113928990437666,0.379120221901392,253.01655044464,0.429556018356789,0.400004442821637,0.104114139972582,0.278709590045679,14.8198500420571,0.278709590045679,0.705099494464107,0.5,0.011853251905191,0.011853251905191,0.0146436911713391,0.10887264069553,0.10887264069553,0.12101112003133,0.407566093683221,256.205686965757,0.450869527075547,0.432213381921516,0.117463806872602,0.286262957067179,15.9318641891846,0.286262957067179,0.713737042932821,0.5,0.0128045985959488,0.0128045985959488,0.0156918234446145,0.113157406277785,0.113157406277785,0.125267008604063,0.424930805150616,257.212561694306,0.473893707865347,0.460953172375127,0.131198358339217,0.294900505535893,17.0721983331818,0.294900505535893,0.721290409954321,0.5,0.0139201242797722,0.0139201242797722,0.0168692665128804,0.117983576302778,0.117983576302778,0.129881740488027,0.445556449086759,257.949755599718,0.524784697025749,0.512351431526788,0.161882624815198,0.312414088670768,19.2606753965758,0.312414088670768,0.73424501837634,0.5,0.0165623969396548,0.0165623969396548,0.0195915113605187,0.128694976330111,0.128694976330111,0.139969680146641,0.490185582102314,258.682982626617,2559.13814589082,2347.88791767969,3328.58505028261,2327.06938275359,3033.14464354472,2327.06938275359,2327.06938275358,NA,2576.21313488873,2576.21313488873,2835.31859248951,2634.50880714874,2634.50880714874,2888.52645384955,2292.05225284686,2632.87549400972,1.00163815676693,1.00146480030652,1.00052197022228,1.00174339274756,1.00103943585502,1.00174339274756,1.00174339274756,NA,1.00132806028605,1.00132806028605,1.0011645550582,1.00127544471499,1.00127544471499,1.00112019294087,1.00176706194865,1.00063753957778
"TARGET.30.PARSBI.01A",0.117156437257028,0.428254609907524,0.454588952835448,0.248182138628248,18.2893081997281,0.248182138628248,0.751817861371752,0.5,0.010280853734299,0.010280853734299,0.0137713256503342,0.101279095307199,0.101279095307199,0.117241200259627,0.343190914677544,205.780291048231,0.000237883649016183,0.000518485782574398,0.000355223844147429,0.000135344476381819,0.0220138994425182,0.000135344476381819,0.00013534447638182,NA,1.47344059669574e-05,1.47344059669574e-05,1.71117110656256e-05,7.15542235377239e-05,7.15542235377239e-05,7.21403161314275e-05,0.00027217281941849,0.0262242918683624,0.0152501127975296,0.0296718288025541,0.0231686827715919,0.00776845326794438,1.56712021989615,0.00776845326794438,0.00776845326794438,0,0.000989861814715732,0.000989861814715732,0.00120064552333243,0.0048375110587364,0.0048375110587364,0.00508230663639134,0.0155243377017985,1.44197246458076,0.0885572974093974,0.367285633578015,0.410047355648363,0.233574150823765,15.2595547524218,0.233574150823765,0.735485495432984,0.5,0.00860755061419548,0.00860755061419548,0.0116844717630947,0.0927768862060605,0.0927768862060605,0.108094735119904,0.314756066511138,202.146078833654,0.106664242536472,0.408998855946503,0.438482161867204,0.242918896456885,17.1933267081805,0.242918896456885,0.746903470637472,0.5,0.00958203299041475,0.00958203299041475,0.0129156904594486,0.0978878592586853,0.0978878592586853,0.113647219320061,0.332608242661323,205.067214205967,0.116520844482127,0.42884372865356,0.454346057883623,0.24783824200211,18.2949653626772,0.24783824200211,0.75216175799789,0.5,0.0101820038074367,0.0101820038074367,0.0136649616476561,0.100905915620642,0.100905915620642,0.116897226858888,0.342268660034087,206.105747780655,0.127344396677906,0.448218605587102,0.469808510576883,0.253096529362528,19.3563016089271,0.253096529362528,0.757081103543115,0.5,0.0108923055477937,0.0108923055477937,0.0145405251842281,0.104366208840762,0.104366208840762,0.120584100047287,0.352805322658078,206.840083544046,0.147939621055162,0.485066344092223,0.501282783911023,0.264514504567016,21.3959180422287,0.264514504567016,0.766425849176235,0.5,0.0124566768419606,0.0124566768419606,0.0163831778879633,0.111609483541751,0.111609483541751,0.127996788584568,0.376479388785377,207.575912634139,4109.76442456461,3275.02730353591,4254.00961125678,3294.48885415473,5067.69736601984,3294.48885415473,3294.4888541547,NA,4513.19272207597,4513.19272207597,4923.14622149442,4570.60189031733,4570.60189031733,4963.24422875094,3253.39397841763,3023.47509099882,1.00004923106237,1.0006735567931,1.00097997390837,1.00123950492536,0.999890458499444,1.00123950492536,1.00123950492536,NA,0.999996184432812,0.999996184432812,0.999845717061976,0.99999535374958,0.99999535374958,0.999854362190185,1.00126885603356,1.00132655813227
"TARGET.30.PARSHT.01A",0.0944647238191147,0.346389997832859,0.559145278348026,0.273743490563274,19.4868594781827,0.273743490563274,0.726256509436726,0.5,0.0102899037532854,0.0102899037532854,0.0129333221933642,0.101311647236771,0.101311647236771,0.113608873838991,0.396772608377679,304.347600141806,0.00022410286049848,0.000575514792488945,0.000448026323267881,0.000141396535195312,0.0285964915451679,0.000141396535195312,0.000141396535195313,NA,1.81211516369363e-05,1.81211516369363e-05,1.95513918122424e-05,8.81954007837213e-05,8.81954007837213e-05,8.51008177393953e-05,0.000315449940717954,0.0266144725804607,0.0137840817331575,0.0321845218475338,0.027055001464141,0.00785067214633488,1.74104523867086,0.00785067214633488,0.00785067214633488,0,0.00104088035773992,0.00104088035773992,0.00117569031864986,0.00508498963592063,0.00508498963592063,0.00513315420180142,0.0174507174650301,1.45740571723152,0.068937340800063,0.279420348790995,0.506964096528407,0.259163901658358,16.1000538170622,0.259163901658358,0.709954061564134,0.5,0.00851203777088801,0.00851203777088801,0.0109026967686108,0.0922607054101675,0.0922607054101675,0.104415979404983,0.36524574311017,300.664474382372,0.0849528068379722,0.325680057564463,0.540677228852524,0.268398784725138,18.2998452208625,0.268398784725138,0.721232752367439,0.5,0.00956010126595046,0.00956010126595046,0.0121105743810501,0.0977757703418903,0.0977757703418903,0.110048054871397,0.384795552742859,303.610197241481,0.0940227682248326,0.347588959560159,0.558294951233049,0.273415447685167,19.4717330743176,0.273415447685167,0.726584552314833,0.5,0.0102019022816303,0.0102019022816303,0.0128391242345197,0.101004466637852,0.101004466637852,0.113309859387816,0.395744961879318,304.69669317397,0.103180872443782,0.367995112159956,0.576641030105712,0.278767247632561,20.6431166796785,0.278767247632561,0.731601215274862,0.5,0.0109335346824271,0.0109335346824271,0.0136613177321788,0.104563543747605,0.104563543747605,0.116881639841407,0.407696386489098,305.429004647115,0.123319737147839,0.407345318881228,0.614565640631542,0.290045938435866,22.9301067933086,0.290045938435866,0.740836098341642,0.5,0.0126404930303489,0.0126404930303489,0.0155278984068352,0.112429947205383,0.112429947205383,0.12461098830596,0.433859673061745,306.147358662781,3783.21374804707,3127.38350455491,3646.59944140121,3082.73467186234,3706.76116644701,3082.73467186234,3082.73467186226,NA,3299.36252428532,3299.36252428532,3616.01751741547,3324.20859407331,3324.20859407331,3638.32218929593,3060.3117803003,2998.64607261435,1.00097838796168,1.00099005720896,1.0003428661955,1.00062638579903,0.999994048281236,1.00062638579903,1.00062638579903,NA,1.00010923843932,1.00010923843932,0.99997305080436,1.00010906221774,1.00010906221774,0.99997438131595,1.00062120701707,0.999926854665909
"TARGET.30.PARSRJ.01A",0.237439158841763,0.395516342764944,0.367044498393292,0.278886283941833,19.8149921376089,0.278886283941833,0.721113716058167,0.5,0.0102637712147376,0.0102637712147376,0.0127485778383964,0.1011357300525,0.1011357300525,0.11276112200086,0.408530857681036,205.144920808253,0.00045163124436122,0.000964963110856011,0.000568352221275202,0.000240160030402,0.0381205882715355,0.000240160030402,0.000240160030402003,NA,2.57379036230562e-05,2.57379036230562e-05,2.60094087595526e-05,0.000124101254599844,0.000124101254599844,0.000113238577993527,0.000556311056020587,0.0293440274196788,0.0219330257220354,0.0419410066889696,0.0283132970164043,0.0104247494255531,2.0001008780724,0.0104247494255531,0.0104247494255531,0,0.00122066350741048,0.00122066350741048,0.00131945862660111,0.00594472362292168,0.00594472362292168,0.00578890252358911,0.0238901574485455,1.44341205947489,0.196278034419132,0.301969651310198,0.316327945988755,0.260615359213531,15.928431866332,0.260615359213531,0.698149082142656,0.5,0.00829730292663348,0.00829730292663348,0.0105309626701296,0.0910895323906317,0.0910895323906317,0.102620478729337,0.368268232242251,201.60307158526,0.222900135313607,0.370412080323679,0.347651448802601,0.27166108342449,18.4618413682617,0.27166108342449,0.714684560358742,0.5,0.00938198477060151,0.00938198477060151,0.0118048353673415,0.0968606461300408,0.0968606461300408,0.108650059214054,0.391888548487141,204.400047704738,0.236311832568099,0.398802997414257,0.365474401932001,0.278106233063263,19.8080478461261,0.278106233063263,0.721893766936737,0.5,0.010119001260339,0.010119001260339,0.012621132681277,0.100593246591133,0.100593246591133,0.112343814609378,0.406204679226711,205.436086217265,0.25147997289871,0.424112850904696,0.384533288180237,0.285315439641258,21.1777625211229,0.285315439641258,0.72833891657551,0.5,0.0109760175272599,0.0109760175272599,0.0135414444870005,0.104766490478812,0.104766490478812,0.116367712389572,0.42271915438014,206.214939667548,0.283269099534848,0.469116748607664,0.428904290864849,0.301850917857344,23.7395202416282,0.301850917857344,0.739384640786469,0.5,0.0130938699871662,0.0130938699871662,0.0156952048363378,0.114428449172929,0.114428449172929,0.125280504559883,0.462794206893626,206.99889003807,2358.46338009945,1889.10578687167,2481.6799182132,1884.21210669066,2752.8630910493,1884.21210669066,1884.21210669062,NA,2249.29067017669,2249.29067017669,2573.53805007868,2294.62115456084,2294.62115456084,2613.38659715999,1844.17717159742,2419.58687080096,1.00267548603007,1.00228024852805,1.00109508159387,1.00134355338346,1.0001949173393,1.00134355338346,1.00134355338346,NA,1.00031885944421,1.00031885944421,1.00011108192656,1.00032594491902,1.00032594491902,1.00012466099981,1.0013752076596,1.00144980792152
"TARGET.30.PARURB.01A",0.152599065836416,0.423437332008662,0.423963602154922,0.274118807208237,16.6763893583122,0.274118807208237,0.725881192791763,0.5,0.0120684442909722,0.0120684442909722,0.0151504450719725,0.109658254910556,0.109658254910556,0.122923593469432,0.397996645052519,209.181823842819,0.000395729026194611,0.000970760716174746,0.00063324267522639,0.00024790078660993,0.0296175819206174,0.00024790078660993,0.000247900786609927,NA,2.76014119268585e-05,2.76014119268585e-05,2.78191333030686e-05,0.000123544128314838,0.000123544128314838,0.000111735964512561,0.00055999277498349,0.0293245469878233,0.0203059184285585,0.044425842478241,0.0318439310661098,0.0118241881465845,1.70621597565968,0.0118241881465845,0.0118241881465845,0,0.001464802716392,0.001464802716392,0.00157216766685748,0.0065967310504085,0.0065967310504085,0.00634352193723696,0.0265333718166194,1.43128389134838,0.115654072403999,0.327777116979492,0.366723428598306,0.253036859966469,13.4781965726755,0.253036859966469,0.700641511776331,0.5,0.00958604484333837,0.00958604484333837,0.0123745853611793,0.0979083492005804,0.0979083492005804,0.111241113625602,0.352684501785323,205.648404262175,0.138434541381934,0.3950243743914,0.401472043431381,0.265891095574228,15.4792848230156,0.265891095574228,0.71831542563754,0.5,0.0110433195755114,0.0110433195755114,0.0140602148932344,0.105087199865161,0.105087199865161,0.118575776968581,0.379410843901131,208.46032599806,0.151794385153255,0.426927201811175,0.422245612562666,0.273242302705238,16.646667239301,0.273242302705238,0.726757697294762,0.5,0.0119227764407525,0.0119227764407525,0.0150180211180931,0.109191466884321,0.109191466884321,0.122548035952867,0.3953630319152,209.509678017304,0.16549582470319,0.454845979525377,0.443992022768131,0.28168457436246,17.7806671218263,0.28168457436246,0.734108904425772,0.5,0.0129574213650667,0.0129574213650667,0.0161506169663296,0.113830669697592,0.113830669697592,0.127085077664092,0.414333587516559,210.222324942515,0.195067126073422,0.500709655735656,0.491103730330976,0.299358488223669,20.2026971203348,0.299358488223669,0.746963140033531,0.5,0.0153577539169354,0.0153577539169354,0.0185484755835871,0.123926405172258,0.123926405172258,0.136192788292415,0.456544153117918,210.996369029841,2632.99152834177,2094.33889343758,2528.79136748738,2275.02856280851,3318.70623552014,2275.02856280851,2275.02856280856,NA,2816.40869309603,2816.40869309603,3193.8206871419,2851.10582498046,2851.10582498046,3223.1085169313,2245.01908985259,2382.25881919213,1.00049216979811,1.00096515532975,1.000781384617,1.00170137860191,1.00199092014526,1.00170137860191,1.00170137860191,NA,1.00230465119381,1.00230465119381,1.00201546496586,1.00232664569684,1.00232664569684,1.00201068980096,1.0016700524864,1.00095687624017
"TARGET.30.PARVME.01A",0.359592446861145,0.361428971179537,0.278978581959318,0.295639955844712,18.8924113336562,0.295639955844712,0.704360044155288,0.5,0.0111470859941921,0.0111470859941921,0.0133728905630521,0.105399355725387,0.105399355725387,0.115488394067439,0.448097690598747,219.575506317774,0.000681091802652616,0.00116241761994321,0.000534288054290514,0.000270305572635413,0.041499404006979,0.000270305572635413,0.000270305572635415,NA,2.98253678651517e-05,2.98253678651517e-05,2.96448899742122e-05,0.000140107127700918,0.000140107127700918,0.000127571345207181,0.000673007311267455,0.0271837943726075,0.030006229148856,0.0486734266029181,0.0269361571052095,0.0110062702040215,1.93337217548471,0.0110062702040215,0.0110062702040215,0,0.00131208558417033,0.00131208558417033,0.00138200615265465,0.00616981079014101,0.00616981079014101,0.00594355234711608,0.0272231060999937,1.43163096461522,0.305521199288116,0.254228398481034,0.23083936418068,0.276133556862825,15.3292393597693,0.276133556862825,0.681094072521243,0.5,0.00892194847833965,0.00892194847833965,0.0109481616960114,0.0944560663074776,0.0944560663074776,0.104633463514062,0.401779230190991,215.954241964638,0.33872664742397,0.331996172410629,0.260531471253274,0.287823219292797,17.5457233182792,0.287823219292797,0.697124430186042,0.5,0.0101941353530984,0.0101941353530984,0.0123769535671414,0.100966010877982,0.100966010877982,0.111251757590267,0.428594149985457,218.849079053013,0.357909893210748,0.364929231858282,0.277093883380098,0.294990354216891,18.8032239549618,0.294990354216891,0.705009645783109,0.5,0.0110546344932691,0.0110546344932691,0.0132955923200022,0.105141021904382,0.105141021904382,0.115306514646445,0.445775533930406,219.901620657047,0.378442375524237,0.395015508541572,0.296295513429067,0.302875569813958,20.1988315348702,0.302875569813958,0.712176780707203,0.5,0.0119837523172137,0.0119837523172137,0.0142484863979677,0.109470326162277,0.109470326162277,0.11936702391094,0.465386471941322,220.635657449401,0.424339633277028,0.447958050943001,0.337331838140422,0.318905927478757,22.8348838617381,0.318905927478757,0.723866443137175,0.5,0.0139450103824601,0.0139450103824601,0.0163087022226158,0.11808899345366,0.11808899345366,0.127705529333414,0.507795739018887,221.361582444571,1940.93743512415,1753.31308686374,2541.67691430651,1657.94585235615,2170.43712242349,1657.94585235615,1657.94585235613,NA,1935.3196669353,1935.3196669353,2173.30293938023,1939.20281001832,1939.20281001832,2170.63056435712,1636.19773491602,2773.58840764177,1.000646893967,1.00026055008025,0.999898097903307,0.999930001800095,1.00053993718536,0.999930001800095,0.999930001800095,NA,1.00023974544687,1.00023974544687,1.00035647049596,1.00027933260382,1.00027933260382,1.00040111390567,0.999928316209678,1.00069187159059
"TARGET.30.PARXLM.01A",0.328105544018815,0.530346557191005,0.14154789879018,0.383791591939512,14.1347748671856,0.383791591939512,0.616208408060488,0.5,0.0170893214640221,0.0170893214640221,0.0180791495585726,0.130225018675515,0.130225018675515,0.13410219651791,0.753426606772306,434.777967057918,0.0018523690855823,0.00247552261316948,0.000831081733616145,0.000899869827748386,0.0522724311993952,0.000899869827748386,0.000899869827748382,NA,7.34599969567625e-05,7.34599969567625e-05,6.30922068823366e-05,0.000285291526104609,0.000285291526104609,0.000237189858604272,0.0041600799015006,0.0331284728475101,0.0784387057776797,0.10745144801523,0.0435671109810185,0.0343116590133404,2.16835659962546,0.0343116590133404,0.0343116590133404,0,0.00294701361946519,0.00294701361946519,0.00260347279917186,0.0114360099149196,0.0114360099149196,0.00978582740225735,0.159705111529297,1.51765308341661,0.195341633354718,0.311644452918973,0.0635800682922314,0.313747356702218,10.9370822370427,0.313747356702218,0.552911258684345,0.5,0.0113635868190693,0.0113635868190693,0.0129852787662629,0.106600125792054,0.106600125792054,0.11395296732967,0.493752024662249,430.840544334086,0.270644619874444,0.45523936003735,0.110157455920434,0.360219736023696,12.5024142086905,0.360219736023696,0.592218867341942,0.5,0.0149458529376102,0.0149458529376102,0.0161919308788801,0.122253232827087,0.122253232827087,0.127247518026005,0.637268226687689,434.06246923121,0.323025619215137,0.534848697879928,0.138574705007685,0.385759822704497,13.7975786219879,0.385759822704497,0.614240177295504,0.5,0.0171586586180785,0.0171586586180785,0.0181191212520617,0.130991063118009,0.130991063118009,0.134607285283515,0.738152524176928,435.142900532268,0.378386942759069,0.610575749306035,0.170392311814017,0.407781132658058,15.4397893640994,0.407781132658058,0.639780263976304,0.5,0.019237895920403,0.019237895920403,0.0199961381305556,0.138700742318588,0.138700742318588,0.141407701702956,0.845221677361613,435.894311677357,0.495434632079279,0.718845262803781,0.232006941694749,0.447088741315655,19.2525709099592,0.447088741315655,0.686252643297782,0.5,0.0224814448535952,0.0224814448535952,0.0228580160029142,0.149938136755055,0.149938136755055,0.151188676773877,1.12299597676143,436.623024798815,1793.10528170465,1884.04273352458,2748.08429322475,1453.86490713035,1720.74300566491,1453.86490713035,1453.86490713036,NA,1609.39435543942,1609.39435543942,1702.76475274787,1606.83507076643,1606.83507076643,1702.16976024777,1473.78553158028,2098.6604812068,1.00104121733423,1.00147594401687,1.00135248955153,1.00097389927431,1.00068548228411,1.00097389927431,1.00097389927431,NA,1.00075044576383,1.00075044576383,1.0006853796677,1.00076037689363,1.00076037689363,1.00068770552911,1.00083391306421,1.00218104427337
"TARGET.30.PARZCJ.01A",0.236822809543505,0.512004143400298,0.251173047056197,0.37609088405666,13.9751991830495,0.37609088405666,0.62390911594334,0.5,0.0176021973839286,0.0176021973839286,0.0187720538116776,0.131555277048832,0.131555277048832,0.136177761905677,0.776342192288653,375.924818047747,0.00112328067944208,0.00205599156166726,0.00109808096954878,0.00158910407160704,0.0946585260925725,0.00158910407160704,0.00158910407160703,NA,0.000156463882623259,0.000156463882623259,0.000139809085614192,0.00057110383993124,0.00057110383993124,0.000497367775456624,0.0124493037366062,0.0658886336870412,0.0548482252362216,0.0974025161881634,0.0575496403855716,0.0469372662321531,3.02678003903929,0.0469372662321531,0.0469372662321531,0,0.00464465676819679,0.00464465676819679,0.00418940700475071,0.0171884669170392,0.0171884669170392,0.0150897129352412,0.369778037302558,1.97729851243589,0.134281506428287,0.316638549846948,0.145854165228876,0.310503879943974,9.25488032734815,0.310503879943974,0.510729720794712,0.5,0.0109488993543079,0.0109488993543079,0.0125184727919533,0.104636988459637,0.104636988459637,0.111885981212404,0.485119774675469,371.073450371388,0.199810585134681,0.447690648208633,0.211387212523798,0.342757954297633,11.4126366728153,0.342757954297633,0.602315379501391,0.5,0.0139930632807694,0.0139930632807694,0.0154922973321305,0.118292279028546,0.118292279028546,0.124468057458707,0.578410895772006,374.827486878378,0.234485539128993,0.514981137863409,0.24809280062152,0.364661270789436,13.9773399710939,0.364661270789436,0.635338729210564,0.5,0.016494058492659,0.016494058492659,0.0178860928170861,0.128429196351387,0.128429196351387,0.133738897916918,0.653413678647051,376.366760358263,0.272579075540549,0.579849171558638,0.287614026230713,0.397684620498609,16.1370515254421,0.397684620498609,0.657242045702367,0.5,0.0209363406270331,0.0209363406270331,0.0219055431998457,0.144693955037492,0.144693955037492,0.148005213002241,0.79327405028969,377.459939184859,0.35028687844172,0.692246924302634,0.37038394276212,0.489270279205288,19.9704871482367,0.489270279205288,0.689496120056026,0.5,0.0269465873460687,0.0269465873460687,0.0270127750080583,0.164154157257732,0.164154157257732,0.164355635765284,1.92079671094436,378.40919677961,2384.23237374861,2244.38675176508,2746.73333552188,872.430624392488,1022.45039417387,872.430624392488,872.430624392496,NA,881.209247224054,881.209247224054,897.913122095155,905.824628788343,905.824628788343,920.463704366068,882.250879763399,900.582442133158,1.00238698083105,1.00277705280452,1.00177239305511,1.00164111099037,1.00146313047823,1.00164111099037,1.00164111099037,NA,1.00131550194889,1.00131550194889,1.00131462083783,1.00134684017509,1.00134684017509,1.00135181286084,1.00176837405577,1.00040735229386
"TARGET.30.PARZHA.01A",0.226395790842115,0.633631711375385,0.1399724977825,0.234735688077606,19.2045108986033,0.234735688077606,0.765264311922394,0.5,0.00944071392403358,0.00944071392403358,0.0131443516620273,0.0970308448318798,0.0970308448318798,0.114508015535082,0.317284275309308,214.056123699729,0.000333485811491095,0.000539836636058831,0.000275738434895154,0.000158396037338065,0.0304416144214276,0.000158396037338065,0.000158396037338064,NA,1.57249935034935e-05,1.57249935034935e-05,2.17765028782881e-05,7.91357504850745e-05,7.91357504850745e-05,9.3487704940495e-05,0.00029981287509677,0.0285153938104736,0.0198573914808148,0.0291532099922139,0.0171887259433094,0.00980973289542221,1.86588837514144,0.00980973289542221,0.00980973289542221,0,0.00100097195163873,0.00100097195163873,0.00131816619947403,0.00507270063986807,0.00507270063986807,0.00568067548835517,0.0185644912349018,1.50324017163063,0.187255642616602,0.577921683582663,0.107692928488973,0.21593357636373,15.5183406612071,0.21593357636373,0.745472707076795,0.5,0.00779350098244926,0.00779350098244926,0.0109245310011909,0.0882808075541871,0.0882808075541871,0.104520481252177,0.282700000784421,210.316359342834,0.213031477301598,0.613820148810431,0.128263911524215,0.228089736499469,17.9770749578784,0.228089736499469,0.758956892844308,0.5,0.00874910658376161,0.00874910658376161,0.0122257810612737,0.093536659033713,0.093536659033713,0.110570253959889,0.304568000080325,213.324325987116,0.226546959783912,0.633457011959117,0.139613316227313,0.234534481151494,19.1758014979115,0.234534481151494,0.765465518848506,0.5,0.00932935257810136,0.00932935257810136,0.0130372647147438,0.0965885737435305,0.0965885737435305,0.114180842138868,0.316561569348315,214.394362501088,0.2396054738647,0.653160262880252,0.151623372132075,0.241043107155691,20.448591283413,0.241043107155691,0.771910263500531,0.5,0.00999609184202219,0.00999609184202219,0.013906600558782,0.0999804572976856,0.0999804572976856,0.117926250469011,0.328973243738945,215.150268964557,0.265478021178943,0.691350936869032,0.174801972797992,0.254527292923205,22.8842775926159,0.254527292923205,0.78406642363627,0.5,0.0117244643380823,0.0117244643380823,0.0161099699433886,0.108279565138951,0.108279565138951,0.126925056301861,0.355711165086285,215.894336661191,3545.59946704809,2916.40646613312,3885.91021731233,3835.53314224678,3756.95468081853,3835.53314224678,3835.53314224681,NA,4051.93870540076,4051.93870540076,3664.07258522305,4108.97043638666,4108.97043638666,3692.24885770571,3834.11862224423,2779.06048165204,1.00027955194348,1.00118700900363,1.00157667515017,1.00006506849252,1.00051670053885,1.00006506849252,1.00006506849252,NA,1.00022094157257,1.00022094157257,1.00054162931756,1.00021391807169,1.00021391807169,1.00052767690587,1.00004958074318,1.00123450862138
"TARGET.30.PASATK.01A",0.341849906771357,0.484554844238409,0.173595248990235,0.299184503047637,21.7274071066237,0.299184503047637,0.700815496952363,0.5,0.00988023155217356,0.00988023155217356,0.0117560988625473,0.0990349180503764,0.0990349180503764,0.108124697934101,0.457541180443385,320.933204132793,0.000892772080182573,0.00132795445397367,0.000480455583022538,0.000401553946366934,0.0703482740662789,0.000401553946366934,0.000401553946366943,NA,4.46835767313655e-05,4.46835767313655e-05,4.37872518583832e-05,0.000213785403778815,0.000213785403778815,0.000194123220288751,0.00106896554788471,0.0389959505530192,0.0337113674783112,0.0485410050193002,0.0219698728671319,0.0147487880363969,3.09136597902857,0.0147487880363969,0.0147487880363969,0,0.00174517337967077,0.00174517337967077,0.00179239990652995,0.00850444587429123,0.00850444587429123,0.00807197025481546,0.038425849544225,1.59320204389425,0.287067512368711,0.364059080980077,0.136168398042925,0.277102457202539,15.5047560834989,0.277102457202539,0.663719226049024,0.5,0.00738887671344419,0.00738887671344419,0.00906263542855585,0.0859585755651554,0.0859585755651554,0.0951978749289795,0.403947941071489,316.954574418251,0.319449530857019,0.460475900176128,0.159080589424509,0.288852085267618,19.655538645819,0.288852085267618,0.693143078525837,0.5,0.00864793102353331,0.00864793102353331,0.0104926082194779,0.0929942526365744,0.0929942526365744,0.102433433113049,0.431024596567916,320.144491597899,0.337582943463757,0.490685121649678,0.171721992824354,0.296592737444201,21.822682524552,0.296592737444201,0.703407262555799,0.5,0.00954342164924858,0.00954342164924858,0.0114559701756635,0.097690437859347,0.097690437859347,0.107032565950259,0.449698954838838,321.304855764407,0.35933047804941,0.515830483390414,0.186189345334307,0.306856921474163,23.8262970259802,0.306856921474163,0.711147914732382,0.5,0.0107726910907027,0.0107726910907027,0.0127190613191654,0.103791575227757,0.103791575227757,0.112778815841731,0.475588423218226,322.107628511209,0.424192055454506,0.562297708818157,0.222564061108087,0.336280773950975,27.5857951163548,0.336280773950975,0.722897542797461,0.5,0.0143005868814517,0.0143005868814517,0.0161240847136329,0.119585061256704,0.119585061256704,0.126980646969095,0.558227588334806,322.880212583327,1425.84244691597,1336.13754626916,2090.97383728471,1349.04013832116,1931.05192789628,1349.04013832116,1349.0401383211,NA,1525.39142616905,1525.39142616905,1675.61579987998,1582.47166384553,1582.47166384553,1729.03638074606,1292.16965848393,1669.17813719284,1.00356754166533,1.00412494007775,1.00279160467644,1.00216515593187,1.00018816520928,1.00216515593187,1.00216515593187,NA,1.00054631237456,1.00054631237456,1.0003102472057,1.00051133109216,1.00051133109216,1.00028569935163,1.00222710820322,1.00192027778389
"TARGET.30.PASCFC.01A",0.262730993231335,0.531667891371315,0.20560111539735,0.44339975918091,14.6876274441368,0.44339975918091,0.55660024081909,0.5,0.0169876352913281,0.0169876352913281,0.017268901459526,0.130048306236953,0.130048306236953,0.131191344415347,1.24733506801141,536.350304971368,0.00142784244708661,0.00211639626674396,0.00119630219489787,0.000965961308042479,0.0492728644308114,0.000965961308042479,0.000965961308042482,NA,5.54032650051033e-05,5.54032650051033e-05,4.85356230381254e-05,0.000222693814996096,0.000222693814996096,0.000192016604793571,0.0122251367964268,0.0373967543741547,0.0765385518332363,0.111158228189751,0.0662614945976018,0.0369589798356357,1.91216761983338,0.0369589798356357,0.0369589798356357,0,0.00217269671788595,0.00217269671788595,0.00193463933746863,0.00866502865361186,0.00866502865361186,0.00759867274583423,0.479701577429417,1.59669587967339,0.124477982987075,0.317009457517271,0.0893255068423214,0.360813265315741,12.443094352711,0.360813265315741,0.50386137592687,0.5,0.0118360984224568,0.0118360984224568,0.0127199264190798,0.108793834473406,0.108793834473406,0.112782650224431,0.639395826011528,532.481830795854,0.209279782851574,0.453144499213917,0.158149504163675,0.418667908677036,13.3955295896032,0.418667908677036,0.526399041958168,0.5,0.015739773443553,0.015739773443553,0.0161666175477166,0.12545825378807,0.12545825378807,0.127148014328028,0.908033730684662,535.494968166333,0.257593881989607,0.532009063888871,0.201415546392586,0.448157459319633,14.1506864350583,0.448157459319633,0.551842540680367,0.5,0.0174863549732126,0.0174863549732126,0.0176669874750273,0.132235982142536,0.132235982142536,0.132917220384829,1.13319851909944,536.677788525731,0.312906834886801,0.607846398713661,0.247451870246697,0.473600958041832,15.4639645103116,0.473600958041832,0.581332091322964,0.5,0.0185600644896507,0.0185600644896507,0.0186629426402651,0.136235327606865,0.136235327606865,0.136612380966809,1.47064019220348,537.552621077696,0.423849155638157,0.743237652430868,0.349695980174617,0.49613862407313,19.6542031500793,0.49613862407313,0.639186734684259,0.5,0.0200567152001892,0.0200567152001892,0.0200914654276254,0.141621732795727,0.141621732795727,0.141744366475786,2.43179226057345,538.457901644514,2873.42525430956,2758.60334103387,3067.89616223607,1463.93059820781,1506.03927873072,1463.93059820781,1463.9305982078,NA,1537.89788008299,1537.89788008299,1588.83504478887,1513.99240245166,1513.99240245166,1566.02218240224,1539.69549195315,1822.95767503071,1.00082781446027,1.00045915055139,1.00035896144403,1.00228885520582,1.00220050358763,1.00228885520582,1.00228885520582,NA,1.00245608935714,1.00245608935714,1.00239072164833,1.00241763429323,1.00241763429323,1.00236176111256,1.00271234597556,1.00330794698862
"TARGET.30.PASCLP.01A",0.159097003072871,0.499410377919526,0.341492619007603,0.339854049571706,12.733544664789,0.339854049571706,0.660145950428294,0.5,0.0181128704307608,0.0181128704307608,0.0201538545794641,0.133933385470556,0.133933385470556,0.141502913372634,0.57883551232215,298.503657989713,0.000827168136532353,0.00203202325197516,0.00134623205610833,0.000668662630327239,0.0443796229919807,0.000668662630327239,0.000668662630327239,NA,7.86674117538061e-05,7.86674117538061e-05,7.03711160914535e-05,0.000290004755970637,0.000290004755970637,0.000246060415856667,0.00223542461026937,0.0344393445085931,0.0388629879505078,0.0922322452781087,0.063698883117057,0.030011667817728,2.08113052694262,0.030011667817728,0.030011667817728,0,0.00357888791530947,0.00357888791530947,0.0032618961374136,0.013218945862757,0.013218945862757,0.0114366269535798,0.10066452782393,1.57502455808134,0.0890212708007678,0.303679760161455,0.232577494524809,0.28392221768258,9.22020055023306,0.28392221768258,0.598318068142595,0.5,0.011974025606258,0.011974025606258,0.0144776343674195,0.10942589087266,0.10942589087266,0.120323041610968,0.419484826584074,294.535318324274,0.132142221736482,0.4386650412714,0.296142999013172,0.318616682510946,11.2553642830359,0.318616682510946,0.640460793181247,0.5,0.0155232440193058,0.0155232440193058,0.0177953635422224,0.124592311236513,0.124592311236513,0.133399263630061,0.506997766358779,297.722807188409,0.157482416396584,0.505787566950217,0.336120209961432,0.33945182344205,12.5401420253765,0.33945182344205,0.66054817655795,0.5,0.0178624640287116,0.0178624640287116,0.0199359783582908,0.133650529355076,0.133650529355076,0.141194824118084,0.568007017767064,298.877889095132,0.18381917654259,0.565418066556647,0.382983281858074,0.359539206818753,14.0486031486749,0.359539206818753,0.681383317489055,0.5,0.0203441832289237,0.0203441832289237,0.0222116311595469,0.142633036943977,0.142633036943977,0.149035670760652,0.634839850413268,299.679706162583,0.241322454642711,0.661635117967936,0.476102382709254,0.401681931857404,17.2680146062571,0.401681931857404,0.71607778231742,0.5,0.0259300981752698,0.0259300981752698,0.0271143777055854,0.161028252717235,0.161028252717235,0.164664439691969,0.813200143319622,300.418345834635,2207.41903268766,2060.19446429364,2238.84372342089,2014.49482893815,2199.03135735434,2014.49482893815,2014.49482893815,NA,2069.69557534038,2069.69557534038,2148.57925845876,2077.70271592748,2077.70271592748,2160.29173077107,2027.83617300996,2091.53388927896,1.0014015512314,1.00109029974892,1.00064442443962,1.00061670997085,1.00135545367036,1.00061670997085,1.00061670997085,NA,1.00104778208142,1.00104778208142,1.00118685474413,1.00111164289838,1.00111164289838,1.00124050950803,1.00037191782566,1.00065111176413
"TARGET.30.PASCTR.01A",0.499042645503272,0.378493544471148,0.122463810025579,0.340917899529764,22.6083938956554,0.340917899529764,0.659082100470236,0.5,0.0101078274380674,0.0101078274380674,0.0112354696343495,0.100291077357466,0.100291077357466,0.105786172957128,0.574221967884087,467.430341513528,0.00116654278613795,0.00149918627660698,0.000401316981321063,0.000322612716197681,0.064398940882988,0.000322612716197681,0.000322612716197679,NA,3.32292057062196e-05,3.32292057062196e-05,3.22054242352747e-05,0.00016427249869409,0.00016427249869409,0.000151135436923447,0.00103211777181419,0.0296386469856472,0.0462931300929742,0.0594134165063321,0.021386748237735,0.0127159301864684,2.85845590198012,0.0127159301864684,0.0127159301864684,0,0.00142433130646386,0.00142433130646386,0.0014262677010507,0.00703799916348342,0.00703799916348342,0.00669035429099548,0.0405753405899747,1.48155032045964,0.418054504381117,0.252788428293315,0.083644957728484,0.317986908914712,17.4805834453854,0.317986908914712,0.633503240181345,0.5,0.00765812659834958,0.00765812659834958,0.00873516507797635,0.0875107227543086,0.0875107227543086,0.0934621048959691,0.505264742449965,463.731864193995,0.465951465165729,0.34014880983398,0.107604912815134,0.331798556186428,20.5819335240733,0.331798556186428,0.650232476106836,0.5,0.00910428505315148,0.00910428505315148,0.0102401256087842,0.0954163772764993,0.0954163772764993,0.101193505762807,0.544722883505603,466.685282136641,0.494810931492502,0.38402267049908,0.121292495933297,0.34042132589002,22.4107433562896,0.34042132589002,0.65957867410998,0.5,0.0100274190745832,0.0100274190745832,0.0111553640169054,0.100137001522476,0.100137001522476,0.105618956710353,0.571035521599861,467.781830010933,0.529109622792181,0.420762392196162,0.135948567886895,0.349767523893164,24.4137630310645,0.349767523893164,0.668201443813572,0.5,0.011005213054616,0.011005213054616,0.0121465750531583,0.104905734135547,0.104905734135547,0.110211501439934,0.601212081692821,468.51773355818,0.596077666436132,0.480594875240081,0.16786160742357,0.366496759818655,28.6199517456846,0.366496759818655,0.682013091085288,0.5,0.0131854458769208,0.0131854458769208,0.0143015829042881,0.11482789675801,0.11482789675801,0.1195892249038,0.660241175516581,469.256983838682,1574.82299712248,1570.57202426533,2839.97449828891,1553.5788720333,1970.1783548569,1553.5788720333,1553.57887203331,NA,1837.30864989422,1837.30864989422,1961.30007960373,1835.56046684923,1835.56046684923,1959.59183653743,1545.48870596177,2498.71121113894,1.00110131785194,1.00091807941335,1.0002862730377,1.00156386106636,1.0013440782086,1.00156386106636,1.00156386106636,NA,1.00104143986073,1.00104143986073,1.00095192136835,1.00114905337667,1.00114905337667,1.00105047867278,1.00150201112677,1.00058869313174
"TARGET.30.PASCUF.01A",0.284150259014375,0.419255919930073,0.296593821055552,0.205908730814809,20.5355995311699,0.205908730814809,0.794091269185191,0.5,0.0079955431761552,0.0079955431761552,0.0122269585541551,0.0893644778221612,0.0893644778221612,0.110515239847407,0.26544542684178,58.4957239413979,0.000211680887630641,0.000301301975321991,0.000206790534992429,7.34068048184498e-05,0.0174753436833247,7.34068048184498e-05,7.34068048184486e-05,NA,7.45982314095784e-06,7.45982314095784e-06,1.07271174451882e-05,4.12694092333813e-05,4.12694092333813e-05,4.80407721433344e-05,0.00012491231082233,0.0257866996282479,0.016389022066219,0.0213422796267076,0.0170841527063988,0.00546528025636391,1.34731384414998,0.00546528025636391,0.00546528025636391,0,0.000554880674159465,0.000554880674159465,0.000811220739979345,0.00308779395954375,0.00308779395954375,0.00365266798015628,0.00930274471917407,1.44307641199359,0.252984665037744,0.378089679771157,0.263519569198756,0.195240225468581,17.922776090349,0.195240225468581,0.783246334201909,0.5,0.00703245356496879,0.00703245356496879,0.0107724278958529,0.0838597255238135,0.0838597255238135,0.103790307292437,0.247542128323843,54.8172203788845,0.27284474167806,0.404819024891803,0.285242188949767,0.202227831615967,19.6319137965608,0.202227831615967,0.790494636972308,0.5,0.00760454108150983,0.00760454108150983,0.0116674059678822,0.0872040198699218,0.0872040198699218,0.108015767209747,0.259139719973623,57.777566237709,0.283880756239751,0.419289221337482,0.296318740487078,0.205843942706107,20.5333925762525,0.205843942706107,0.794156057293893,0.5,0.00796225609819135,0.00796225609819135,0.0121752895495762,0.0892314748178839,0.0892314748178839,0.110341694517328,0.265248832398061,58.840821662758,0.295496934611337,0.433560830404158,0.307821748396158,0.209505363027692,21.4272136289084,0.209505363027692,0.797772168384033,0.5,0.00835234676174577,0.00835234676174577,0.0127343672498154,0.0913911744179321,0.0913911744179321,0.112846653687714,0.271511491835872,59.5466303532808,0.31640613998681,0.461452981945855,0.330736334514881,0.216753665798091,23.2073960632854,0.216753665798091,0.804759774531419,0.5,0.00916862795544521,0.00916862795544521,0.0139487319791118,0.0957529527234554,0.0957529527234554,0.118104750027378,0.284145570271507,60.2684724320616,5994.35948180301,5017.3876175125,6825.36020250692,5543.09386160154,5944.09981150591,5543.09386160154,5543.09386160172,NA,5532.76387185346,5532.76387185346,5718.89364445024,5598.09317330218,5598.09317330218,5780.96629083776,5546.40682399876,3131.75033733254,0.999913504997779,1.00024584023394,0.999975874451807,1.00045103511791,1.00082804261745,1.00045103511791,1.00045103511791,NA,1.00145552720484,1.00145552720484,1.0010166487297,1.00140810218953,1.00140810218953,1.00096798984957,1.00046356977832,1.00129103625602
"TARGET.30.PASFIC.01A",0.13794321799301,0.523344591291058,0.338712190715932,0.367620012739097,16.5011573006122,0.367620012739097,0.632379987260903,0.5,0.014431660494877,0.014431660494877,0.0155128071203832,0.119658586361332,0.119658586361332,0.124182632317179,0.675792208929469,456.193959966264,0.000854638480355071,0.00201678432413915,0.00138017198998532,0.000570986468916339,0.0503384707192516,0.000570986468916339,0.00057098646891635,NA,5.45572459920377e-05,5.45572459920377e-05,5.00652001958577e-05,0.000222001585425014,0.000222001585425014,0.000197400555072397,0.00245431733006307,0.0366133576935201,0.0422742991143481,0.0961283111850893,0.0655451471324232,0.0266748145970888,2.54132903281549,0.0266748145970888,0.0266748145970888,0,0.0025823587654524,0.0025823587654524,0.00239665675141102,0.0106535154788778,0.0106535154788778,0.00956516532569878,0.110157982258441,1.5584044458928,0.0601997402618627,0.327578354549952,0.224609407818268,0.320968118985538,12.1212424928039,0.320968118985538,0.575663499663856,0.5,0.0102231375749985,0.0102231375749985,0.011440606533863,0.101109532446763,0.101109532446763,0.106960770998955,0.513522101108601,452.202225161298,0.108100907356785,0.459823984604419,0.292377884098406,0.348633131640518,14.6327021315213,0.348633131640518,0.615186292065727,0.5,0.012508948298335,0.012508948298335,0.013720561906103,0.111843409600859,0.111843409600859,0.117134802283835,0.597450808648095,455.449511077259,0.136901118205997,0.527441250633422,0.333574764973535,0.366181573669731,16.351957724313,0.366181573669731,0.633818426330269,0.5,0.0141587332620091,0.0141587332620091,0.0152886892862956,0.118990475509588,0.118990475509588,0.123647439411415,0.65906212237216,456.534327553179,0.165931630903183,0.591661983412133,0.379582300399425,0.384813707934273,18.2208281055147,0.384813707934273,0.651366868359482,0.5,0.0160856355639259,0.0160856355639259,0.017085019415124,0.126829158964316,0.126829158964316,0.130709676056923,0.734028676368304,457.324874340942,0.22333275969909,0.696571439134012,0.479908189928596,0.424336500336144,21.8519882982149,0.424336500336144,0.679031881014462,0.5,0.0200553804212363,0.0200553804212363,0.0206249484170642,0.141617020201503,0.141617020201503,0.143613886490949,0.944156116371153,458.131744562719,2446.74069626139,2271.87122555273,2255.35373173283,2182.4845900584,2548.71785171288,2182.4845900584,2182.48459005831,NA,2240.41400108902,2240.41400108902,2291.60501310106,2302.89284515298,2302.89284515298,2347.94663893373,2014.51505317028,1811.67895767105,1.00110148120272,1.0005564462859,1.00034419640772,1.0010679889512,1.0011401611028,1.0010679889512,1.0010679889512,NA,1.00116342948658,1.00116342948658,1.00115197073097,1.00116357281331,1.00116357281331,1.00115438808234,1.00119070255556,1.00280042078163
"TARGET.30.PASGPY.01A",0.239286020793976,0.392163381581356,0.368550597624667,0.258719271583031,21.1243388396364,0.258719271583031,0.741280728416969,0.5,0.00914213098014749,0.00914213098014749,0.0119145110675953,0.0955174292117412,0.0955174292117412,0.10906093596496,0.364544749776769,170.07306468149,0.000305457469957996,0.000536241381207256,0.000322147681656823,0.000128851067059822,0.0254867287423855,0.000128851067059822,0.000128851067059819,NA,1.34836575967327e-05,1.34836575967327e-05,1.49860973238699e-05,6.9296445019159e-05,6.9296445019159e-05,6.7764968188565e-05,0.000269550786487132,0.0253983552159808,0.0187691686540051,0.029157749295918,0.0209476482905315,0.00715631895863556,1.7165411080348,0.00715631895863556,0.00715631895863556,0,0.000832036387036274,0.000832036387036274,0.000989404585006601,0.00430743730999222,0.00430743730999222,0.00449731500701998,0.0149003614426178,1.42585403833499,0.203730622926525,0.332947480904722,0.328559648771534,0.245271828423923,17.7185914003164,0.245271828423923,0.726274508824933,0.5,0.0077148719918216,0.0077148719918216,0.0102094854502517,0.0878343440275897,0.0878343440275897,0.101041998438296,0.337205557835206,166.438691536748,0.226420250443451,0.372765445797756,0.354425923020643,0.253828276391025,19.9603688064378,0.253828276391025,0.736752264447653,0.5,0.00855933200157902,0.00855933200157902,0.0112116267682307,0.0925166579673364,0.0925166579673364,0.105884969503054,0.354289371363013,169.388325977734,0.238969685143612,0.392800621708915,0.368680613703537,0.258537760959504,21.1272072494992,0.258537760959504,0.741462239040496,0.5,0.00905578140603786,0.00905578140603786,0.0118330831456064,0.0951618694942011,0.0951618694942011,0.108779975847561,0.363947498819095,170.393373860795,0.25199247630539,0.411814243538776,0.382423708201348,0.263247735552348,22.2982806427576,0.263247735552348,0.746171723608975,0.5,0.00964406607668523,0.00964406607668523,0.0125248186770758,0.0982042059985598,0.0982042059985598,0.111914336332405,0.373796900846285,171.12367854058,0.277340479381322,0.448524822820049,0.409382016820693,0.273725491175068,24.4870323190258,0.273725491175068,0.754728171576077,0.5,0.0110326175571869,0.0110326175571869,0.0141094737360282,0.105036267675892,0.105036267675892,0.118783305796722,0.396429597729528,171.833142820811,3775.62256520417,2956.56441161187,4228.24872390966,3084.63185304874,4536.07496661717,3084.63185304874,3084.63185304888,NA,3807.75684852651,3807.75684852651,4358.83811455541,3863.81229520686,3863.81229520686,4404.49517505811,3055.71186162251,3151.65705701557,1.00042347606911,1.00154813358663,1.00109411568887,1.00187404804713,1.00015867302216,1.00187404804713,1.00187404804713,NA,1.00061305275396,1.00061305275396,1.00023610715138,1.00057598819991,1.00057598819991,1.00021322013543,1.00192438647904,1.00014461440941
"TARGET.30.PASJYB.01A",0.0982617051188561,0.372636790278786,0.529101504602358,0.222786752004471,17.356528748251,0.222786752004471,0.777213247995529,0.5,0.0100409373901008,0.0100409373901008,0.0144930794629296,0.100106798247224,0.100106798247224,0.120293364908462,0.295057381402348,182.728326670458,0.000154599795675789,0.000401827189070262,0.000326522297788732,0.000109805494166585,0.0205498735871434,0.000109805494166585,0.000109805494166584,NA,1.47415552938962e-05,1.47415552938962e-05,1.79621463394559e-05,7.22701595773774e-05,7.22701595773774e-05,7.35638214562933e-05,0.000199538160298832,0.0272824077741824,0.0116074798792645,0.0243217196715722,0.0219737206836083,0.00670807863362782,1.35369893367174,0.00670807863362782,0.00670807863362782,0,0.000894553913860554,0.000894553913860554,0.00115226307971521,0.00442366147982089,0.00442366147982089,0.00475275136209413,0.0121304614334728,1.45742943665697,0.0760486534000051,0.323109941017718,0.486336857290108,0.210082418421013,14.7573633403296,0.210082418421013,0.763667198491693,0.5,0.00852310531774091,0.00852310531774091,0.0124935265486961,0.0923206656699462,0.0923206656699462,0.111774444939803,0.272505708643213,179.039800311909,0.0905253864806267,0.357060508996821,0.514314952234033,0.218105006519625,16.4232350318976,0.218105006519625,0.772767510273752,0.5,0.00940201582765129,0.00940201582765129,0.013670478060739,0.0969639924228074,0.0969639924228074,0.116920819620426,0.286536730188977,182.038824238386,0.097943792756672,0.372649143399311,0.528787532976796,0.222538008288633,17.3509545592266,0.222538008288633,0.777461991711367,0.5,0.00997362465590281,0.00997362465590281,0.0144084291816134,0.0998680362068001,0.0998680362068001,0.120035116451867,0.294462070718868,183.073117755712,0.105869173640448,0.388637348127532,0.543845735546173,0.227232489726248,18.2875828402775,0.227232489726248,0.781894993480375,0.5,0.0105940932961102,0.0105940932961102,0.0152223358866335,0.102927611922685,0.102927611922685,0.123378830788038,0.302994138408166,183.792770670831,0.121686064865335,0.420669245919675,0.572952513314567,0.236332801508307,20.0103629342407,0.236332801508307,0.789917581578987,0.5,0.0119685319024337,0.0119685319024337,0.0169406957030285,0.109400785487233,0.109400785487233,0.130156427708182,0.319960201144813,184.530796973566,5637.12996710261,3663.61575890141,4528.78299739272,3732.05596911669,4339.36182808738,3732.05596911669,3732.05596911681,NA,3682.36156418269,3682.36156418269,4115.16101529571,3746.67259009277,3746.67259009277,4174.0882481651,3695.7511033611,2853.70898377849,1.00031978993699,0.999665566977675,0.999899070158661,0.999831738820784,1.0005495055906,0.999831738820784,0.999831738820784,NA,1.00051349097858,1.00051349097858,1.00054125155265,1.0005055180627,1.0005055180627,1.00054148033112,0.999847463082483,1.00003006366384
"TARGET.30.PASJZC.01A",0.138009706006297,0.577132380643193,0.28485791335051,0.367030538857772,16.4824425810179,0.367030538857772,0.632969461142228,0.5,0.0147199867505192,0.0147199867505192,0.0158303621261335,0.12041077181341,0.12041077181341,0.125172612670096,0.693298244703562,460.270296614631,0.000971724487288966,0.00269732406312783,0.00190121480849376,0.00114614990647235,0.0890490347941058,0.00114614990647235,0.00114614990647235,NA,9.14633823630374e-05,9.14633823630374e-05,7.96581685121251e-05,0.00038259034280215,0.00038259034280215,0.000321022427606014,0.00480537154838257,0.0334579574820233,0.0445499502746861,0.110504897324758,0.0781480913719559,0.0431344188202422,3.53961476057578,0.0431344188202422,0.0431344188202422,0,0.00356560072785321,0.00356560072785321,0.00316793658230582,0.0148748256921878,0.0148748256921878,0.0127357543320127,0.186162827789371,1.48401665065115,0.0648101371448961,0.334660998200332,0.169539379104037,0.297275484505385,11.6249330588312,0.297275484505385,0.553902572572299,0.5,0.00875528353392821,0.00875528353392821,0.0102481236062994,0.0935696720159098,0.0935696720159098,0.101233016285293,0.451380053797316,456.625351532471,0.106222678999225,0.502479928173462,0.224930327922167,0.329517109831842,13.6555191504564,0.329517109831842,0.598425475990066,0.5,0.0117859163075327,0.0117859163075327,0.0133246907222908,0.108562960085705,0.108562960085705,0.115432624129,0.537986578830905,459.501403966318,0.132330164517528,0.596058055405623,0.269642921212162,0.366548911918291,15.7827193511615,0.366548911918291,0.633451088081708,0.5,0.014679494781055,0.014679494781055,0.0158401093285892,0.121158964908818,0.121158964908818,0.125857496114438,0.660436535140049,460.571778708545,0.163805016310521,0.660668882614956,0.336181695628977,0.401574524009934,18.7621616054489,0.401574524009934,0.670482890168158,0.5,0.0175646553219611,0.0175646553219611,0.0183076159354737,0.132531714400482,0.132531714400482,0.135305638963654,0.812654219216113,461.366698183572,0.241112270249654,0.752334320986748,0.459713811267497,0.446097427427701,24.3947098575525,0.446097427427701,0.702724515494615,0.5,0.0211862784694563,0.0211862784694563,0.021505500182743,0.145555070214486,0.145555070214486,0.146647537252727,1.1137149467168,462.249339512795,2101.88113955429,1678.40512586865,1689.56293881917,1416.33195957192,1579.98717596058,1416.33195957192,1416.33195957192,NA,1519.74563230756,1519.74563230756,1581.58422335461,1511.59610226821,1511.59610226821,1573.90529694002,1500.83168239053,1967.33671809626,1.00136657805774,1.00175780104435,1.00172870052146,1.0022990984723,1.00275677184147,1.0022990984723,1.0022990984723,NA,1.00228603838324,1.00228603838324,1.00225329534668,1.00242988362202,1.00242988362202,1.00238107437159,1.00232217645473,1.00170240626158
"TARGET.30.PASKJX.01A",0.234734983620874,0.388957097492083,0.376307918887042,0.236026208036471,19.0528066972418,0.236026208036471,0.763973791963529,0.5,0.00952387068406052,0.00952387068406052,0.0132024790490342,0.097500651973931,0.097500651973931,0.114813120218316,0.319540370961367,101.154514120356,0.000251111418676165,0.000413155859817641,0.000282758572419359,0.000103533191753877,0.0219655022472305,0.000103533191753877,0.000103533191753876,NA,1.26949476706417e-05,1.26949476706417e-05,1.56140766754781e-05,6.44376599003828e-05,6.44376599003828e-05,6.7387728083629e-05,0.000196914225790383,0.0254944293934169,0.0171850725193276,0.025870423236167,0.0196639726264424,0.00669257221061382,1.48888938372144,0.00669257221061382,0.00669257221061382,0,0.000821559113093102,0.000821559113093102,0.00104367204546078,0.00418279041859185,0.00418279041859185,0.0045198482715038,0.0127106848853574,1.41359464690246,0.201528153065456,0.336072072518481,0.338695136145042,0.22334594983648,16.2228348361725,0.22334594983648,0.750215547044693,0.5,0.00808524776069078,0.00808524776069078,0.0113249749618327,0.0899180057627954,0.0899180057627954,0.106418865613359,0.295920144579091,97.5682796948888,0.223225986041957,0.372023621474469,0.362914294857369,0.231460310156637,18.0149626978321,0.231460310156637,0.759599546614519,0.5,0.00893394175835252,0.00893394175835252,0.0124742568738489,0.0945195310939054,0.0945195310939054,0.111688212779199,0.310804687388471,100.46716869492,0.234483897526512,0.389208091999682,0.376035724329723,0.235840465724415,19.0423005378731,0.235840465724415,0.764159534275585,0.5,0.00945662134416927,0.00945662134416927,0.0131286658129883,0.0972451610256171,0.0972451610256171,0.114580390172316,0.319027440646578,101.469285779486,0.246013834964608,0.406193065304818,0.389436893156778,0.240400453385481,20.0412740038323,0.240400453385481,0.768539689843363,0.5,0.010041436154944,0.010041436154944,0.0138773531888201,0.100206966598448,0.100206966598448,0.117802178198231,0.327733930036625,102.202570919964,0.269693758124756,0.440321257160825,0.415869456395868,0.249784452955307,22.07510401945,0.249784452955307,0.77665405016352,0.5,0.0112899659532833,0.0112899659532833,0.0154103769711374,0.106254251444888,0.106254251444888,0.124138539404561,0.346142681933587,102.895938571596,4683.49234833468,3920.84102783854,4836.27470536034,4178.56272668146,4594.54585810963,4178.56272668146,4178.56272668154,NA,4188.08806031194,4188.08806031194,4467.81813754891,4213.5940142854,4213.5940142854,4498.69015699062,4166.6183263488,3074.39164612272,1.00002286992686,0.999760543695233,1.00008286976706,1.00001607055928,1.0010711662861,1.00001607055928,1.00001607055928,NA,1.00123507613468,1.00123507613468,1.0011429629299,1.00121836590759,1.00121836590759,1.00112825056965,1.00000480259146,0.999987249181086
"TARGET.30.PASLGS.01A",0.177095301941507,0.510542512717826,0.312362185340667,0.339953208978746,16.1442867418857,0.339953208978746,0.660046791021254,0.5,0.0144238120551583,0.0144238120551583,0.0160312229193192,0.11937694324678,0.11937694324678,0.126063088899947,0.578044066272245,364.384063884747,0.000867355445489474,0.00199588081773195,0.00120810708587001,0.000668623723456307,0.067963578267089,0.000668623723456307,0.00066862372345632,NA,7.58858495291419e-05,7.58858495291419e-05,7.05255566476953e-05,0.000308345179420495,0.000308345179420495,0.000273156813464421,0.00233255609014032,0.0365090922913162,0.0385692729124668,0.0846100501334561,0.0543834732008386,0.0278202633461382,2.99799861643827,0.0278202633461382,0.0278202633461382,0,0.00321444994737296,0.00321444994737296,0.0030278078169595,0.0131521518619875,0.0131521518619875,0.0118041498451784,0.0954284293891535,1.54314505188093,0.106178383306526,0.322075742770966,0.223174538218706,0.293751926108763,10.923849999683,0.293751926108763,0.600025804839055,0.5,0.00928752395413981,0.00928752395413981,0.0110566281381242,0.0963718005798171,0.0963718005798171,0.105150502317665,0.442764206037873,360.495957412848,0.151303461822701,0.458916422326139,0.27328242208275,0.319192771577695,14.0052749809717,0.319192771577695,0.641553618151852,0.5,0.0120443288455654,0.0120443288455654,0.0138251189671183,0.109746657558817,0.109746657558817,0.117580266056562,0.508588335704565,363.611551580224,0.174391320830821,0.519290950105269,0.305399057906411,0.337670994919712,15.9064721925346,0.337670994919712,0.662329005080288,0.5,0.0140276535442469,0.0140276535442469,0.0157168728038856,0.118438395537496,0.118438395537496,0.125366952585627,0.56249146355649,364.774036594614,0.200912819994351,0.57100657529021,0.346058139536571,0.358446381848148,18.0830270379895,0.358446381848148,0.680807228422305,0.5,0.0163469108126947,0.0163469108126947,0.0178504172348219,0.127855038274763,0.127855038274763,0.133605453484978,0.630964763226982,365.515381005651,0.259745827511688,0.652937825735196,0.436044884045238,0.399974195160945,22.6108716797859,0.399974195160945,0.706248073891237,0.5,0.0218349394361821,0.0218349394361821,0.0228857042879952,0.147766502548661,0.147766502548661,0.151280217709258,0.804589948733685,366.306829139065,1977.37338707529,1797.11014695793,2026.38992508402,1731.24650597747,1945.85459186717,1731.24650597747,1731.24650597741,NA,1794.28627332285,1794.28627332285,1843.16224753221,1819.36276952874,1819.36276952874,1867.43438971202,1673.75296880139,1786.53459475663,1.00082913751588,1.00158916412194,1.00187892870818,1.00317239198305,1.00352505690053,1.00317239198305,1.00317239198305,NA,1.00331199982577,1.00331199982577,1.00322156572292,1.00346319404851,1.00346319404851,1.00333638697984,1.00282006242634,1.00172918681975
"TARGET.30.PASMDM.01A",0.0722358180697178,0.426509755502713,0.501254426427569,0.369177460971994,18.4809967075496,0.369177460971994,0.630822539028006,0.5,0.0127817916739517,0.0127817916739517,0.0137148014053521,0.112806961779671,0.112806961779671,0.116911931438884,0.675229847782123,523.955906555829,0.00043635369124964,0.00205152287820304,0.00174105915381582,0.000434275722775073,0.0493373316150303,0.000434275722775073,0.000434275722775065,NA,3.8565025535881e-05,3.8565025535881e-05,3.5360670025123e-05,0.000171904043311312,0.000171904043311312,0.000151880448317219,0.00166717263082098,0.0298689320213648,0.0228836039627106,0.0842401285231641,0.0720731027038201,0.0181240649619795,2.20597041435872,0.0181240649619795,0.0181240649619795,0,0.00168993760682188,0.00168993760682188,0.0015899166161619,0.00750920078994411,0.00750920078994411,0.00681230456736384,0.069931566189991,1.42878942788064,0.0333152341201266,0.250919744837893,0.376551727421967,0.33329899755232,14.8335334940308,0.33329899755232,0.597780819986797,0.5,0.00959953523669906,0.00959953523669906,0.0107131482654332,0.0979772179154036,0.0979772179154036,0.103504339350572,0.549203148384066,520.36753089687,0.0560519144523073,0.369988970039089,0.447298788640821,0.356289195196834,16.8806461481296,0.356289195196834,0.617499122660862,0.5,0.0115943405802688,0.0115943405802688,0.0125930972393168,0.107677019713155,0.107677019713155,0.112218970050643,0.623402560146022,523.213398149122,0.0702120945476505,0.431181950394991,0.497336291130635,0.370226251355052,18.2449677907422,0.370226251355052,0.629773748644948,0.5,0.012782053589757,0.012782053589757,0.0137024084077572,0.113057744491339,0.113057744491339,0.117057286859904,0.674407780806773,524.2793396367,0.0865222999511314,0.488989907274783,0.549779732221544,0.382500877339138,19.8521456045451,0.382500877339138,0.643710804803167,0.5,0.0139529227037962,0.0139529227037962,0.0148098596600397,0.118122490251862,0.118122490251862,0.121695766786489,0.724088615792824,525.029326916303,0.123147515981227,0.571496988674291,0.649972627166671,0.402219180013203,23.3358107161883,0.402219180013203,0.66670100244768,0.5,0.0161135997090741,0.0161135997090741,0.0168537051847662,0.126939354224183,0.126939354224183,0.129821820888297,0.81593982765589,525.721689425863,2750.24597463101,1686.10770324928,1713.63918118672,1741.72713034591,1999.16229727675,1741.72713034591,1741.72713034598,NA,1920.23373254979,1920.23373254979,2021.65816983952,1908.16203512397,1908.16203512397,2011.79799908671,1759.48417666057,2288.21625907226,1.00083494882162,1.00054215748338,1.00027954205342,1.00029546969284,1.00032365915537,1.00029546969284,1.00029546969284,NA,1.00021316132922,1.00021316132922,1.00019140965718,1.00023799593783,1.00023799593783,1.00020655806815,1.0002339960891,1.00075403639622
"TARGET.30.PASNEF.01A",0.684855699643176,0.278594182477149,0.0365501178796757,0.261452671284345,22.605848798944,0.261452671284345,0.738547328715655,0.5,0.00858454334820436,0.00858454334820436,0.0111132535539767,0.0925890126637262,0.0925890126637262,0.105354769395005,0.370125755763387,449.031850955415,0.000288757580990614,0.000327495955591401,0.00010487193839396,7.45172042413052e-05,0.0204434615883904,7.45172042413052e-05,7.45172042413059e-05,NA,8.81490015734026e-06,8.81490015734026e-06,1.03044058888646e-05,4.71320860024832e-05,4.71320860024832e-05,4.84854415935097e-05,0.000156732157321554,0.0263309320065744,0.0199272531782183,0.0211198594149,0.00787174902476155,0.00489748056926489,1.57514064994482,0.00489748056926489,0.00489748056926489,0,0.000639938074789969,0.000639938074789969,0.0007811745005524,0.00343795863931822,0.00343795863931822,0.00369158816500176,0.0102812986844795,1.43247715603349,0.645918139413842,0.237289469160678,0.0225276915288454,0.252001772940417,19.5687972097624,0.252001772940417,0.7288506385668,0.5,0.00744176338045813,0.00744176338045813,0.00969707818561874,0.0862656558571076,0.0862656558571076,0.0984737436321048,0.350593250623472,445.408230115601,0.671430265983149,0.264397195676554,0.031036046197447,0.258193216799455,21.5013689506972,0.258193216799455,0.735330489173559,0.5,0.00813622879746184,0.00813622879746184,0.0105672998072356,0.0902010465430181,0.0902010465430181,0.102797372567296,0.363234553852168,448.336901091115,0.685002454880503,0.278679501720888,0.0361132658808144,0.261368348062407,22.6081278295144,0.261368348062407,0.738631651937593,0.5,0.00853397748679101,0.00853397748679101,0.0110579700373467,0.0923795295873759,0.0923795295873759,0.105156882969241,0.369843470336619,449.350511932604,0.698162526784283,0.292841537284375,0.0415644805287915,0.26466951082644,23.6578884490223,0.26466951082644,0.741806783200545,0.5,0.00899563578287448,0.00899563578287448,0.0116271666555608,0.0948453255586963,0.0948453255586963,0.107829340414626,0.376808617669081,450.098860419829,0.723633981331067,0.320427322506098,0.0530977325965933,0.2711493614332,25.7809615728033,0.2711493614332,0.747998227059583,0.5,0.00995963551931356,0.00995963551931356,0.0127754402750616,0.0997979735228502,0.0997979735228502,0.113028493199538,0.390769270512548,450.822177955321,4762.42431985949,4158.82038311757,5634.09139023358,4319.48865953111,5936.49094845536,4319.48865953111,4319.48865953102,NA,5270.37000312587,5270.37000312587,5747.11916941263,5320.69019442243,5320.69019442243,5797.00639104778,4303.08306282732,2959.66765720799,1.00040662811282,1.00067157894301,1.00001881072698,1.00033607635684,0.999932908274538,1.00033607635684,1.00033607635684,NA,1.00002187514696,1.00002187514696,0.99995076195259,1.00001681711994,1.00001681711994,0.999945984005532,1.00035497861469,1.00223533799176
"TARGET.30.PASNML.01A",0.291132108440365,0.486744677989868,0.222123213569768,0.312241890128288,18.0086793410491,0.312241890128288,0.687758109871712,0.5,0.0122294780285385,0.0122294780285385,0.0142081042666655,0.110141142123321,0.110141142123321,0.118845717670919,0.492449274673091,305.333202013397,0.000953174836231506,0.00165428942643177,0.000737785272751623,0.000478964400375801,0.0593017611667169,0.000478964400375801,0.0004789644003758,NA,5.23391546594951e-05,5.23391546594951e-05,4.9798982126943e-05,0.000230579841109656,0.000230579841109656,0.000204573870089935,0.00134011115849896,0.0302231782615896,0.0400143333508508,0.0661537719450971,0.0325864183104277,0.0191156858495633,2.7019734833103,0.0191156858495633,0.0191156858495633,0,0.00224118444512551,0.00224118444512551,0.00221864665616924,0.00992064225247974,0.00992064225247974,0.00915478750253389,0.0528976578040823,1.48681138451543,0.223118450185284,0.332887075741396,0.165260118927909,0.281106379172396,12.9370058102211,0.281106379172396,0.646133034822209,0.5,0.00875052333202769,0.00875052333202769,0.0106896103972839,0.0935442319246076,0.0935442319246076,0.103390571888895,0.413011118188335,301.611132278064,0.263552674133086,0.449283125549984,0.19990686647871,0.297970101148172,16.0963892257712,0.297970101148172,0.675401985118846,0.5,0.0105736346339314,0.0105736346339314,0.0125812574187225,0.102828180153722,0.102828180153722,0.11216620437874,0.453096198928073,304.582834607455,0.286244455808566,0.493967308023823,0.21913952090965,0.310147090260175,17.931354806825,0.310147090260175,0.689852909739825,0.5,0.0119240115864112,0.0119240115864112,0.01394205862964,0.109197122607056,0.109197122607056,0.118076494821292,0.484179242739433,305.660920962435,0.314909789337267,0.533317364338592,0.241034551637319,0.324598014881155,19.8708279142214,0.324598014881155,0.702029898851828,0.5,0.0135412716110064,0.0135412716110064,0.0155314335714532,0.116366969587621,0.116366969587621,0.124625172302582,0.523763850506806,306.426216201906,0.382296665519686,0.596333845518913,0.295973807266745,0.353866965177791,23.3871951004541,0.353866965177791,0.718893620827604,0.5,0.0174428887262623,0.0174428887262623,0.0193244096611652,0.132071528355874,0.132071528355874,0.139012264422596,0.615045347649019,307.204123652585,1762.32513242201,1599.13907608017,1950.80245196554,1592.84420195177,2075.99824690002,1592.84420195177,1592.84420195178,NA,1833.58814016241,1833.58814016241,1984.88500622046,1851.12994615027,1851.12994615027,2002.60923171896,1558.08533127771,2420.08985027846,1.00294409971229,1.00373406908471,1.0031557925623,1.00288714840703,1.00168162741137,1.00288714840703,1.00288714840703,NA,1.00192189577479,1.00192189577479,1.00161538114195,1.00196028170146,1.00196028170146,1.00164456997325,1.00290681113201,1.00075349394815
"TARGET.30.PASNPG.01A",0.185816731062404,0.44264610007596,0.371537168861636,0.285620749789268,17.4829661648048,0.285620749789268,0.714379250210732,0.5,0.0118939096394593,0.0118939096394593,0.0145453704192731,0.108723484109726,0.108723484109726,0.120342813813764,0.424810274220864,226.963347551015,0.000545783549850063,0.00140298879711658,0.000889914050124017,0.000381243209697082,0.047003385645623,0.000381243209697082,0.000381243209697077,NA,4.30432093016669e-05,4.30432093016669e-05,4.17468687040554e-05,0.000192026361405972,0.000192026361405972,0.000169716246459493,0.000927336551245322,0.0308260062288003,0.0233932270621213,0.055136681643402,0.0382901937770136,0.0156193953587913,2.24651291421607,0.0156193953587913,0.0156193953587913,0,0.00190242843439002,0.00190242843439002,0.00194119405234591,0.00855118604927288,0.00855118604927288,0.0079363376843984,0.0375353958197183,1.4653047868582,0.146807538315407,0.310109508243514,0.307388243983802,0.2601382497704,13.2641315692775,0.2601382497704,0.678963386861566,0.5,0.00895725141680416,0.00895725141680416,0.0114318917568775,0.0946427568110706,0.0946427568110706,0.106920024959828,0.367272691097168,223.358242801134,0.169629584782451,0.413266199809401,0.345210211283341,0.274483683109421,15.8888491310965,0.274483683109421,0.705246070353125,0.5,0.0104690466416946,0.0104690466416946,0.0131116630043722,0.102318359241313,0.102318359241313,0.114506170155554,0.398107791699941,226.205525046781,0.183082035057226,0.450621495364829,0.367139417562477,0.283492331269312,17.4670764421481,0.283492331269312,0.716507668730688,0.5,0.0116284468966811,0.0116284468966811,0.0143126413224329,0.107835276672225,0.107835276672225,0.119635451775215,0.418491065110604,227.279076942074,0.199676922303559,0.480887254041582,0.393959814085289,0.294753929646875,19.0669940165839,0.294753929646875,0.725516316890579,0.5,0.013030115505721,0.013030115505721,0.0157343051157428,0.114149531305171,0.114149531305171,0.125436458468502,0.445199247987693,228.043587683219,0.238762078298923,0.529237098894984,0.457894296941967,0.321036613138434,21.8686466789646,0.321036613138434,0.7398617502296,0.5,0.0162144605316169,0.0162144605316169,0.0188478229626698,0.127336014146142,0.127336014146142,0.137287373400958,0.513713428312729,228.809408298276,1837.12788445806,1544.44640954911,1851.30937895397,1678.51103744147,2284.33375136529,1678.51103744147,1678.51103744152,NA,1953.47279392371,1953.47279392371,2162.17126804478,1983.03785849223,1983.03785849223,2186.72132688293,1638.35210698914,2259.54717540128,1.00175465925045,1.0027570212527,1.00235959489848,1.00258263931342,1.00107348100045,1.00258263931342,1.00258263931342,NA,1.00162284827371,1.00162284827371,1.0012674353946,1.00157341712166,1.00157341712166,1.00122283956851,1.00260824904885,1.0001736258075
"TARGET.30.PASNZU.01A",0.120406842169891,0.625409708941935,0.254183448888174,0.287361096829752,17.0850740623393,0.287361096829752,0.712638903170248,0.5,0.0125356504096964,0.0125356504096964,0.015215384668601,0.110957826025694,0.110957826025694,0.122691290741294,0.436297333791045,316.645920382399,0.000794120881399428,0.00271647110939748,0.00198518431102074,0.00134921217284629,0.102824317300455,0.00134921217284629,0.00134921217284628,NA,0.000137457031796008,0.000137457031796008,0.000120842081652938,0.000554581972920969,0.000554581972920969,0.00045481284630675,0.00397979604965866,0.0556276969062825,0.0263065568423089,0.0728289554298264,0.0532528396215243,0.0349578493079823,3.08400853422289,0.0349578493079823,0.0349578493079823,0,0.00365146961117994,0.00365146961117994,0.00333270167326846,0.0149679410158999,0.0149679410158999,0.0127378226692038,0.10087504556095,1.76408302661298,0.0773016425292638,0.416146544901507,0.187014640813168,0.246996308854991,10.2583208561707,0.246996308854991,0.614881740438714,0.5,0.00871255082426245,0.00871255082426245,0.0112820813612418,0.093341045763707,0.093341045763707,0.106217142499092,0.340602010154387,312.433430460385,0.103667921763466,0.602773089289728,0.22166217954419,0.264658719262625,15.2442392704359,0.264658719262625,0.703040320662575,0.5,0.0101739997429304,0.0101739997429304,0.0129896779761373,0.100866246797011,0.100866246797011,0.113972268451839,0.376785690041182,315.631186903276,0.117574007637956,0.639117239779857,0.242911480397509,0.276911176852842,17.5850610838966,0.276911176852842,0.723088823147158,0.5,0.0112987565944649,0.0112987565944649,0.0142166125444366,0.10629560947838,0.10629560947838,0.119233437191236,0.403519048095287,317.006276006663,0.133301853284325,0.670470811745148,0.269275062535369,0.296959679337425,19.2460506307667,0.296959679337425,0.735341280737375,0.5,0.013444098447888,0.013444098447888,0.0163996376315565,0.115948687362988,0.115948687362988,0.128061069929517,0.450601757579374,318.011361767719,0.185725409817888,0.722534351366043,0.404831429640494,0.385118259561286,22.1590318351462,0.385118259561286,0.753003691145008,0.5,0.0230247350705989,0.0230247350705989,0.0243704601866384,0.151739036067506,0.151739036067506,0.156110410243731,0.735352430113633,318.934749862899,1097.37430169294,718.78330443721,719.587934750814,671.318955548054,899.579340440367,671.318955548054,671.318955548057,NA,705.669680247455,705.669680247455,760.600283996318,728.438060384067,728.438060384067,784.377181725743,642.459646721013,1005.67089939583,1.00132361169854,1.00302462207947,1.00355390308455,1.00387882625922,1.00281133631024,1.00387882625922,1.00387882625922,NA,1.00395672943978,1.00395672943978,1.00366070780395,1.00367755283627,1.00367755283627,1.00344030659106,1.00459403752564,1.00381545705728
"TARGET.30.PASPBZ.01A",0.469474833622467,0.418333922865195,0.112191243512339,0.273325581669686,23.8454195964452,0.273325581669686,0.726674418330314,0.5,0.0084177112324145,0.0084177112324145,0.0105876892180386,0.0916058111376859,0.0916058111376859,0.102767496740025,0.395838535304917,309.165342863724,0.000485854352864089,0.00058554795331745,0.000175153752036033,0.000161396717440033,0.0411289988969325,0.000161396717440033,0.00016139671744004,NA,1.85513698279398e-05,1.85513698279398e-05,1.98316527371796e-05,9.80614885957e-05,9.80614885957e-05,9.40795759660191e-05,0.000363906429632372,0.0303789597851914,0.0243992343088623,0.0281094535513064,0.012660405975206,0.00768249650817824,2.32003564601831,0.00768249650817824,0.00768249650817824,0,0.000955058598146004,0.000955058598146004,0.00107542597641262,0.00510782335770886,0.00510782335770886,0.00515113080752476,0.0171576744025674,1.48052971071694,0.424795557409469,0.357993995797466,0.0890612012017379,0.260053610474723,19.1693251415213,0.260053610474723,0.709284976635697,0.5,0.0069189131231207,0.0069189131231207,0.00885325265361837,0.0831800043362894,0.0831800043362894,0.0940917246730649,0.367096288521098,305.398188957727,0.452733031357232,0.400773152638863,0.103506390404086,0.26810938460197,22.3332213746182,0.26810938460197,0.722216024624532,0.5,0.00773962196036052,0.00773962196036052,0.0098341123717632,0.0879751212579792,0.0879751212579792,0.0991670931892208,0.384171161663384,308.411053778206,0.46846878632299,0.419715248387722,0.111902121135624,0.272659580644317,23.892615946153,0.272659580644317,0.727340419355683,0.5,0.00828726919563923,0.00828726919563923,0.010463483820373,0.0910344396125281,0.0910344396125281,0.102291171742276,0.394079779773169,309.516659412639,0.484761220927169,0.437347491330125,0.120282760848009,0.277783975375468,25.4217147990359,0.277783975375468,0.73189061539803,0.5,0.00893814475729389,0.00893814475729389,0.0111940859728669,0.0945417619746501,0.0945417619746501,0.105802107594981,0.405479052902975,310.248753822686,0.520688685432452,0.470275614087892,0.138749338221425,0.290715023364303,28.2382091610226,0.290715023364303,0.739946389525277,0.5,0.0106353683669958,0.0106353683669958,0.0130416693417442,0.103127922342305,0.103127922342305,0.114200128466403,0.435455625320311,311.00531143378,2521.97164390689,2304.51676212315,5224.64004188658,2265.76752534338,3181.94770605992,2265.76752534338,2265.76752534318,NA,2650.37954387663,2650.37954387663,2940.64925120577,2713.1560679765,2713.1560679765,2997.8814465781,2222.98937145534,2375.13585707888,1.00202302247357,1.00213761981954,1.00021183802073,1.00220534809564,1.00077165265651,1.00220534809564,1.00220534809564,NA,1.00111746892018,1.00111746892018,1.00085496294174,1.00106902600443,1.00106902600443,1.00083138145682,1.00226961810626,1.00027976046204
"TARGET.30.PASREY.01A",0.0972196233644974,0.368257626058407,0.534522750577096,0.369537577410029,25.5980755958645,0.369537577410029,0.630462422589971,0.5,0.00925844292268186,0.00925844292268186,0.00992746377838212,0.0959889319063512,0.0959889319063512,0.0994366484695794,0.674432996710648,605.535117403196,0.000415657770643073,0.00160235213132769,0.00129035425269895,0.000307425756078111,0.0743909306384323,0.000307425756078111,0.000307425756078115,NA,2.79813387709919e-05,2.79813387709919e-05,2.70118608347516e-05,0.000147460395946011,0.000147460395946011,0.000137337090518115,0.00117885511707744,0.027132114289159,0.0211745993161527,0.0708713865515395,0.0586358925875663,0.0134427600310951,3.34532324835005,0.0134427600310951,0.0134427600310951,0,0.00127901596993487,0.00127901596993487,0.00125257781321396,0.00667633476096444,0.00667633476096444,0.00631044350514035,0.0518344512587567,1.40919214582736,0.0599494796793691,0.21869471623476,0.429796335298326,0.342641044611234,20.1303299533744,0.342641044611234,0.605322096347111,0.5,0.00681387588249757,0.00681387588249757,0.00751221885142591,0.0825462045308772,0.0825462045308772,0.0866730572389342,0.578039283818619,601.916402610644,0.08225677729996,0.321839750285534,0.492642598404177,0.360148189056232,23.2020051336745,0.360148189056232,0.62090364450473,0.5,0.00837163342842783,0.00837163342842783,0.00906509950626316,0.0914966306941343,0.0914966306941343,0.0952108161192942,0.637012364842375,604.832787514468,0.095521087098957,0.372208060483554,0.531640739690706,0.369919162023946,25.2106143557435,0.369919162023946,0.630080837976054,0.5,0.00924897033548362,0.00924897033548362,0.00991645806306003,0.0961715671849261,0.0961715671849261,0.0995814142449943,0.673226005379742,605.872913461861,0.110479353284862,0.419993772269868,0.573099751304928,0.37909635549527,27.5782962829084,0.37909635549527,0.639851810943768,0.5,0.0101279504620854,0.0101279504620854,0.0107749308120067,0.100637718883535,0.100637718883535,0.103802364191974,0.709807098393463,606.584627325552,0.143161245255706,0.493272982251563,0.656706397191942,0.394677903652889,33.2791156623631,0.394677903652889,0.657358955388766,0.5,0.0118031963789614,0.0118031963789614,0.0124190711521936,0.108642516442448,0.108642516442448,0.111440886357266,0.778792430162147,607.253898148917,2595.12686789491,1956.25711446951,2064.94822163317,1912.0374419102,2022.25628449458,1912.0374419102,1912.03744191016,NA,2089.36807858525,2089.36807858525,2150.30677126874,2049.86574471268,2049.86574471268,2111.27147841129,1933.37520496516,2697.57266609782,1.00100979163473,1.00175282005603,1.00171477580875,1.00125226892597,1.00117087500843,1.00125226892597,1.00125226892597,NA,1.00129334797539,1.00129334797539,1.00125797843492,1.00127287779075,1.00127287779075,1.00123939721892,1.00126847786356,1.00012471381638
"TARGET.30.PASRFS.01A",0.40570237294013,0.408217260616773,0.186080366443097,0.298494056346609,19.2476191133294,0.298494056346609,0.701505943653391,0.5,0.0110470966463749,0.0110470966463749,0.0131748209392284,0.104860790610802,0.104860790610802,0.114575558229928,0.455360440027376,271.497384055997,0.00082581780280416,0.00123733160049644,0.000461565477395651,0.000315746948971494,0.0497888030872125,0.000315746948971494,0.000315746948971493,NA,3.60478957871286e-05,3.60478957871286e-05,3.56309368740498e-05,0.000168257359706591,0.000168257359706591,0.000152987102067666,0.000806242972304914,0.0314843830652429,0.034167267372241,0.0495795686591568,0.023438513123099,0.012370898513676,2.28045290971425,0.012370898513676,0.012370898513676,0,0.00152480952881815,0.00152480952881815,0.00159278304974659,0.00716363410281805,0.00716363410281805,0.0068751948384628,0.0312882522531797,1.48389219010627,0.346256615711371,0.299149066036868,0.144597219578316,0.277497344222419,15.061253490834,0.277497344222419,0.67486218807446,0.5,0.00855885549815416,0.00855885549815416,0.0104822107178212,0.0925140827017311,0.0925140827017311,0.102382667820396,0.404834530405785,267.698736124429,0.381991790019864,0.378799269504142,0.170167164867388,0.289561788075858,17.6509007159288,0.289561788075858,0.693526201971136,0.5,0.00993364690604131,0.00993364690604131,0.0120218848367191,0.0996676823527458,0.0996676823527458,0.109644356145216,0.432708009238289,270.766952762297,0.403520032774088,0.412488864328597,0.184670153424416,0.297271691849372,19.1794392250188,0.297271691849372,0.702728308150628,0.5,0.0108779296712096,0.0108779296712096,0.0130347919556507,0.104297313825435,0.104297313825435,0.114170013374932,0.451370699655029,271.817634378192,0.426222403782496,0.44249378325505,0.200618438177794,0.306473798028864,20.7954080063294,0.306473798028864,0.710438211924142,0.5,0.0119694530162449,0.0119694530162449,0.0141635831525771,0.109404995385643,0.109404995385643,0.11901085308687,0.474597592243717,272.588316590341,0.48074003644808,0.492474886495217,0.236343887402616,0.325137811925539,23.8499312112589,0.325137811925539,0.722502655777581,0.5,0.0144187195016468,0.0144187195016468,0.0165988840626315,0.120077972579713,0.120077972579713,0.128836656483298,0.525304967845447,273.36194204422,1711.7960120911,1605.58491429685,2578.65640740366,1535.05578557232,2097.87131770365,1535.05578557232,1535.05578557233,NA,1789.25136361531,1789.25136361531,1998.29115975114,1812.66959933434,1812.66959933434,2019.57685209635,1506.01994851767,2221.33634606341,1.000827708767,1.00092807923488,1.00058785568291,1.00061178833775,0.999930127380573,1.00061178833775,1.00061178833775,NA,1.00009034717821,1.00009034717821,0.999987227527701,1.00006449912779,1.00006449912779,0.999969851108188,1.00062437702683,1.00089206003527
"TARGET.30.PASSRN.01A",0.25109788581387,0.389264820660756,0.359637293525375,0.262626744982163,20.3445620649924,0.262626744982163,0.737373255017836,0.5,0.00959948442099526,0.00959948442099526,0.0123870203948406,0.0978537741893104,0.0978537741893104,0.11118485206297,0.372785111261425,164.387161712978,0.000355915273180608,0.000647023601389097,0.000365730527300872,0.000159023313808994,0.0301022416278271,0.000159023313808994,0.000159023313808994,NA,1.75913842944431e-05,1.75913842944431e-05,1.89731546719698e-05,8.82169096536454e-05,8.82169096536454e-05,8.42550312035536e-05,0.000340089418513149,0.0281755386168184,0.0198656125909363,0.0321883147492809,0.0222035206915023,0.00815461170825715,1.80941127361178,0.00815461170825715,0.00815461170825715,0,0.000971815540425172,0.000971815540425172,0.001119099783298,0.00491185440459211,0.00491185440459211,0.00499521627152763,0.0173095501090202,1.44259358607012,0.213870165980803,0.322182494865874,0.31812836721623,0.247575732803473,16.8991183558547,0.247575732803473,0.719800493113338,0.5,0.00799386706333763,0.00799386706333763,0.010461343484538,0.0894084283671472,0.0894084283671472,0.102280709246139,0.341748413431163,160.78774789365,0.237491737675048,0.369170433123214,0.34463743075512,0.25709341380003,19.1010391276936,0.25709341380003,0.732236126373312,0.5,0.0089094815090109,0.0089094815090109,0.0115967105259137,0.0943900498398236,0.0943900498398236,0.107688024059779,0.360965573960858,163.657837862058,0.250533663380883,0.390199353804896,0.358771230655546,0.262268439970867,20.326193508608,0.262268439970867,0.737731560029133,0.5,0.00950113076804561,0.00950113076804561,0.012299400767638,0.0974737439896652,0.0974737439896652,0.110902663480684,0.371732980172909,164.695861546451,0.263724431862176,0.411257379423649,0.374092467724873,0.267763873626688,21.5578374093745,0.267763873626688,0.74290658619997,0.5,0.0101903855886385,0.0101903855886385,0.0130882931791167,0.100947439673434,0.100947439673434,0.114404078499972,0.383426729189503,165.465223398905,0.29220710651181,0.448816464078119,0.404867317436156,0.280199506886662,23.8975042193335,0.280199506886662,0.752424267196527,0.5,0.0117398474585075,0.0117398474585075,0.0147936711689377,0.108350576629712,0.108350576629712,0.121629236489077,0.410943906680609,166.203429542402,3115.37746131919,2474.89189514069,3685.7108657119,2629.57144058463,3613.07443515274,2629.57144058463,2629.57144058463,NA,3051.88136229409,3051.88136229409,3479.03284570697,3100.18271520638,3100.18271520638,3514.93181406945,2590.51028849977,2621.46183850059,1.0013986830017,1.00242315126408,1.00129333549266,1.00214784538547,1.00079909895588,1.00214784538547,1.00214784538547,NA,1.00148299880001,1.00148299880001,1.00097845337747,1.00140222810829,1.00140222810829,1.00093365887031,1.00223376235752,0.999997121043205
"TARGET.30.PASSRS.01A",0.277032026556931,0.397032187160859,0.32593578628221,0.25603061305659,19.0159621920633,0.25603061305659,0.74396938694341,0.5,0.0101045384194585,0.0101045384194585,0.0132555605276097,0.100389053066687,0.100389053066687,0.115013005055676,0.359084678165415,134.334983837581,0.000378643152674469,0.000661666629809511,0.000365374804779789,0.000174631435188667,0.031128745322792,0.000174631435188667,0.000174631435188669,NA,2.13934126236686e-05,2.13934126236686e-05,2.29481818881714e-05,0.000104113148857124,0.000104113148857124,9.8028265102211e-05,0.00036529612873878,0.0271336384189744,0.0202613800736195,0.0323275042709222,0.0220331301994813,0.00842595903906442,1.71000324210482,0.00842595903906442,0.00842595903906442,0,0.00104928938991618,0.00104928938991618,0.00121919728077839,0.00515555683734992,0.00515555683734992,0.00525096584001036,0.0174392038198499,1.46612957162393,0.239051571125131,0.329740810801636,0.284835313345737,0.241048032830066,15.692935108847,0.241048032830066,0.726125716697174,0.5,0.00837176671277044,0.00837176671277044,0.0111829260780451,0.0914973590313175,0.0914973590313175,0.105749354976386,0.32898275443411,130.61729535979,0.263290162970925,0.377465699763173,0.310950081524884,0.25028405148705,17.8876354212153,0.25028405148705,0.73880283175705,0.5,0.00936682136804356,0.00936682136804356,0.0123891997445067,0.096782340166021,0.096782340166021,0.111306782112811,0.347142016258013,133.614597401096,0.276379396676009,0.397906109114412,0.325240590100136,0.255544608135102,19.0064850998293,0.255544608135102,0.744455391864898,0.5,0.00999127918945845,0.00999127918945845,0.0131534052047871,0.0999563864364465,0.0999563864364465,0.114688295847061,0.357787626263482,134.678224966654,0.29012154943894,0.418786592368616,0.340349559119039,0.26119716824295,20.1788658808908,0.26119716824295,0.74971594851295,0.5,0.010710526938435,0.010710526938435,0.0139761345819805,0.103491675682849,0.103491675682849,0.118220702848428,0.369484929347603,135.409518387395,0.318650850487291,0.455947871818445,0.370628917432218,0.273874283302826,22.35550859107,0.273874283302826,0.758951967169934,0.5,0.0124555405505612,0.0124555405505612,0.015930735662176,0.111604393033978,0.111604393033978,0.126217018054292,0.396758492619187,136.137728743847,2863.37238143867,2387.07404763161,3636.42980759741,2328.05824018403,3017.66228415725,2328.05824018403,2328.05824018399,NA,2405.63884293827,2405.63884293827,2822.61343164385,2452.11026138035,2452.11026138035,2869.2986423183,2279.09887886749,2919.6355317264,1.00133549105881,1.00159294185033,1.00083362791346,1.00174365043674,1.00067586337889,1.00174365043674,1.00174365043674,NA,1.00099596574282,1.00099596574282,1.00079214186983,1.00096684655403,1.00096684655403,1.00076265804309,1.00175176826324,0.999776195708083
"TARGET.30.PASSWW.01A",0.308596621752263,0.566062415521109,0.125340962726629,0.276816134308705,16.4486733060419,0.276816134308705,0.723183865691295,0.5,0.0126468192178202,0.0126468192178202,0.0157072048169369,0.111648270842603,0.111648270842603,0.124776164008074,0.407570580876376,257.542483415126,0.00187640652841932,0.00251443628359165,0.00066844088999248,0.00110016302608738,0.0956168287360832,0.00110016302608738,0.00110016302608738,NA,0.000125917202949345,0.000125917202949345,0.000114286206641182,0.000516785576406356,0.000516785576406356,0.000429631624523258,0.00279344863737353,0.0515464343216127,0.0485736608538268,0.0647831698881135,0.0229596027276989,0.0271985885260304,2.78662981075026,0.0271985885260304,0.0271985885260304,0,0.00323175865298458,0.00323175865298458,0.00308152848146987,0.0134723985937006,0.0134723985937006,0.0117529136276742,0.0677785580089194,1.71482013075114,0.242294604429113,0.384184545256613,0.0884070040293485,0.242507621039142,10.5203656622615,0.242507621039142,0.652243931853589,0.5,0.00893233117620866,0.00893233117620866,0.0118093498785863,0.0945110108721515,0.0945110108721515,0.108670832689076,0.331808987516248,253.334169692334,0.276906769142932,0.542017690684786,0.110659505676832,0.258043197436967,14.6477470714421,0.258043197436967,0.712438131523766,0.5,0.0104070553575099,0.0104070553575099,0.0135388273097964,0.102014976142417,0.102014976142417,0.116356466555239,0.36292444500304,256.612651664872,0.298893494854031,0.579593272743761,0.122438939104076,0.269447193692182,16.7815909956259,0.269447193692182,0.730552806307818,0.5,0.0116814583136091,0.0116814583136091,0.014897276450035,0.108080795300973,0.108080795300973,0.122054399531809,0.387064083845081,257.919456167242,0.326131355053633,0.607753318242407,0.136456508937634,0.287561868476234,18.4654102103548,0.287561868476234,0.741956802563033,0.5,0.0138416181388949,0.0138416181388949,0.0170674711131694,0.117650406454351,0.117650406454351,0.130642531791587,0.427978649202982,258.848905092683,0.442666940614826,0.654362836733661,0.1820890839216,0.347756068146411,21.1696666350025,0.347756068146411,0.757492378960858,0.5,0.0213543752488452,0.0213543752488452,0.0237634325855407,0.146131362986311,0.146131362986311,0.154153924961436,0.594562025056768,259.721336382284,670.11262758066,663.808973730157,1179.78459407725,611.193382264202,849.356248883866,611.193382264202,611.193382264201,NA,658.730397499554,658.730397499554,727.017284787933,679.624582013714,679.624582013714,748.339390406124,588.712515994902,1106.72542934551,1.01115191769271,1.01115268179467,1.00576727450846,1.01178937363352,1.00770796241802,1.01178937363352,1.01178937363352,NA,1.01033294069174,1.01033294069174,1.00898492549823,1.0100732590774,1.0100732590774,1.00876342377025,1.01204616263087,1.00395168211436
"TARGET.30.PASTCN.01A",0.458490007707712,0.37333025024253,0.168179742049758,0.285891567240797,21.4299678416293,0.285891567240797,0.714108432759203,0.5,0.00963682314598126,0.00963682314598126,0.011792439163796,0.098003039940381,0.098003039940381,0.108444771780766,0.424470731072816,270.693406364992,0.000547057968361177,0.000769393800056672,0.000275937015300544,0.000182725037175149,0.0396883492757149,0.000182725037175149,0.000182725037175148,NA,2.21930300695657e-05,2.21930300695657e-05,2.31518806126155e-05,0.000110480590572249,0.000110480590572249,0.000104695306332384,0.000435867807267019,0.0274747401178268,0.026453688327625,0.0351274092864816,0.0177595395440649,0.00858124467392675,2.2040191142933,0.00858124467392675,0.00858124467392674,0,0.00112946115174631,0.00112946115174631,0.00124445482760421,0.00567726495264396,0.00567726495264396,0.00567227106598153,0.0202855707047255,1.425858560838,0.410787990721226,0.296114054731996,0.134262761729091,0.270904938653281,17.1958236257992,0.270904938653281,0.695263842385548,0.5,0.00775903332849509,0.00775903332849509,0.0096758652835056,0.0880853752148873,0.0880853752148873,0.0983659762419208,0.390235533030891,267.12331653796,0.440201392369092,0.352102086088616,0.156083466864566,0.279936792380016,19.8941204617397,0.279936792380016,0.708792371875013,0.5,0.0088516223481723,0.0088516223481723,0.0109158011683262,0.0940830608964699,0.0940830608964699,0.104478711548889,0.410346642995821,269.948196810296,0.45700977220306,0.375760444014593,0.167578839518313,0.285222106118807,21.4447515638398,0.285222106118807,0.714777893881193,0.5,0.00950600278720326,0.00950600278720326,0.0116578641291885,0.0974987322281319,0.0974987322281319,0.107971589453006,0.422501828004221,271.016756825936,0.474772488918667,0.397298539695901,0.179656198672277,0.291207628124987,22.9025791395517,0.291207628124987,0.720063207619985,0.5,0.0103092906026593,0.0103092906026593,0.0125665269034488,0.101534676843073,0.101534676843073,0.112100521423463,0.436633888126545,271.75006221374,0.515882896402208,0.436330776323225,0.205153150418999,0.304736157614452,25.8374825225284,0.304736157614452,0.729095061346719,0.5,0.0121629285458329,0.0121629285458329,0.0145384138850067,0.110285667775926,0.110285667775926,0.120575345203603,0.47012820835991,272.500286952421,2338.32982132907,2084.4662950626,4142.31840295502,2205.48674615154,3083.93091882446,2205.48674615154,2205.48674615156,NA,2590.05742100743,2590.05742100743,2889.25401257017,2640.62269448156,2640.62269448156,2935.34754771936,2166.03202563782,2693.3060623845,1.00056233976572,1.00102648985096,1.00048435625904,1.0008930287615,1.00109481372764,1.0008930287615,1.0008930287615,NA,1.00125780277612,1.00125780277612,1.00116292377471,1.00124685775498,1.00124685775498,1.00115051579769,1.00090668265546,1.00069452799955
"TARGET.30.PASTKC.01A",0.267097680253985,0.448540975970368,0.284361343775648,0.286487779662532,21.6607033030213,0.286487779662532,0.713512220337468,0.5,0.00956063840151198,0.00956063840151198,0.0116826477212978,0.0975860978156229,0.0975860978156229,0.107919375210911,0.426095154691947,251.640233025583,0.000542781041283227,0.000919597342751519,0.000427310123169818,0.000250445247935038,0.0440152214981284,0.000250445247935038,0.000250445247935034,NA,2.64981415129298e-05,2.64981415129298e-05,2.63851312191422e-05,0.000130888389824545,0.000130888389824545,0.000118598386047765,0.000607832564273723,0.0296807633539305,0.0249199214559139,0.0399809811934373,0.0236042507660362,0.0106702591682695,2.35213962649986,0.0106702591682695,0.0106702591682695,0,0.001220809064106,0.001220809064106,0.00131550225851775,0.00613160779962626,0.00613160779962626,0.00600505478491002,0.025411403029439,1.48623649645197,0.221895698923524,0.360949421662653,0.241455599938753,0.268472265750044,17.0606002547298,0.268472265750044,0.689998468220261,0.5,0.00762644000876718,0.00762644000876718,0.00953558264857119,0.087329491057413,0.087329491057413,0.0976503079790168,0.384954214853469,247.871969155713,0.249878432989219,0.424830090788328,0.268320634334539,0.278870967794321,20.0517685367079,0.278870967794321,0.707177605956432,0.5,0.00870146188726411,0.00870146188726411,0.0107642822339086,0.093281626738444,0.093281626738444,0.103751058947649,0.407930855574562,250.872751800279,0.265731865737642,0.451336694150738,0.283245987857651,0.285564616373144,21.6723986712675,0.285564616373144,0.714435383626856,0.5,0.00940718258932785,0.00940718258932785,0.0115354097996784,0.096990631445057,0.096990631445057,0.107403025094755,0.42329982363689,251.962366027857,0.282371724157899,0.476043211754439,0.298896763701121,0.292822394043568,23.2249577514146,0.292822394043568,0.721129032205679,0.5,0.010268530960755,0.010268530960755,0.0124677282069921,0.101333760221938,0.101333760221938,0.11165898174658,0.440515836945488,252.754078516399,0.320608138110523,0.519647665822387,0.334467297518782,0.310001531779739,26.2175903908447,0.310001531779739,0.731527734249956,0.5,0.0123630416010406,0.0123630416010406,0.0146536462098251,0.111189215308832,0.111189215308832,0.121052245770221,0.483796044149789,253.505139294697,2107.87085309601,1890.21620008446,3051.3644103724,1815.1994234405,2855.7515005536,1815.1994234405,1815.19942344057,NA,2122.58289454449,2122.58289454449,2485.79138960808,2194.555081685,2194.555081685,2563.75422962712,1747.79044830571,2507.41206328979,1.00190098350882,1.00227305208977,1.00114943056182,1.0032903165556,1.00378261532298,1.0032903165556,1.0032903165556,NA,1.00413938226848,1.00413938226848,1.00385660899839,1.00412582170666,1.00412582170666,1.00385427333437,1.00338269613855,1.00114713023502
"TARGET.30.PASUCB.01A",0.339999715960184,0.437259129795173,0.222741154244643,0.254915066756863,16.1345918139876,0.254915066756863,0.745084933243137,0.5,0.0118945118457834,0.0118945118457834,0.0156453710381258,0.108881957487811,0.108881957487811,0.124928681685275,0.35700009670323,125.212221754836,0.000492081497134436,0.000795343001351365,0.000365104210151366,0.00022216778738306,0.0289070732955893,0.00022216778738306,0.000222167787383061,NA,2.77053577857531e-05,2.77053577857531e-05,2.91070697238493e-05,0.000124551607074233,0.000124551607074233,0.000114840650662698,0.000462530522035903,0.0275501961967654,0.0255801210329959,0.0385892507091765,0.0215593523304965,0.0108607306092063,1.57555239246146,0.0108607306092063,0.0108607306092063,0,0.00138446015705743,0.00138446015705743,0.00155885538479001,0.00626387132022711,0.00626387132022711,0.00618063957397165,0.0224201990085797,1.44429523090115,0.292558025825937,0.353812488747896,0.182754635304725,0.235715255079508,13.0709702600178,0.235715255079508,0.721592215685781,0.5,0.00960785063777909,0.00960785063777909,0.0129789692159915,0.0980196441111057,0.0980196441111057,0.113925279090721,0.318790498902913,121.564042162632,0.322851891613612,0.414067158063173,0.208246507515417,0.247286783671561,15.0570862614874,0.247286783671561,0.738301469437543,0.5,0.0109179858714739,0.0109179858714739,0.0145518374112933,0.104489166286778,0.104489166286778,0.12063099689044,0.341176392464396,124.509399229386,0.33896934715829,0.439205350286296,0.221820197139341,0.254262868455664,16.1297985867149,0.254262868455664,0.745737131544336,0.5,0.011724526309869,0.011724526309869,0.0154992635933146,0.108279851817871,0.108279851817871,0.124496038464181,0.355172852426194,125.54737528985,0.356670427483131,0.463793155543977,0.236325717523867,0.261698530562457,17.1799610570936,0.261698530562457,0.752713216328439,0.5,0.0127183364745191,0.0127183364745191,0.0166034779682985,0.112775602293245,0.112775602293245,0.12885448369437,0.370535774000942,126.271079681666,0.392899438883799,0.506445382658022,0.267293368624867,0.278407784314219,19.2619302694031,0.278407784314219,0.764284744920492,0.5,0.0150036804002574,0.0150036804002574,0.0191263536746838,0.12248951135661,0.12248951135661,0.138298060989489,0.406884635969189,126.997688198749,2702.28480609299,2354.09380347445,3486.88591285682,2389.76889142836,2970.69080348247,2389.76889142836,2389.76889142833,NA,2497.08541305536,2497.08541305536,2868.23468007347,2529.22219104384,2529.22219104384,2896.5134380898,2349.622719166,2748.29003022873,1.00068857821451,1.00096543642988,1.00046664356557,1.0006017610876,0.99987787667668,1.0006017610876,1.0006017610876,NA,0.999955180131275,0.999955180131275,0.999795073581831,0.999959912657916,0.999959912657916,0.999805120466672,1.00060222101705,1.00049808389585
"TARGET.30.PASUML.01A",0.243242761460143,0.554971570373228,0.201785668166629,0.414342396579287,13.3393553748243,0.414342396579287,0.585657603420713,0.5,0.0189521447479322,0.0189521447479322,0.0196276084471354,0.136641591715024,0.136641591715024,0.139391749775249,1.072863494224,437.1924661865,0.00186640149888066,0.00307777560956547,0.00151352925550602,0.00192759454609992,0.111935304771769,0.00192759454609992,0.00192759454609992,NA,0.000140928394332269,0.000140928394332269,0.000120460130306112,0.000561262771756778,0.000561262771756778,0.000462846349890895,0.0161045427755128,0.0455035630988501,0.0753465489202396,0.114850985861436,0.066024315753158,0.0587645097882836,3.26302771298048,0.0587645097882836,0.0587645097882836,0,0.00431022773241112,0.00431022773241112,0.00372919086962931,0.0167706683954921,0.0167706683954921,0.0140560747858218,0.550571303586911,1.74655308093607,0.121349344003884,0.326551436014526,0.0956818429257432,0.293351559836891,10.1810264440322,0.293351559836891,0.503088882898958,0.5,0.00927729198028772,0.00927729198028772,0.0110908051845479,0.0963186999512119,0.0963186999512119,0.105312891807828,0.441794553662457,432.95810924426,0.185977189282048,0.471050019953637,0.152078779129588,0.376813193268272,11.0936884246736,0.376813193268272,0.536983004096388,0.5,0.0164121088306638,0.0164121088306638,0.0173939047721889,0.128109753057251,0.128109753057251,0.131885953595451,0.700453071050425,436.289271334959,0.236706339160537,0.558617893871403,0.194344162582409,0.422708411756539,12.123853011465,0.422708411756539,0.577291588243461,0.5,0.0201269107719896,0.0201269107719896,0.0206205073756718,0.14186934401735,0.14186934401735,0.143598423969438,0.933511484231797,437.569505655962,0.2917959172031,0.643452089430193,0.242948806245198,0.463016995903612,14.3728509623116,0.463016995903612,0.623186806731728,0.5,0.0223943645120379,0.0223943645120379,0.0225353363499941,0.149647467438702,0.149647467438702,0.15011774162211,1.30207482298861,438.49806649488,0.408529842024328,0.755350409687542,0.345824548116353,0.496911117101041,22.5411948155752,0.496911117101041,0.706648440163109,0.5,0.0244910669728068,0.0244910669728068,0.0245554809091276,0.15649622029007,0.15649622029007,0.156701885429934,2.54339930992879,439.420017349989,1629.73345697945,1392.50110207665,1902.94474542514,929.391845328744,849.781657065446,929.391845328744,929.391845328749,NA,935.413053475769,935.413053475769,958.390648056397,892.828963109509,892.828963109509,922.262249137136,1168.77346978351,1473.23751254816,1.00110318476498,1.00123074834037,1.00106755448964,1.002494225144,1.00393232220017,1.002494225144,1.002494225144,NA,1.00307581725082,1.00307581725082,1.00307219264505,1.00335402922659,1.00335402922659,1.00329357888647,1.00141377260234,1.00093669000837
"TARGET.30.PASUYG.01A",0.244877710585913,0.388925100431203,0.366197188982884,0.22735263854999,19.0947708984306,0.22735263854999,0.77264736145001,0.5,0.00925632470563818,0.00925632470563818,0.0131730568640183,0.0961234281746753,0.0961234281746753,0.114685481080897,0.303368533231535,74.1375480767168,0.000253516806140255,0.000402017333090842,0.000270689298287124,0.000104860680275797,0.0200003000635741,0.000104860680275797,0.000104860680275798,NA,1.12690137579793e-05,1.12690137579793e-05,1.42066178880177e-05,5.77747245986111e-05,5.77747245986111e-05,6.12837859304247e-05,0.000193234988508045,0.0249473366203832,0.0175744643831132,0.0261708612497316,0.020692056496707,0.00675649004413834,1.48748121641242,0.00675649004413834,0.00675649004413834,0,0.000790071104314668,0.000790071104314668,0.00103985174242861,0.00407594630159713,0.00407594630159713,0.00450553334693365,0.0124279376686496,1.44259103243405,0.211614116240851,0.336581060707339,0.32697432508882,0.214522207451001,16.2199058928961,0.214522207451001,0.758856938782964,0.5,0.00788421809418948,0.00788421809418948,0.0113156681178685,0.0887931196317515,0.0887931196317515,0.106375129222758,0.280221928403002,70.473432541288,0.232891893326031,0.371827704598693,0.352154130797247,0.222783647055621,18.0956740077152,0.222783647055621,0.768256774360713,0.5,0.00871109114422287,0.00871109114422287,0.0124574218555073,0.0933332263671869,0.0933332263671869,0.111612821195327,0.294904919781153,73.4291972837646,0.244718168654427,0.388693124655949,0.365926460974876,0.227189835864699,19.0897641350859,0.227189835864699,0.772810164135301,0.5,0.00919177788048003,0.00919177788048003,0.0130960235152112,0.0958737601248627,0.0958737601248627,0.114437858748938,0.302915957293251,74.4661814326391,0.256493021719239,0.406295812130181,0.379891623960654,0.231743225639287,20.0683578774163,0.231743225639287,0.777216352944379,0.5,0.00973951222048103,0.00973951222048103,0.0138154566623297,0.0986889670655561,0.0986889670655561,0.11753917075565,0.311331731682115,75.1943545037311,0.280153079812276,0.439776042381291,0.408639226519489,0.241143061217036,22.093260199809,0.241143061217036,0.785477792548999,0.5,0.010975925682521,0.010975925682521,0.0154131597137776,0.104766052146486,0.104766052146486,0.124149747131051,0.329166274632788,75.9224291874729,4805.63393855465,4237.85871207837,5843.39357258406,4151.61374030386,5531.33494649095,4151.61374030386,4151.6137403038,NA,4915.41894043478,4915.41894043478,5357.49098280086,4977.15469930916,4977.15469930916,5405.06900739075,4136.43878412966,3343.78297393852,1.00027023613923,1.00078733424901,1.00036583500245,1.00046536894477,1.00069395474446,1.00046536894477,1.00046536894477,NA,1.00089777414917,1.00089777414917,1.00069716901994,1.000871683597,1.000871683597,1.00069557029551,1.00049188438702,0.999991777037007
"TARGET.30.PASVRU.01A",0.112177463937353,0.575937975565475,0.311884560497173,0.276230850317639,17.8265274276929,0.276230850317639,0.723769149682361,0.5,0.0115205362531245,0.0115205362531245,0.0143629674940807,0.106835250684024,0.106835250684024,0.119467902900223,0.404120350737984,286.868229582843,0.000407112169824977,0.00127799594014391,0.000944116337419923,0.000564545326109725,0.0630713370677006,0.000564545326109725,0.00056454532610973,NA,6.56076714556163e-05,6.56076714556163e-05,6.23128415080687e-05,0.0002818837155978,0.0002818837155978,0.000245318036375584,0.00141853362073388,0.0473003259083126,0.0196500015781671,0.0479160726255901,0.035974531817482,0.0195031165256097,2.62036420161691,0.0195031165256097,0.0195031165256097,0,0.00234727229457016,0.00234727229457016,0.00236552446381568,0.0103333833644979,0.0103333833644979,0.00950783732375413,0.0475136937834684,1.67596957538196,0.075645293362752,0.457782870018774,0.255205855233096,0.249573545146798,12.2535795791678,0.249573545146798,0.670910017230848,0.5,0.00855748520273988,0.00855748520273988,0.0110984975701378,0.0925066765177534,0.0925066765177534,0.105349407070181,0.345721407221097,282.537850274356,0.0995006463936141,0.553276042649401,0.288880475514695,0.263574472222458,16.1139696345899,0.263574472222458,0.71599926576633,0.5,0.0099309637572016,0.0099309637572016,0.0127108821901935,0.0996542209609586,0.0996542209609586,0.112742548269019,0.374487416673022,286.007820891664,0.111444524283708,0.58097935208067,0.30738700667933,0.272324973949185,18.0078589995828,0.272324973949185,0.727675026050815,0.5,0.0109747729728922,0.0109747729728922,0.0138828274944043,0.104760550651775,0.104760550651775,0.117825411070455,0.393344405339899,287.276132106545,0.123865151620055,0.606230274185564,0.328213180032147,0.28400073423367,19.6681863822943,0.28400073423367,0.736425527777542,0.5,0.0125050961593462,0.0125050961593462,0.015514488715794,0.111826187263225,0.111826187263225,0.124557170467318,0.419666545350675,288.124770989941,0.153396107041229,0.652815244840924,0.401498105220693,0.329089982769152,22.5255714504621,0.329089982769152,0.750426454853202,0.5,0.0178957095039639,0.0178957095039639,0.0204022015330097,0.133774846293415,0.133774846293415,0.142836275264655,0.536735447738827,288.951683186586,2329.68395844732,1405.73507310393,1451.9085922942,1193.46695504946,1726.07331972793,1193.46695504946,1193.46695504944,NA,1280.02277593125,1280.02277593125,1441.11877402191,1343.83240319875,1343.83240319875,1502.11964320255,1121.91078218357,1255.46322129831,1.00000251845251,1.00132937780866,1.00175846730995,1.00408348085113,1.00298907065968,1.00408348085113,1.00408348085113,NA,1.00408908875323,1.00408908875323,1.00355564574665,1.00390226144137,1.00390226144137,1.00342516846728,1.00440982053004,1.00278334817519
"TARGET.30.PASWFB.01A",0.165456024412052,0.52989368681411,0.304650288773838,0.299666702909969,15.6381443429771,0.299666702909969,0.700333297090031,0.5,0.013835106193309,0.013835106193309,0.0164288059467881,0.116989928101583,0.116989928101583,0.127723906513615,0.461688186544638,270.958205442471,0.000778432606101098,0.00201557125716458,0.00128223281126518,0.000702533940948637,0.0610943808175926,0.000702533940948637,0.00070253394094864,NA,7.86760684871713e-05,7.86760684871713e-05,7.17984483236313e-05,0.000320377651269136,0.000320377651269136,0.000270868654131317,0.00190193876944081,0.0369452729114897,0.0316136182966529,0.0744883997320503,0.0490597702954796,0.0254017193606954,2.51028731925911,0.0254017193606954,0.0254017193606954,0,0.00296307206547972,0.00296307206547972,0.0028213092807382,0.0121852975458168,0.0121852975458168,0.0107435599174288,0.0677196767102242,1.5583436885236,0.114196735691132,0.351679220636388,0.228885544297146,0.260962430526723,10.8147364498062,0.260962430526723,0.643089070456689,0.5,0.009736380223211,0.009736380223211,0.0122544514619745,0.0986730976859446,0.0986730976859446,0.110699825923449,0.368993682215677,267.016872357541,0.143537111210856,0.491075343838985,0.270860229780417,0.280414348463806,13.8579496942782,0.280414348463806,0.684842392246332,0.5,0.0115964721512103,0.0115964721512103,0.0143209080974907,0.107686917261016,0.107686917261016,0.119669996646908,0.411432865028595,270.163636069531,0.161866954035189,0.542848473193718,0.296505217288286,0.295236380842041,15.6292661832107,0.295236380842041,0.704763619157959,0.5,0.0132462455087308,0.0132462455087308,0.015995632694155,0.115092334622491,0.115092334622491,0.126473841863948,0.446375930953531,271.312101365352,0.182424024405395,0.581364743046617,0.330990438294781,0.315157607753668,17.4569935299831,0.315157607753668,0.719585651536194,0.5,0.0154947969468696,0.0154947969468696,0.0180401867403259,0.124478098020744,0.124478098020744,0.134313762267692,0.497552285248264,272.112407342918,0.237891418278898,0.644115984789972,0.422445317803946,0.356910929543311,20.4007499625069,0.356910929543311,0.739037569473277,0.5,0.0210630122844471,0.0210630122844471,0.0231166058962735,0.145131017650442,0.145131017650442,0.152041461080314,0.625570395961901,272.958264040258,1649.32549723099,1365.7807127708,1463.91967949959,1307.34920047968,1688.27943051274,1307.34920047968,1307.34920047967,NA,1418.40132708277,1418.40132708277,1544.08526238581,1446.59796726855,1446.59796726855,1573.18182657207,1267.75896331647,1779.13430911418,1.00018290790881,1.00066324167416,1.00085023988753,1.00138314154427,1.00059963461425,1.00138314154427,1.00138314154427,NA,1.00146184645719,1.00146184645719,1.00128567369265,1.00125495603578,1.00125495603578,1.00110761216721,1.00155734738168,1.002230432043
"TARGET.30.PASWIJ.01A",0.392922685238376,0.473955342735344,0.13312197202628,0.415262678471076,16.3907688129272,0.415262678471076,0.584737321528924,0.5,0.014944098899557,0.014944098899557,0.0153961883241843,0.122071026223283,0.122071026223283,0.123938666608932,0.902500780613607,554.627921921708,0.00158644137057944,0.00212902265512421,0.000775300476894907,0.000478919690184611,0.0340069069084222,0.000478919690184611,0.000478919690184595,NA,3.5663615875113e-05,3.5663615875113e-05,3.1234394943736e-05,0.000146305808844028,0.000146305808844028,0.000125654692558575,0.00284040136158054,0.0298591943498624,0.0781116940491844,0.103058422358591,0.0425243414874509,0.0202747037533662,1.6197598507287,0.0202747037533662,0.0202747037533662,0,0.00158594986435946,0.00158594986435946,0.00146688990614462,0.00653978611666765,0.00653978611666765,0.00594976204085441,0.124842805214187,1.46483018767372,0.248909798416669,0.273215843979143,0.0566204802310951,0.372651239014763,13.799066474951,0.372651239014763,0.547688835877707,0.5,0.0117923815127784,0.0117923815127784,0.0124471603001894,0.108592732219355,0.108592732219355,0.111566842288962,0.683839313135696,550.960729462721,0.337622604316842,0.402420438686468,0.102750592967526,0.402250033172257,15.1988654980263,0.402250033172257,0.570726937349981,0.5,0.0138430983639087,0.0138430983639087,0.0143887060814528,0.117656697063376,0.117656697063376,0.119952932772564,0.816097619685514,553.883529918809,0.390747652697143,0.475664538002246,0.130514811937094,0.416189075684049,16.1991346152903,0.416189075684049,0.583810924315951,0.5,0.0149902562153944,0.0149902562153944,0.0154329231783244,0.122434701842839,0.122434701842839,0.124229316899016,0.893022369053057,554.961135143506,0.445671993221635,0.547925691523471,0.161028251568425,0.429273062650019,17.3747381199097,0.429273062650019,0.597749966827743,0.5,0.0160801725257456,0.0160801725257456,0.0164485961161195,0.126807620140507,0.126807620140507,0.128252080357846,0.977890796058991,555.712714249442,0.548896631075694,0.665439429624341,0.221950882838174,0.452311164122292,20.084902429158,0.452311164122292,0.627348760985237,0.5,0.0178756106948697,0.0178756106948697,0.0181171675967596,0.133699703416124,0.133699703416124,0.134600028219387,1.17495539391883,556.465209522894,2424.28715253375,2343.18411305194,3008.39661873622,1792.18834458361,2268.64736221021,1792.18834458361,1792.18834458373,NA,1977.55313446108,1977.55313446108,2205.61062606165,1998.03895412151,1998.03895412151,2242.03180626851,1931.82424835803,2406.68023761496,1.00057423830974,1.00047546093401,1.00017487420413,1.0014476482361,1.00117859541858,1.0014476482361,1.0014476482361,NA,1.00133669874503,1.00133669874503,1.00122684845803,1.00133006058729,1.00133006058729,1.00121974405409,1.00148724008177,1.00098427704683
"TARGET.30.PASWYR.01A",0.408142331731028,0.495472392100514,0.0963852761684578,0.39486129434664,23.2293939599806,0.39486129434664,0.60513870565336,0.5,0.0104623509939282,0.0104623509939282,0.0109455348818409,0.102026129391646,0.102026129391646,0.104404453610431,0.789053298445068,656.357294964803,0.00178385291357461,0.00222589824730467,0.000621572241824959,0.000456233897931777,0.0651962276802636,0.000456233897931777,0.000456233897931778,NA,3.1748565820395e-05,3.1748565820395e-05,2.94331242906827e-05,0.000156100534633339,0.000156100534633339,0.000141533521267357,0.00227205316911297,0.0330183849184148,0.0761648776407947,0.0962705854763522,0.0335923542643085,0.0199177123848566,3.08708649547679,0.0199177123848566,0.0199177123848566,0,0.00148228158238076,0.00148228158238076,0.00140056659350182,0.00728193268337299,0.00728193268337299,0.00672685695358032,0.0984491661287214,1.51435595897913,0.278895945582448,0.286616621564428,0.03807860629528,0.355896070626905,18.2708124319322,0.355896070626905,0.567542705538436,0.5,0.00768824961572319,0.00768824961572319,0.00829057083303407,0.0876826642483415,0.0876826642483415,0.0910525716305211,0.622036666664659,652.579518511334,0.352512664874614,0.432797889204381,0.0718856420029827,0.380923740383068,20.9737397871479,0.380923740383068,0.591206136123979,0.5,0.00941365727309354,0.00941365727309354,0.00996720333369921,0.0970240035922487,0.0970240035922487,0.0998358819944638,0.717421986922329,655.629504409358,0.402342461651325,0.501841235629113,0.0935944311684695,0.395115610172361,22.867421652166,0.395115610172361,0.604884389827639,0.5,0.0104399038269044,0.0104399038269044,0.01093258365299,0.102175847571117,0.102175847571117,0.10455899603312,0.780874702367132,656.713287768356,0.456351324022818,0.564417769339993,0.118393106302709,0.408793863876021,25.0822614567766,0.408793863876021,0.619076259616932,0.5,0.0114907695783832,0.0114907695783832,0.0119196672862982,0.107195007227293,0.107195007227293,0.109177228789491,0.850742961056913,657.464767807179,0.577610150978002,0.665696565726929,0.167475060501583,0.432457294461564,30.1547395175525,0.432457294461564,0.644103929373095,0.5,0.0133913711652152,0.0133913711652152,0.0136830259538103,0.115721092134731,0.115721092134731,0.116974467060915,1.00092401467121,658.179754296582,1823.01991651262,1870.58139725331,2920.77202577307,1905.91625315157,2242.08803146516,1905.91625315157,1905.91625315157,NA,2179.78270065086,2179.78270065086,2264.30433392253,2176.12850964234,2176.12850964234,2258.94554341078,1877.53094426737,2103.50858812615,1.00169917260245,1.0016508226929,1.00053170734621,1.0003639162393,1.00025877131087,1.0003639162393,1.0003639162393,NA,1.0001304429844,1.0001304429844,1.00017062497121,1.00014219444936,1.00014219444936,1.00018616540393,1.00062098606684,1.00104552605146
"TARGET.30.PASXHE.01A",0.668191305256035,0.289230524044213,0.0425781706997527,0.260784842813939,19.5526213455876,0.260784842813939,0.739215157186061,0.5,0.0099233910722169,0.0099233910722169,0.0128649526864296,0.0995235961561729,0.0995235961561729,0.113336229467551,0.368787491336753,394.186171750259,0.000384306444819782,0.000433282250046852,0.000122412919853801,0.000104539991639058,0.0234427104422684,0.000104539991639058,0.000104539991639046,NA,1.38707951752394e-05,1.38707951752394e-05,1.5641716689447e-05,6.91687143696522e-05,6.91687143696522e-05,6.85629075757642e-05,0.000219740512473141,0.0254926527671286,0.0231880937455237,0.0251933945835571,0.00901758403314869,0.0061376129674055,1.53109602900979,0.0061376129674055,0.0061376129674055,0,0.000859680260959358,0.000859680260959358,0.00101459037935533,0.00429501877274015,0.00429501877274015,0.00445581174314627,0.0128637836762823,1.44368529815346,0.623357904532113,0.239029727151392,0.0263821068513823,0.249228629227651,16.6617276399605,0.249228629227651,0.726653844345999,0.5,0.00838306943026238,0.00838306943026238,0.0110276701506059,0.0915591034549906,0.0915591034549906,0.105012714232935,0.345033223902519,390.509490038229,0.652357879971558,0.272426584347615,0.036278690092467,0.256583445339307,18.4996385735705,0.256583445339307,0.735279401078855,0.5,0.00932331925919616,0.00932331925919616,0.0121586898943488,0.096557336640087,0.096557336640087,0.110266449535827,0.359916953002075,393.467415690415,0.667761150919996,0.289748817088785,0.0421562577850675,0.260709262248837,19.5197860351999,0.260709262248837,0.739290737751163,0.5,0.00987519446460906,0.00987519446460906,0.0128075174368685,0.0993740130218175,0.0993740130218175,0.113170302803975,0.368464404942585,394.51350703954,0.683542008043136,0.306555104109858,0.0483618328193838,0.264720598921145,20.561425800294,0.264720598921145,0.743416554660693,0.5,0.0104626140549492,0.0104626140549492,0.0135137775268531,0.102286920250273,0.102286920250273,0.116248774301978,0.376917174877525,395.266591875259,0.714013464987689,0.338271399514058,0.0613583109845923,0.273346155654001,22.6702464427358,0.273346155654001,0.750771370772349,0.5,0.0117645435176856,0.0117645435176856,0.0150044464418491,0.108464480122948,0.108464480122948,0.122492638316807,0.395592079794367,395.998467927716,3640.61504647629,3380.89420854737,5426.57590444636,3446.94279036181,4265.68924185241,3446.94279036181,3446.94279036259,NA,3841.23778900789,3841.23778900789,4207.3888225278,3855.76649905213,3855.76649905213,4223.52641029038,3427.02435016244,3207.11849711183,1.00145804351062,1.00144038991109,0.999664494036237,1.00189652270489,1.00066187569813,1.00189652270489,1.00189652270489,NA,1.00106634832325,1.00106634832325,1.00070171323205,1.00103123977144,1.00103123977144,1.00069134189101,1.00193340238148,1.00069085285035
"TARGET.30.PASXIE.01A",0.146933024582621,0.559210877488485,0.293856097928893,0.254111148148372,16.0767027400849,0.254111148148372,0.745888851851628,0.5,0.0120738016647452,0.0120738016647452,0.015876244541489,0.10940675727363,0.10940675727363,0.125654680373596,0.35645348775003,190.080716127893,0.000430589735101654,0.00118899589549945,0.000814847525983208,0.000522443481465285,0.053094453293702,0.000522443481465285,0.000522443481465281,NA,6.64543569409616e-05,6.64543569409616e-05,6.40708177167161e-05,0.000278561806972859,0.000278561806972859,0.000240331160478282,0.00117251294943958,0.0415518755026748,0.0203668200588319,0.0466697620424512,0.033413853357489,0.0187112378171313,2.19392078610166,0.0187112378171313,0.0187112378171313,0,0.00238564733847098,0.00238564733847098,0.00244665052080634,0.0101968683736689,0.0101968683736689,0.00933577721940728,0.0408822108500341,1.63982472383709,0.111597905794112,0.449837926319975,0.239344853668034,0.227842646371372,11.2060465040836,0.227842646371372,0.69541837656301,0.5,0.00911593877814202,0.00911593877814202,0.0124619660780604,0.0954774254552947,0.0954774254552947,0.111633176420156,0.304113846716318,186.01336908654,0.133244757463628,0.536272443930735,0.271850992463655,0.241898253096545,14.7576038170533,0.241898253096545,0.738400695790766,0.5,0.0105230171692797,0.0105230171692797,0.0142346302248399,0.10258175846246,0.10258175846246,0.119308969556459,0.330627111708591,189.211660268244,0.1457506993985,0.563902424618994,0.290426794279194,0.250557357724816,16.2497964534816,0.250557357724816,0.749442642275184,0.5,0.0114963908370646,0.0114963908370646,0.0153848081185957,0.107221223779234,0.107221223779234,0.124035511497292,0.347689550170892,190.455434889663,0.159159040788663,0.589773732466051,0.310406230483355,0.261599304209234,17.5628025897669,0.261599304209234,0.758101746903455,0.5,0.0129219331052417,0.0129219331052417,0.0169404195649814,0.113674680249713,0.113674680249713,0.130155366995057,0.370327622337952,191.315326904695,0.190797306851837,0.63383512356077,0.373774398211078,0.30458162343699,20.0610400049768,0.30458162343699,0.772157353628628,0.5,0.0186780487106908,0.0186780487106908,0.0223093847741348,0.136667657879617,0.136667657879617,0.149363264230065,0.469732658731009,192.134545661366,2237.27365192612,1540.6729664588,1681.51374634555,1282.70387743846,1707.43263918952,1282.70387743846,1282.70387743848,NA,1288.74077091744,1288.74077091744,1458.22098852891,1339.95583603067,1339.95583603067,1508.97064780958,1215.71969337019,1557.44815272256,1.00042265365932,1.00140714158414,1.00188715977457,1.00223075897161,1.00093508458763,1.00223075897161,1.00223075897161,NA,1.00164973773157,1.00164973773157,1.00125431430246,1.00159979314689,1.00159979314689,1.00119235656353,1.00222024712552,1.00146117230153
"TARGET.30.PASYPX.01A",0.353602202100464,0.370823363988895,0.275574433910642,0.316523018232559,17.910537774935,0.316523018232559,0.683476981767441,0.5,0.0122183082767128,0.0122183082767128,0.0141117299172363,0.110340423239122,0.110340423239122,0.118628982009217,0.50251710460741,270.050409354445,0.000902853662526195,0.00149844387074005,0.000629890969027212,0.000296056841958078,0.0372730279795537,0.000296056841958078,0.000296056841958076,NA,3.06598103443819e-05,3.06598103443819e-05,2.99755282120245e-05,0.000137491605481146,0.000137491605481146,0.000125160656637024,0.000817433281977723,0.0276879503905767,0.0401673538019879,0.063959712626004,0.0309210812368066,0.0129607620548432,1.85977628346904,0.0129607620548432,0.0129607620548432,0,0.00146776642781945,0.00146776642781945,0.00149395868396963,0.00658062984905912,0.00658062984905912,0.00623693892218418,0.0355607722893521,1.45214955393383,0.278980723295918,0.237860681870878,0.218647822232648,0.291456786587513,14.4108855448553,0.291456786587513,0.658016696034855,0.5,0.00971305915753104,0.00971305915753104,0.0115447415582009,0.0985548534667604,0.0985548534667604,0.107446459013907,0.437230910042877,266.320691240793,0.325976352915507,0.330240106865642,0.254149166503854,0.30762825789668,16.6241676427547,0.30762825789668,0.674774253358642,0.5,0.0111803355594963,0.0111803355594963,0.013056674043382,0.105737105848058,0.105737105848058,0.114265804346869,0.477589220783568,269.346618997893,0.351558739302761,0.374153330863223,0.274538811515106,0.316406703483063,17.8855409092262,0.316406703483063,0.683593296516937,0.5,0.0120740454844042,0.0120740454844042,0.0139777712804139,0.10988196156323,0.10988196156323,0.118227624858305,0.500942566125946,270.37825946893,0.3799255496683,0.415132894768581,0.295614571402925,0.325225746641358,19.1472957964472,0.325225746641358,0.69237174210332,0.5,0.0131296888761879,0.0131296888761879,0.0150383469039115,0.11458485447558,0.11458485447558,0.122630937792645,0.525556469037756,271.111982415772,0.437018471442786,0.489001734788147,0.34129301879741,0.341983303965145,21.6548806267555,0.341983303965145,0.708543213412487,0.5,0.0154314799923974,0.0154314799923974,0.0173479970688807,0.124223508183564,0.124223508183564,0.131711795468543,0.575953700294446,271.836911007109,1979.30041172325,1821.93151562106,2409.78657177539,1916.50903350225,2489.61424137373,1916.50903350225,1916.50903350228,NA,2291.79079957268,2291.79079957268,2483.9536322719,2290.7756581951,2290.7756581951,2483.17493717091,1892.50805252217,2750.68636863441,1.00139396479932,1.00138679441001,1.00085248784161,1.00194110129545,1.00298803119649,1.00194110129545,1.00194110129545,NA,1.00289095298013,1.00289095298013,1.00273173086641,1.00296130702023,1.00296130702023,1.00281143564631,1.00202776395605,1.00135630004887
"TARGET.30.PASZKE.01A",0.137855462252476,0.431785762985249,0.430358774762275,0.323851558954679,17.7081123990228,0.323851558954679,0.676148441045321,0.5,0.0126122533426025,0.0126122533426025,0.014379197794043,0.111961483381781,0.111961483381781,0.119637620732408,0.523922118181492,352.04528284033,0.00057668818542543,0.0016335484690304,0.00112103869169676,0.000406505947923757,0.0540527141671647,0.000406505947923757,0.00040650594792376,NA,4.66247304327503e-05,4.66247304327503e-05,4.48878028879516e-05,0.00020573618969774,0.00020573618969774,0.000185356521529776,0.00117543672535078,0.0300130091336101,0.0257392835129512,0.0664718215418919,0.0483840827908646,0.0166296598726559,2.39804645598656,0.0166296598726559,0.0166296598726559,0,0.00198556859839178,0.00198556859839178,0.00196281232632044,0.00876864828252931,0.00876864828252931,0.00812685395777094,0.0480988597345837,1.45847667909582,0.0928735712705199,0.282504109523893,0.347050938799273,0.2940096250131,13.4222899823369,0.2940096250131,0.642373817627092,0.5,0.00929229979626276,0.00929229979626276,0.0110055970619558,0.0963965756459285,0.0963965756459285,0.104907564335836,0.443389327047385,348.496455808982,0.120038927854422,0.390113825297806,0.396244415892476,0.311953904260282,15.9767071618821,0.311953904260282,0.664734110679968,0.5,0.0111451442867194,0.0111451442867194,0.0129592405450654,0.105570565436243,0.105570565436243,0.113838660140791,0.488960487770781,351.30771847258,0.135704015381827,0.439340358182478,0.425436764738702,0.323354679794325,17.5649082655317,0.323354679794325,0.676645320205675,0.5,0.0124508246579239,0.0124508246579239,0.0142329238133822,0.111583263256054,0.111583263256054,0.119301818080302,0.520232108949282,352.377155616369,0.15438075897646,0.478753963687021,0.460937149846786,0.335265889320032,19.2912539370641,0.335265889320032,0.688046095739718,0.5,0.0138972671174142,0.0138972671174142,0.0156477801438295,0.117886670651971,0.117886670651971,0.1250910873194,0.555137687409016,353.119634067075,0.193251474717417,0.544782731393362,0.537799405314307,0.357626182372908,22.7157144892614,0.357626182372908,0.7059903749869,0.5,0.016931465726577,0.016931465726577,0.0186257337866319,0.130120965730206,0.130120965730206,0.136476128998067,0.628075990744993,353.854681801163,1992.09845602353,1655.81232180783,1862.78967001009,1673.52777395811,1968.24960040361,1673.52777395811,1673.52777395809,NA,1813.58169620684,1813.58169620684,1912.05709361556,1816.5356125136,1816.5356125136,1922.33542556105,1674.44562947416,2361.4562153934,1.00092584028635,1.00032647226641,1.00025427472692,1.00017484487138,1.0006563294838,1.00017484487138,1.00017484487138,NA,1.00068946331617,1.00068946331617,1.00077118794272,1.00064770545473,1.00064770545473,1.00072730653076,1.00024150273227,1.0008798842739
"TARGET.30.PATAYJ.01A",0.380724661851779,0.459040245704434,0.160235092443787,0.32338247555556,18.9873316231518,0.32338247555556,0.67661752444444,0.5,0.0117951286989548,0.0117951286989548,0.0134531284875702,0.108212587860971,0.108212587860971,0.115671058564458,0.522859537183691,359.581850812,0.00110414526512317,0.00162707881779199,0.000577391476535952,0.000443637451105722,0.0617884693286924,0.000443637451105722,0.00044363745110572,NA,4.83803470798411e-05,4.83803470798411e-05,4.6208868544734e-05,0.000217969270034278,0.000217969270034278,0.000195670694008403,0.0013076050603126,0.0310980128378956,0.0453235599360516,0.0651665791837644,0.0273208920580462,0.0174658555543745,2.75306587131839,0.0174658555543745,0.0174658555543745,0,0.00204009189993294,0.00204009189993294,0.00201486760238097,0.00922903972702941,0.00922903972702941,0.00856410334660205,0.05107764255397,1.46558882673857,0.305108496092092,0.308888879430985,0.113255507342578,0.294155685193013,13.940728655317,0.294155685193013,0.639854025246941,0.5,0.00858226059883826,0.00858226059883826,0.0101749073997275,0.0926404911381832,0.0926404911381832,0.100870745864364,0.443743984484676,355.858098717459,0.34839710290111,0.42135665101192,0.141522694429653,0.310026472216311,17.0022770435435,0.310026472216311,0.665102707648429,0.5,0.0102837272684376,0.0102837272684376,0.0119821889222771,0.10140871395169,0.10140871395169,0.109463185235552,0.483861681803417,358.850084123785,0.37570001323986,0.466996350169333,0.157561123710329,0.321925665372296,18.8972497229091,0.321925665372296,0.678074334627704,0.5,0.0115334695253855,0.0115334695253855,0.0132294383403832,0.107393992032514,0.107393992032514,0.115019295512639,0.516203512615721,359.930743701754,0.407710017899876,0.505287052143228,0.176465038273337,0.334897292351571,20.8643013102229,0.334897292351571,0.689973527783689,0.5,0.0130493507033821,0.0130493507033821,0.0147039128558925,0.114233754624408,0.114233754624408,0.121259691801903,0.554020175469777,360.645336349501,0.483530442400053,0.565376445058108,0.221480201444541,0.360145974753059,24.5702484533718,0.360145974753059,0.705844314806987,0.5,0.0163591705488062,0.0163591705488062,0.0179330654954478,0.127902973149592,0.127902973149592,0.133914396145107,0.637004448318706,361.40146008363,1684.98329451956,1604.10453094458,2238.97381160701,1549.97011805737,1985.26429567636,1549.97011805737,1549.97011805738,NA,1778.12178857135,1778.12178857135,1901.26370772883,1792.76139387389,1792.76139387389,1915.63263961193,1525.83827196945,2221.05346904267,1.0011335776405,1.00093926824166,1.00011476591504,1.00037397302846,1.00013494693658,1.00037397302846,1.00037397302846,NA,1.00031868747303,1.00031868747303,1.00026603649541,1.0002698223075,1.0002698223075,1.00023014383571,1.00045181932784,1.00152402963864
"TARGET.30.PATDWN.01A",0.268878314433912,0.47630036623384,0.254821319332248,0.234545823757878,20.9257146683712,0.234545823757878,0.765454176242122,0.5,0.00863180336672757,0.00863180336672757,0.0120199383982296,0.0928263521624978,0.0928263521624978,0.10955145298552,0.316741426573466,132.602335434469,0.000238941108768621,0.000387223590749948,0.00023306131467036,0.000100505698078209,0.0215878629735266,0.000100505698078209,0.000100505698078208,NA,1.00950437746008e-05,1.00950437746008e-05,1.28524601072112e-05,5.35618739430303e-05,5.35618739430303e-05,5.79300654462398e-05,0.000190287797630068,0.0240399342138347,0.0173196005798667,0.0243562321808942,0.0176254547027175,0.00667176640323379,1.62217881223473,0.00667176640323379,0.00667176640323379,0,0.000726928279346428,0.000726928279346428,0.00094685157365611,0.00388247281135372,0.00388247281135372,0.00429183521028518,0.0126031807792387,1.40779441901148,0.236001409986795,0.427140571774449,0.220998737853679,0.221919097827927,17.7586621359861,0.221919097827927,0.751775016232492,0.5,0.00738394684750542,0.00738394684750542,0.0103382791147197,0.0859298949548249,0.0859298949548249,0.101677328417521,0.293348006033829,129.157033607953,0.257154824013607,0.460438788466653,0.242613228778408,0.230093043530354,19.8487453980843,0.230093043530354,0.761205960253403,0.5,0.00812158847715395,0.00812158847715395,0.0113647472039516,0.0901198561753306,0.0901198561753306,0.106605568343405,0.3082654022426,131.886926729278,0.268660768681264,0.476685118135145,0.254402359190035,0.234338066176678,20.8962945743945,0.234338066176678,0.765661933823322,0.5,0.00857520341430028,0.00857520341430028,0.0119638435972664,0.0926023942131083,0.0926023942131083,0.109379356355131,0.316191761713966,132.908608200569,0.28026916741774,0.492676855490507,0.26675597536917,0.238794039746597,21.9978496398585,0.238794039746597,0.769906956469646,0.5,0.00906100437160739,0.00906100437160739,0.0125952545328818,0.095189308018443,0.095189308018443,0.112228581596885,0.324649441284876,133.640480382124,0.304088506572838,0.523484803157026,0.28967674515886,0.248224983767507,24.1819743192683,0.248224983767507,0.778080902172073,0.5,0.0102427124001501,0.0102427124001501,0.0140776370510288,0.101206286364718,0.101206286364718,0.118649218497857,0.343036101430664,134.362039389677,5254.04750453572,3956.36722120982,5719.26573478577,4406.56616376437,5646.48454495478,4406.56616376437,4406.56616376442,NA,5185.2143670643,5185.2143670643,5427.39314196619,5254.18451384037,5254.18451384037,5488.80799004081,4386.70522810076,3429.35092444717,0.999881797089907,1.00026534909655,0.999947911783615,1.00073366841508,0.999858142557733,1.00073366841508,1.00073366841508,NA,0.999933789912897,0.999933789912897,0.999777949009378,0.999960596322851,0.999960596322851,0.999794974745904,1.00071860868103,1.00130080547485
"TARGET.30.PATESI.01A",0.279246998032976,0.411782969708358,0.308970032258666,0.199990697112831,17.165496311303,0.199990697112831,0.800009302887169,0.5,0.00936650784083233,0.00936650784083233,0.0146371094228992,0.0967085951905894,0.0967085951905894,0.120907901660601,0.255515282275279,18.4559327967721,0.000244148660260289,0.000389840207625888,0.000240525108681612,0.000100126468685979,0.0158274981721169,0.000100126468685979,0.000100126468685979,NA,9.87673752677282e-06,9.87673752677282e-06,1.38150325532378e-05,5.05108467848952e-05,5.05108467848952e-05,5.66516379784418e-05,0.000167245214849324,0.0229439592085303,0.016996883949392,0.0237365653253071,0.017895399145784,0.00650992662238121,1.20865528941654,0.00650992662238121,0.00650992662238121,0,0.000727362969884932,0.000727362969884932,0.0010422112233701,0.00373593385183064,0.00373593385183064,0.00428847732994541,0.0108694228894573,1.38513386075465,0.246163306971096,0.363983930313623,0.275280536255974,0.187547155357807,14.8215048168869,0.187547155357807,0.78678854254395,0.5,0.00807846898004641,0.00807846898004641,0.0127605476782082,0.0898803036212002,0.0898803036212002,0.112962594153796,0.235077268895181,14.8933939301471,0.267771961736541,0.395569153394193,0.296502002222872,0.195603504880195,16.3407579625029,0.195603504880195,0.795668545772736,0.5,0.00886136461946673,0.00886136461946673,0.0139232474405523,0.0941348214981653,0.0941348214981653,0.117996811142374,0.248138493281545,17.7525733404474,0.278870525265833,0.412099819746167,0.308717632800088,0.199844931054944,17.168589093452,0.199844931054944,0.800155068945056,0.5,0.00931069748548133,0.00931069748548133,0.0145614761152394,0.096491955538793,0.096491955538793,0.120670941468925,0.25515443041521,18.7803636109863,0.290641887926208,0.427812519666699,0.32100389618136,0.204331454227264,17.9555812050073,0.204331454227264,0.804396495119805,0.5,0.0098224000949596,0.0098224000949596,0.0152991679194859,0.0991080223535597,0.0991080223535597,0.123689805236672,0.262684524657197,19.4850072911392,0.312954261040023,0.457643945790109,0.345195522825127,0.21321145745605,19.5916355883969,0.21321145745605,0.812452844642193,0.5,0.0109417129441496,0.0109417129441496,0.0168673832027406,0.104602643103075,0.104602643103075,0.129874490102285,0.277931469906854,20.1877967256955,4846.51908601011,3707.34066073734,5535.5648109027,4227.21549395405,5831.50120746962,4227.21549395405,4227.21549395405,NA,5423.4463632584,5423.4463632584,5691.25003725076,5470.52563573512,5470.52563573512,5730.35192742895,4223.82163382489,3644.57396485456,1.00093208906081,1.00176587071867,1.00086245640086,1.00128207665871,0.999824466618773,1.00128207665871,1.00128207665871,NA,0.999944214471985,0.999944214471985,0.999879585688358,0.999932687928372,0.999932687928372,0.999864655381714,1.00129569317767,1.00081537733453
"TARGET.30.PATFCY.01A",0.0467467043384512,0.378324313421128,0.574928982240421,0.264886511815682,23.1610672872667,0.264886511815682,0.735113488184318,0.5,0.00845662355372067,0.00845662355372067,0.0108554184053323,0.0918840901451149,0.0918840901451149,0.104114779765089,0.377414609512081,393.5747394891,0.000131214328631098,0.000382043778016917,0.000319879065559094,9.03161266050579e-05,0.0251744406749622,9.03161266050579e-05,9.03161266050581e-05,NA,1.07815488931447e-05,1.07815488931447e-05,1.21879565755754e-05,5.75931876394852e-05,5.75931876394852e-05,5.78784000908372e-05,0.000193464783140168,0.0255500419861559,0.00945566555418511,0.0236479064845309,0.0215974396816451,0.00564760737176289,1.73278212302805,0.00564760737176289,0.00564760737176289,0,0.000692186750130443,0.000692186750130443,0.000826726606360221,0.00373353375963833,0.00373353375963833,0.00394119035598422,0.012042045911002,1.43251851502656,0.029565615734876,0.331301004449107,0.534398075337931,0.254132098915335,19.8202177212922,0.254132098915335,0.723590521434317,0.5,0.00726551106207574,0.00726551106207574,0.00941060636499745,0.0852379672466967,0.0852379672466967,0.0970082798658051,0.354906847151326,389.963618898109,0.0401116092585229,0.36243049081855,0.559941219390677,0.261040627654497,21.985307990618,0.261040627654497,0.731445134798891,0.5,0.00797142312986908,0.00797142312986908,0.0102789027075279,0.0892828266220721,0.0892828266220721,0.101384923453161,0.369157275565742,392.874271620964,0.0462514226437495,0.37842421296872,0.574548560816121,0.264767960506387,23.1242019389331,0.264767960506387,0.735232039493613,0.5,0.00841225141903327,0.00841225141903327,0.010811183913662,0.0917183264953073,0.0917183264953073,0.103976843159726,0.377017834730201,393.89077747826,0.0529027735913761,0.394307686163808,0.589222104604726,0.268554865201109,24.3216622917078,0.268554865201109,0.738959372345503,0.5,0.00888309677015457,0.00888309677015457,0.0113712302832631,0.0942501818034964,0.0942501818034964,0.106635970868895,0.385132625846722,394.625719944343,0.0664588061423695,0.424070365768649,0.61796224976958,0.276409478565683,26.565769576008,0.276409478565683,0.745867901084665,0.5,0.00996048858858951,0.00996048858858951,0.0126133831489296,0.0998022473632835,0.0998022473632835,0.112309319053371,0.402395874383445,395.360232702732,5193.0401502391,3831.41448094894,4558.61486325577,3910.19472484262,4737.70763787565,3910.19472484262,3910.1947248426,NA,4121.77470872765,4121.77470872765,4601.10382038861,4202.40527327599,4202.40527327599,4636.83655535073,3874.33094652632,3143.52740909183,0.99994423147933,0.999991360981668,1.00009526570984,1.00007358024796,1.00077177328505,1.00007358024796,1.00007358024796,NA,1.0009255505103,1.0009255505103,1.00091221331381,1.0008916947572,1.0008916947572,1.00087760434252,1.00008676341141,1.00053948376242
"TARGET.30.PATFXV.01A",0.240170806250983,0.609040395169103,0.150788798579914,0.244801436115262,18.1627652845217,0.244801436115262,0.755198563884738,0.5,0.0102900263384504,0.0102900263384504,0.013912858772227,0.101265693822236,0.101265693822236,0.117790829763939,0.336788659342496,217.353887255011,0.000387944425370519,0.00065089275667542,0.000320895955135854,0.000217516277892806,0.0313147234281064,0.000217516277892806,0.000217516277892805,NA,2.26748006691721e-05,2.26748006691721e-05,2.64042210894888e-05,0.000106736479793365,0.000106736479793365,0.000108731338786564,0.000439041970079316,0.0300633844503684,0.0214412380117755,0.0324628628202996,0.0186274024002876,0.0113525208547168,1.84216538542524,0.0113525208547168,0.0113525208547168,0,0.00123859042318987,0.00123859042318987,0.001482245305565,0.00594053906663122,0.00594053906663122,0.00617931782203622,0.022623539238641,1.5021829033458,0.19879642802732,0.544641154720014,0.115242125298383,0.224322928663478,14.5451878532288,0.224322928663478,0.731056033148992,0.5,0.00842096537806403,0.00842096537806403,0.0115363982978339,0.091765818133849,0.091765818133849,0.107407626813237,0.297688974560362,213.543209500098,0.226145249383853,0.587719046166441,0.138497748208668,0.237324178163456,16.9375934898036,0.237324178163456,0.748574025322464,0.5,0.00943101349627733,0.00943101349627733,0.0128721950453823,0.0971134053353731,0.0971134053353731,0.113455696393616,0.321843721748403,216.590432664311,0.239912661408617,0.609015979670731,0.150181584077434,0.244303019010624,18.2095145952276,0.244303019010624,0.755696980989376,0.5,0.0101130117263127,0.0101130117263127,0.0137290864534048,0.100563471132426,0.100563471132426,0.117171184389816,0.335307511534331,217.704977536406,0.254292300374532,0.630830451718395,0.162826270001576,0.251425974677536,19.4217069593437,0.251425974677536,0.762675821836544,0.5,0.0109297878574429,0.0109297878574429,0.0147600661340835,0.104545625715868,0.104545625715868,0.12149101256131,0.349433704343745,218.467433321442,0.283409655056844,0.673931445840998,0.188983018861718,0.268943966851008,21.6705416683419,0.268943966851008,0.775677071336522,0.5,0.0131402988079353,0.0131402988079353,0.0171878151586104,0.114631142179671,0.114631142179671,0.131102307965931,0.38597392479266,219.200892349091,3054.64457153828,2487.4522685239,3369.58260352684,2723.96228776845,3460.66909402794,2723.96228776845,2723.96228776846,NA,2983.79154898767,2983.79154898767,3151.32682277745,3097.60446400387,3097.60446400387,3229.76999076453,2655.27200953413,2496.72027750977,1.00165933008645,1.00181706881778,1.00065785624926,1.00200491672056,1.00249620182659,1.00200491672056,1.00200491672056,NA,1.00290291570311,1.00290291570311,1.00267688639507,1.00278749421281,1.00278749421281,1.00263011803098,1.0021174834574,1.00137828661039
"TARGET.30.PATGJU.01A",0.166880443796536,0.451595707968253,0.381523848235211,0.323426249341505,24.0599918136186,0.323426249341505,0.676573750658495,0.5,0.00927282495492323,0.00927282495492323,0.0105816600193322,0.0960208256472909,0.0960208256472909,0.102629245879245,0.521814365347563,409.794525615952,0.000536253861856924,0.00125281457833616,0.000780005078965882,0.000306833353520072,0.066495764494365,0.000306833353520072,0.000306833353520069,NA,3.13278027927988e-05,3.13278027927988e-05,3.1082499674833e-05,0.000158756518060299,0.000158756518060299,0.000148144228361662,0.000904912404452702,0.0306128827526242,0.0237724115868008,0.0527677810082781,0.0366026334022277,0.0128643025969127,3.20424242318155,0.0128643025969127,0.0128643025969127,0,0.00142535944366963,0.00142535944366963,0.00145936986932851,0.00726860378689866,0.00726860378689866,0.00699314111057777,0.0375423677732996,1.51547036309671,0.12320099637985,0.331681314192091,0.318481233295391,0.302120005722056,18.0565840094362,0.302120005722056,0.647124068247706,0.5,0.00701414147945234,0.00701414147945234,0.00819960056424382,0.0837504715064784,0.0837504715064784,0.0905516458111063,0.463473670604038,405.891071939722,0.150768668907599,0.421687656144273,0.356511078143719,0.314147812319036,21.8397512506133,0.314147812319036,0.668866356338782,0.5,0.00824810207870975,0.00824810207870975,0.00954206934279568,0.0908190623022018,0.0908190623022018,0.0976835162192891,0.494828215488333,409.047534464121,0.165545993886734,0.456795941953848,0.378303875057126,0.322033913098882,23.9696963216827,0.322033913098882,0.677966086901118,0.5,0.00910197697582652,0.00910197697582652,0.0104298359487148,0.0954042817478584,0.0954042817478584,0.102126568261137,0.516507544663443,410.119048972502,0.181293268082723,0.487256617482902,0.402615939140831,0.331133643661218,26.1997677035015,0.331133643661218,0.685852187680964,0.5,0.0100869549879777,0.0100869549879777,0.0114470168253251,0.100433833879516,0.100433833879516,0.106990732425849,0.542750243623561,410.907300504351,0.218101664050082,0.541423057881304,0.463203982091202,0.352875931752294,30.4892901390339,0.352875931752294,0.697879994277944,0.5,0.0125098560061837,0.0125098560061837,0.0138453652196354,0.11184746758148,0.11184746758148,0.117666330003341,0.61166593318413,411.679349645441,1965.19484453064,1774.04269025716,2202.06332110796,1757.79150299528,2322.00293985643,1757.79150299528,1757.79150299532,NA,2070.08854625677,2070.08854625677,2204.44300737937,2096.22966067331,2096.22966067331,2228.30744341564,1721.1956373037,2450.67905440769,1.0007131473387,1.00149540512152,1.00145165660146,1.00220750393739,1.00102279761314,1.00220750393739,1.00220750393739,NA,1.00132227086119,1.00132227086119,1.00106628611409,1.00129701412938,1.00129701412938,1.00105043307243,1.00223904024891,1.00153224382515
"TARGET.30.PATGLU.01A",0.0785372028548725,0.762904449685008,0.15855834746012,0.263989514762093,20.3520343016962,0.263989514762093,0.736010485237907,0.5,0.00965563055725287,0.00965563055725287,0.0124327763946057,0.0980524156841168,0.0980524156841168,0.111327318433193,0.377574381025601,419.9644159515,0.000355226371960026,0.000853386321196908,0.00056128609217082,0.00054695645293164,0.0472631634344259,0.00054695645293164,0.000546956452931612,NA,4.08330183732555e-05,4.08330183732555e-05,3.70176178096103e-05,0.000180267961740763,0.000180267961740763,0.00015365867597059,0.00170897234680783,0.035734541984963,0.0177062295794426,0.0373752594910215,0.0250440083261968,0.0193360126479678,2.16283470684541,0.0193360126479678,0.0193360126479678,0,0.00135436887818554,0.00135436887818554,0.0014361763145773,0.0064311356462327,0.0064311356462327,0.00624575385844052,0.0518941686364802,1.52449575627606,0.0467641302145161,0.689357061167562,0.114241298737002,0.232463152328161,16.1711666541532,0.232463152328161,0.699598719147603,0.5,0.00783126916583886,0.00783126916583886,0.0101812633999653,0.0884944583893328,0.0884944583893328,0.100902246747366,0.312675396688815,416.388202950058,0.066276355989616,0.739667310073997,0.142551014076683,0.252440171903143,18.9382748606092,0.252440171903143,0.726432957335884,0.5,0.00880499667499909,0.00880499667499909,0.0114750654872482,0.0938349437645626,0.0938349437645626,0.107121732094643,0.35147790797147,419.195363327272,0.0776856584575833,0.76462712536276,0.157435232579106,0.262981541834611,20.3789616657234,0.262981541834611,0.737018458165389,0.5,0.00945462063562309,0.00945462063562309,0.012267553384177,0.0972348735563845,0.0972348735563845,0.110758987817499,0.373235038884446,420.305464413329,0.0896607215577104,0.787508741481927,0.173355016317386,0.273567042664116,21.7863680432358,0.273567042664116,0.747559828096857,0.5,0.0102400118038514,0.0102400118038514,0.0132007800001516,0.101192943447873,0.101192943447873,0.114894647394573,0.396079595711962,421.087095020816,0.115692347125165,0.82935075743482,0.206080525002697,0.300401280852397,24.5549093768118,0.300401280852397,0.767536847671839,0.5,0.0123909492536752,0.0123909492536752,0.0154596143896753,0.111314640541858,0.111314640541858,0.124336697635027,0.459149575907024,421.883401430668,2484.51590589686,1918.12576285829,1990.85264574437,1249.7649541647,2094.11769658059,1249.7649541647,1249.76495416483,NA,1100.14761863835,1100.14761863835,1505.2151668226,1272.73574993888,1272.73574993888,1652.17313659189,922.076697583499,1820.01932524085,1.0000006622658,1.00034524834483,1.00066735865394,1.0020068955524,1.00173273726671,1.0020068955524,1.0020068955524,NA,1.00343223245209,1.00343223245209,1.00268015037433,1.00294439747202,1.00294439747202,1.00239247942444,1.00304160251061,1.0030076009859
"TARGET.30.PATGWT.01A",0.467193755078883,0.447748813311779,0.0850574316093377,0.313578229633809,16.731941398606,0.313578229633809,0.686421770366191,0.5,0.013150286406916,0.013150286406916,0.0152431968656376,0.114273379946407,0.114273379946407,0.123155072297043,0.495778146947344,355.051745159298,0.00121632313285085,0.00146535614394749,0.000353763865752475,0.000433554675990503,0.0537807279821688,0.000433554675990503,0.000433554675990502,NA,5.25139854879137e-05,5.25139854879137e-05,5.00244916133071e-05,0.000225941376583315,0.000225941376583315,0.000200734242705408,0.00120852806931171,0.0306699792679181,0.05229394255353,0.0629668167072648,0.0190390136728734,0.0182272592614852,2.37182589147336,0.0182272592614852,0.0182272592614852,0,0.00221692435261154,0.00221692435261154,0.00216439757085494,0.00958605910196298,0.00958605910196298,0.00871977852154542,0.0503181311603364,1.43685529814676,0.384835207108888,0.300522609856375,0.0512056566956466,0.282294008006997,12.6083966125351,0.282294008006997,0.648092962766016,0.5,0.00948204872436126,0.00948204872436126,0.0115526872552152,0.097375811801742,0.097375811801742,0.107483427764567,0.415731303292786,351.386412543787,0.429010223746028,0.410547024252254,0.0721411438817009,0.300157275397057,15.0205944909722,0.300157275397057,0.674218405699127,0.5,0.0115079904708197,0.0115079904708197,0.0136710033125623,0.107275302229308,0.107275302229308,0.116923065783858,0.458538709109272,354.340254221267,0.460541585879857,0.456295969179145,0.0836502065034999,0.311881774251031,16.5475977381386,0.311881774251031,0.688118225748969,0.5,0.0129721931553001,0.0129721931553001,0.015107933125418,0.11389553612015,0.11389553612015,0.122914332464545,0.488768736611799,355.372922532356,0.499513135061493,0.493126452582077,0.0965609177228318,0.325781594300873,18.2868802167377,0.325781594300873,0.699842724602943,0.5,0.0145584976127989,0.0145584976127989,0.0166438152732117,0.120658599413418,0.120658599413418,0.129010911450101,0.527149190607103,356.106008742704,0.588368340397452,0.548618806662667,0.126714082391888,0.351907037233984,21.639986909219,0.351907037233984,0.717705991993003,0.5,0.0179293195330125,0.0179293195330125,0.0198280565001571,0.133900408639775,0.133900408639775,0.140812131906423,0.608383956048347,356.84470024753,1848.43778616863,1846.44806589602,2896.42274660867,1767.48197213535,1944.96709390461,1767.48197213535,1767.48197213536,NA,1782.1809147595,1782.1809147595,1872.01234462858,1800.06697287329,1800.06697287329,1886.98296941927,1733.54660602968,2194.82097834618,1.0003269013168,1.00056503721532,1.00059441945663,1.00066066063164,1.00080979221537,1.00066066063164,1.00066066063164,NA,1.00066094827903,1.00066094827903,1.00062520633378,1.00069569686268,1.00069569686268,1.00066340738811,1.00069187584407,1.00178687793011
"TARGET.30.PATHKB.01A",0.0849607026046855,0.471220430158958,0.443818867236357,0.266184113080538,19.0079038921906,0.266184113080538,0.733815886919462,0.5,0.0103940630652374,0.0103940630652374,0.0132939449048201,0.101777911096274,0.101777911096274,0.115143390182977,0.380433905709776,284.887249812103,0.000233212972652019,0.000568463290880978,0.000446867091596707,0.000171015970443774,0.0339668409759016,0.000171015970443774,0.000171015970443777,NA,2.2916749250164e-05,2.2916749250164e-05,2.49731983240091e-05,0.00011006004361859,0.00011006004361859,0.00010657933523279,0.000372103569311235,0.0282054678674288,0.0138771743132731,0.0312386978686982,0.0260170218340277,0.00925700417441875,1.94795328965475,0.00925700417441875,0.00925700417441875,0,0.00122728602832169,0.00122728602832169,0.00139538887151615,0.00594342440459315,0.00594342440459315,0.00599575646835046,0.0199907800759302,1.45293056127685,0.0590657377129278,0.405937232703201,0.393893628720183,0.249800427484808,15.2285722012848,0.249800427484808,0.713896330547887,0.5,0.00836523145087152,0.00836523145087152,0.0109285881309361,0.0914616392310137,0.0914616392310137,0.104539887701407,0.346174604511006,281.367205518727,0.0756948833930473,0.45138395986385,0.426617552588222,0.25964975904795,17.6766474660566,0.25964975904795,0.728068591584185,0.5,0.0095249819120594,0.0095249819120594,0.0123075522656469,0.0975960138111468,0.0975960138111468,0.110939408082042,0.366255450789317,284.136487332038,0.0844983009989793,0.471814614676323,0.443021003981568,0.265669298039701,18.9880358051149,0.265669298039701,0.734330701960299,0.5,0.0102663811492434,0.0102663811492434,0.0131661854226223,0.10132315208873,0.10132315208873,0.114743999493244,0.378937362271584,285.217269648018,0.0938400803827926,0.492261939317219,0.460310310442992,0.271931408415815,20.3127311270588,0.271931408415815,0.74035024095205,0.5,0.0111258804812912,0.0111258804812912,0.0141429533218939,0.105479289345925,0.105479289345925,0.118924149447847,0.392480837220343,285.966817346992,0.113644933928056,0.53116453629073,0.498538816137574,0.286103669452113,22.8757821182951,0.286103669452113,0.750199572515192,0.5,0.013200540734002,0.013200540734002,0.0164165094945477,0.114893606148078,0.114893606148078,0.128126927272921,0.424558318853472,286.715507826422,3540.7615269721,3019.81957334087,3389.67777792735,2929.99973313033,3288.8704086058,2929.99973313033,2929.99973313025,NA,2868.0423152764,2868.0423152764,3122.06670574545,2916.1786444283,2916.1786444283,3164.76855729379,2886.23581155433,2653.52449849146,1.00000431484731,1.0011325372648,1.00102581154301,1.00088234844075,1.00071593322971,1.00088234844075,1.00088234844075,NA,1.00112296032851,1.00112296032851,1.00097170995536,1.0010344822905,1.0010344822905,1.00090664112255,1.00094750938711,1.00225282986902
"TARGET.30.PATHVK.01A",0.178459027130867,0.435754515038418,0.385786457830715,0.270842360046955,20.3130049316272,0.270842360046955,0.729157639953045,0.5,0.00981901647035383,0.00981901647035383,0.0124236103899461,0.0989447273708758,0.0989447273708758,0.111328607649337,0.390485889758969,224.5189669759,0.000334566085249623,0.000693314707892253,0.000414237812214535,0.000180712748053869,0.0317887467091845,0.000180712748053869,0.000180712748053868,NA,1.9226561032386e-05,1.9226561032386e-05,2.05786111501084e-05,9.49397668249381e-05,9.49397668249381e-05,9.07326553206016e-05,0.000402042209591667,0.0273396172098471,0.0182306073782374,0.0339430781459348,0.0241369948675101,0.00895267660104931,1.947331688051,0.00895267660104931,0.00895267660104931,0,0.00108037079970747,0.00108037079970747,0.00122366604935596,0.00538154401486127,0.00538154401486127,0.00543646973747386,0.0197453923178456,1.42983877810105,0.143954056121843,0.364459124241346,0.341409099205723,0.254789155926741,16.53470196975,0.254789155926741,0.70957350264684,0.5,0.00805741728457757,0.00805741728457757,0.0103795540161443,0.0897631175769543,0.0897631175769543,0.101880096267775,0.356244834959761,220.942353868737,0.166009327703198,0.414664178655446,0.369228256035848,0.264670031810464,18.9880113369547,0.264670031810464,0.723600189618922,0.5,0.00904743476229173,0.00904743476229173,0.0115556894787608,0.0951180044065759,0.0951180044065759,0.107497392890583,0.376809724596075,223.773207419521,0.177848772644629,0.437002709471885,0.384430726359212,0.270247167736129,20.327906848928,0.270247167736129,0.729752832263871,0.5,0.00968976917548143,0.00968976917548143,0.0122983641089616,0.0984366251524163,0.0984366251524163,0.110897989652415,0.388802004836241,224.849793297354,0.190459941451481,0.458611475010752,0.400813129121468,0.276399810381078,21.6343646566272,0.276399810381078,0.735329968189536,0.5,0.0104579373441206,0.0104579373441206,0.0131662023778789,0.10226405694681,0.10226405694681,0.114744073388,0.40237425456538,225.588138575048,0.216117814950101,0.497208918557299,0.436694095320261,0.290426497353159,24.0858132893029,0.290426497353159,0.745210844073259,0.5,0.012204880220622,0.012204880220622,0.0151197161259749,0.110475699654835,0.110475699654835,0.122962254882628,0.434766786318374,226.305308274415,2969.19312737119,2396.85422445817,3395.21215804138,2454.30319676461,3752.60670421692,2454.30319676461,2454.30319676463,NA,3157.49341348903,3157.49341348903,3535.84891533986,3213.04991073729,3213.04991073729,3590.10134139411,2412.06069504586,2735.20123113514,1.00125441036015,1.00097121615725,1.00008727099264,1.00163092616318,1.00079940802546,1.00163092616318,1.00163092616318,NA,1.00105153051712,1.00105153051712,1.00081601987923,1.00104087229242,1.00104087229242,1.00081076740409,1.00166207532827,1.00205042801678
"TARGET.30.PATNKP.01A",0.104224727806466,0.36589698865285,0.529878283540684,0.228713922511108,18.8999632336994,0.228713922511108,0.771286077488892,0.5,0.00938178686958929,0.00938178686958929,0.0132949659407078,0.0967872263972876,0.0967872263972876,0.115230134667085,0.305835985886059,203.261657270354,0.000173261853563583,0.000361280396198172,0.00028365976494431,9.26018570143105e-05,0.0173059661807398,9.26018570143105e-05,9.26018570143106e-05,NA,9.96492066904172e-06,9.96492066904172e-06,1.24416539377288e-05,5.09471886081869e-05,5.09471886081869e-05,5.35325509780949e-05,0.000171371720672472,0.0254959847811538,0.0122644137460832,0.0235775109898059,0.0207596069240733,0.00590822274114095,1.34202357329841,0.00590822274114095,0.00590822274114095,0,0.000729362229281927,0.000729362229281927,0.00095451407391789,0.00374451980740684,0.00374451980740684,0.00412118045338828,0.0109124130498708,1.41111237191587,0.0812418946060204,0.318110759060338,0.48897301734376,0.217514260705411,16.3325200681883,0.217514260705411,0.759158201758469,0.5,0.00810646422266156,0.00810646422266156,0.011600882318084,0.090035905183034,0.090035905183034,0.107707392111373,0.285490014745276,199.679933435619,0.0958068321978581,0.350202464798985,0.51578418249032,0.224706090574626,17.9842202897505,0.224706090574626,0.767509928100276,0.5,0.00886939907227564,0.00886939907227564,0.0126329497886631,0.09417748707552,0.09417748707552,0.112396395794509,0.298384404969732,202.546258021546,0.103896631951953,0.366058462816882,0.52992406987362,0.228634463340731,18.8888109998332,0.228634463340731,0.771365536659269,0.5,0.00933091475678803,0.00933091475678803,0.0132353487251139,0.0965966601738673,0.0965966601738673,0.115044985624597,0.305570671329001,203.59119541287,0.112316784420773,0.381680342237193,0.543934532740529,0.232490071899724,19.7895190170733,0.232490071899724,0.775293909425375,0.5,0.00985266768197937,0.00985266768197937,0.0139010752746336,0.0992606048839834,0.0992606048839834,0.11790282131733,0.312725709190826,204.298126309051,0.129393900940632,0.412106210445123,0.570950673800178,0.240841798241531,21.5500850171391,0.240841798241531,0.782485739294589,0.5,0.0109531386464156,0.0109531386464156,0.015306884633736,0.104657243640378,0.104657243640378,0.123720995092443,0.328584702812442,205.023188335356,5010.57623334054,4258.99488884943,5356.02721056999,4070.74902816607,6013.51761727504,4070.74902816607,4070.74902816606,NA,5357.21217513081,5357.21217513081,5885.83980644725,5401.96563813246,5401.96563813246,5926.62411971916,4054.74248805284,3063.23007040867,1.0003473335847,0.999917899623407,0.999735567721353,1.00057272928328,1.00038850038139,1.00057272928328,1.00057272928328,NA,1.00048795081767,1.00048795081767,1.00039684506324,1.00048770461502,1.00048770461502,1.00039354151259,1.00059925094922,0.999914293698761
"TARGET.30.PATYIL.01A",0.148140999472475,0.42916516219076,0.422693838336765,0.269420047966135,24.0495271969804,0.269420047966135,0.730579952033865,0.5,0.00824857826493629,0.00824857826493629,0.0104743144398717,0.0907213972179217,0.0907213972179217,0.102246017815379,0.387221769194064,274.028036165328,0.000238075336862991,0.000469966152963969,0.000323673300628089,0.000114996561814107,0.0306064247202431,0.000114996561814107,0.000114996561814107,NA,1.23038774473003e-05,1.23038774473003e-05,1.40005056062124e-05,6.6512305847253e-05,6.6512305847253e-05,6.73997324241085e-05,0.00025245672202035,0.025037166854666,0.0153178801916787,0.0276234439487644,0.0221618557885364,0.00676273752440122,2.0734802779345,0.00676273752440122,0.00676273752440122,0,0.000783181773822167,0.000783181773822167,0.000924734239376998,0.00426715688050368,0.00426715688050368,0.00447982023831323,0.0147448254204166,1.4597251259489,0.118913790648237,0.372725207753698,0.380566172064533,0.256879792826477,20.030595470524,0.256879792826477,0.716362792168243,0.5,0.00693287630101414,0.00693287630101414,0.00890124803611821,0.0832638955431082,0.0832638955431082,0.0943464256643702,0.360526048838515,270.34807902531,0.137785689861439,0.411248778746546,0.407605034080444,0.264837877665948,22.6457603261912,0.264837877665948,0.726312531522177,0.5,0.00769631522204575,0.00769631522204575,0.00981756722510416,0.0877286453799059,0.0877286453799059,0.0990836375194511,0.377166469935476,273.31598040423,0.147685092238492,0.429989510769135,0.422100668341081,0.269199065869018,24.049601304373,0.269199065869018,0.730800934130982,0.5,0.00817539447271498,0.00817539447271498,0.0103951827293782,0.0904178880128884,0.0904178880128884,0.101956768917278,0.386526258221075,274.359304330902,0.158219023838067,0.44771752937059,0.437408022807225,0.273687468477823,25.4645569896833,0.273687468477823,0.735162122334052,0.5,0.00872057103629893,0.00872057103629893,0.0110395940079269,0.0933839977525939,0.0933839977525939,0.105069472292884,0.39634558581284,275.086955091745,0.178803263352684,0.481372512441905,0.467168119978563,0.283637207831757,28.0859491881394,0.283637207831757,0.743120207173523,0.5,0.00998250538520834,0.00998250538520834,0.0124809070470838,0.0999124886322798,0.0999124886322798,0.111717979954079,0.418825753207166,275.840855607864,4139.6966865409,3454.79660561483,4688.11758595615,3458.40103039382,4589.59767228064,3458.40103039382,3458.40103039382,NA,4051.73609794718,4051.73609794718,4362.61046427663,4115.97957772759,4115.97957772759,4417.78758144425,3411.18593162729,3399.16150516334,1.00022425592215,1.00185322987258,1.00138455552636,1.00164693560138,1.00030908350763,1.00164693560138,1.00164693560138,NA,1.00081383383086,1.00081383383086,1.00045545508556,1.00076144063002,1.00076144063002,1.00042080964834,1.00168675677235,1.00044240653368
"TARGET.30.PAUDDK.01A",0.400864701739451,0.394251142738586,0.204884155521963,0.328906405122124,20.9504502766768,0.328906405122124,0.671093594877876,0.5,0.0106888353606916,0.0106888353606916,0.0120969362680015,0.103163911622686,0.103163911622686,0.109797073094527,0.537667974281547,365.792267847128,0.000987060297963494,0.00155109846627843,0.000603335252960093,0.000323299809540417,0.0498719069365786,0.000323299809540417,0.000323299809540422,NA,3.05026583012402e-05,3.05026583012402e-05,2.93615248289776e-05,0.000146137027609583,0.000146137027609583,0.00013239926332829,0.000963214701081572,0.0288949185624609,0.040347813499233,0.0616008304343871,0.0284453659305761,0.0129915993756876,2.43669446955284,0.0129915993756876,0.0129915993756876,0,0.00141663274606561,0.00141663274606561,0.00142951263650401,0.00678590122644987,0.00678590122644987,0.00644547910567453,0.0385438871475119,1.46085864463891,0.32879572331617,0.260246394289954,0.153722474421029,0.305409218880757,16.4769111152451,0.305409218880757,0.644351708419957,0.5,0.00830767131247367,0.00830767131247367,0.00964952248795075,0.0911464278632234,0.0911464278632234,0.0982319829726526,0.471854651653766,362.111582162034,0.372973927320681,0.355673832974769,0.185158463537918,0.319557827261375,19.2377471559681,0.319557827261375,0.662457298086163,0.5,0.00966778995250998,0.00966778995250998,0.0110805242448384,0.0983249202984416,0.0983249202984416,0.105264069083983,0.509598872309501,365.097568324461,0.397660041350414,0.399504515372855,0.203014530224908,0.328299675480268,20.8741736634153,0.328299675480268,0.671700324519732,0.5,0.0105565470915582,0.0105565470915582,0.0119765219952841,0.102745058698716,0.102745058698716,0.109437297093473,0.534428720240817,366.11513335374,0.427063864047776,0.437768098183074,0.222593653265723,0.337542701913837,22.5621094184713,0.337542701913837,0.680442172738625,0.5,0.0115819238611425,0.0115819238611425,0.0129952847532671,0.107619347040998,0.107619347040998,0.113996862778478,0.562096456140493,366.861395839792,0.486412383110256,0.502813174832993,0.266432855299838,0.355648291580043,25.9080178596332,0.355648291580043,0.694590781119243,0.5,0.0137841301038845,0.0137841301038845,0.0151727467878346,0.11740583504379,0.11740583504379,0.123177704089828,0.621177678568313,367.587191389103,1670.90839773007,1577.22770430565,2222.82691207447,1614.7836440496,2387.20769749759,1614.7836440496,1614.78364404956,NA,2156.9455087525,2156.9455087525,2370.38442847144,2156.2272410649,2156.2272410649,2369.95048467445,1601.27092260948,2556.07410196419,1.0030690954528,1.0034661836127,1.00221748237036,1.00384474966432,1.00168590920649,1.00384474966432,1.00384474966432,NA,1.00230490890877,1.00230490890877,1.00187174193386,1.00223559351172,1.00223559351172,1.00182141570115,1.00398417264594,1.00069608431417
