"Tumor","psi_1_mean","psi_1_lower","psi_1_upper","psi_2_mean","psi_2_lower","psi_2_upper","psi_3_mean","psi_3_lower","psi_3_upper","X_mean","X_lower","X_upper","N_mean","N_lower","N_upper","phi_mean","phi_lower","phi_upper"
"TARGET.30.PAIFXV.01A",0.201507155727852,0.131898764967481,0.279803935822077,0.446210820071507,0.286298881736385,0.581713151939174,0.352282024200641,0.269169002402031,0.44916196238483,0.353410195080577,0.324743468943746,0.387828235287536,21.448723054393,15.238488770777,27.568240284941,0.616800931596877,0.524178653202991,0.74728839421487
"TARGET.30.PAISNS.01A",0.228089534818087,0.195806291420299,0.261293359571441,0.42973371573531,0.379990177991768,0.479071794094395,0.342176749446602,0.30457281374233,0.380124452674805,0.238431661264478,0.226149285010468,0.251849705085139,21.1247157102938,17.9413020316827,24.3220745853634,0.32411603637819,0.301012488418882,0.350286753970932
"TARGET.30.PAITCI.01A",0.220535886294529,0.185237483035283,0.26056067846809,0.351631978837046,0.272065206959676,0.415430537434493,0.427832134868424,0.379478204163583,0.484739093454561,0.286812933857829,0.272238510034774,0.30483865834031,22.4445295302595,18.275027629416,26.8238095936164,0.426598762589389,0.393154556908067,0.470390744420313
